burst	prev_shape	next_shape	n
1	head(94) delay(xx) eff(85) timer(xx)	head(94) delay(xx) eff(85) timer(xx)	299
1	head(91) delay(xx) reset	head(91) delay(xx) reset	170
1	head(92) delay(xx) eff(85)	head(92) delay(xx) eff(85)	164
1	head(96) delay(xx) reset colB(07) timer(xx) eff(strobe flashes into running program)	head(96) delay(xx) reset colB(07) timer(xx) eff(strobe flashes into running program)	84
1	head(98) delay(xx) reset paletteB delay(xx) eff(85) timer(xx)	head(98) delay(xx) reset paletteB delay(xx) eff(85) timer(xx)	62
1	head(91) op(0X9E) reset	head(91) op(0X9F) reset	58
1	head(97) delay(xx) reset colB(07) delay(xx) eff(85) timer(xx)	head(97) delay(xx) reset colB(07) delay(xx) eff(85) timer(xx)	57
1	head(91) op(0X9D) reset	head(91) op(0X9E) reset	55
1	head(91) op(0X9F) reset	head(91) op(0X90) reset	54
1	head(91) op(0X90) reset	head(91) op(0X91) reset	51
1	head(9A) op(0X93) op(0X00) op(0X00) D2(xx,xx,xx,xx) op(0X02) immediate colB(06)	head(9E) op(0X91) op(0X90) stop op(0X29) op(0X02) op(0X15) op(0X19) eff(hard color transitions) D0(xx,xx) D0(xx,xx)	50
1	head(91) op(0X92) reset	head(91) op(0X93) reset	48
1	head(91) op(0X91) reset	head(91) op(0X92) reset	45
1	head(91) op(0X9F) reset	head(91) op(0X9D) reset	42
1	head(91) op(0X91) reset	head(91) op(0X9F) reset	42
1	head(96) delay(xx) reset op(0X29) op(0X03) op(0X15) op(0X0D) op(0X19)	head(96) delay(xx) reset op(0X29) op(0X03) op(0X15) op(0X0D) op(0X19)	40
1	head(91) op(0X9A) reset	head(91) op(0X9B) reset	39
1	head(9C) delay(xx) reset eff(hard color transitions) D0(xx,xx) D0(xx,xx) delay(xx) eff(85)	head(9C) delay(xx) reset eff(hard color transitions) D0(xx,xx) D0(xx,xx) delay(xx) eff(85)	34
1	head(91) op(0X99) reset	head(91) op(0X9A) reset	33
1	head(94) delay(xx) eff(85) timer(xx)	head(94) immediate eff(85) timer(xx)	32
1	head(9B) delay(xx) reset eff(color rotation) D0(xx,xx) colB(02) colL(02) delay(xx) eff(85)	head(9B) delay(xx) reset eff(color rotation) D0(xx,xx) colB(02) colL(02) delay(xx) eff(85)	32
1	head(99) delay(xx) reset D2(xx,xx,xx,xx) op(0X02) immediate colB(06)	head(99) delay(xx) reset D2(xx,xx,xx,xx) op(0X02) immediate colB(06)	32
1	head(94) immediate eff(85) timer(xx)	head(94) delay(xx) eff(85) timer(xx)	31
1	head(9A) delay(xx) op(0X29) op(0X03) op(0X16) op(0X19) op(0X04) op(0X29) op(0X13) op(0X15) op(0X13) op(0X04)	head(9A) delay(xx) op(0X29) op(0X03) op(0X16) op(0X19) op(0X04) op(0X29) op(0X13) op(0X15) op(0X13) op(0X04)	31
1	head(97) delay(xx) reset colB(06) delay(xx) eff(85) timer(xx)	head(97) delay(xx) reset colB(06) delay(xx) eff(85) timer(xx)	30
1	head(9C) delay(xx) colB(07) timer(xx) eff(strobe flashes into running program) ?four-arg group-select timer eff(1C)	head(9C) delay(xx) colB(07) timer(xx) eff(strobe flashes into running program) ?four-arg group-select timer eff(1C)	30
1	head(91) op(0X9B) reset	head(91) op(0X9C) reset	30
1	head(96) delay(xx) stop delay(xx) eff(85) timer(xx)	head(96) delay(xx) stop delay(xx) eff(85) timer(xx)	29
1	head(9A) delay(xx) reset D1(xx,xx,xx) D2(xx,xx,xx,xx)	head(9A) delay(xx) reset D1(xx,xx,xx) D2(xx,xx,xx,xx)	26
1	head(95) delay(xx) op(0X97) op(0X71) D0(xx,xx)	head(95) delay(xx) op(0X97) op(0X71) D0(xx,xx)	26
1	head(91) op(0X94) reset	head(91) op(0X95) reset	25
1	head(91) op(0X95) reset	head(91) op(0X96) reset	25
1	head(9C) delay(xx) reset D1(xx,xx,xx) D0(xx,xx) D1(xx,xx,xx)	head(9C) delay(xx) reset D1(xx,xx,xx) D0(xx,xx) D1(xx,xx,xx)	24
1	head(91) op(0X98) reset	head(91) op(0X99) reset	24
1	head(94) delay(xx) op(0X97) op(0X0A) op(0X00) op(0X11)	head(94) delay(xx) op(0X97) op(0X0A) op(0X00) op(0X11)	24
1	head(97) delay(xx) reset colB(01) eff(86) delay(xx) eff(85)	head(97) delay(xx) reset colB(01) eff(86) delay(xx) eff(85)	24
1	head(91) delay(xx) reset	head(91) immediate reset	23
1	head(9E) delay(xx) reset paletteB ?four-arg group-select timer eff(1C) D1(xx,xx,xx)	head(9E) delay(xx) reset paletteB ?four-arg group-select timer eff(1C) D1(xx,xx,xx)	23
1	head(98) delay(xx) reset eff(color sequence) D0(xx,xx) delay(xx) reset	head(98) delay(xx) reset eff(color sequence) D0(xx,xx) delay(xx) reset	22
1	head(9C) delay(xx) reset op(0X0D) eff(crossfading transitions) D0(xx,xx) delay(xx) eff(85) timer(xx)	head(9C) delay(xx) reset op(0X0D) eff(crossfading transitions) D0(xx,xx) delay(xx) eff(85) timer(xx)	22
1	head(99) delay(xx) reset colB(04) timer(xx) eff(strobe flashes into running program) delay(xx) eff(85)	head(99) delay(xx) reset colB(04) timer(xx) eff(strobe flashes into running program) delay(xx) eff(85)	22
1	head(97) delay(xx) reset colB(03) delay(xx) eff(85) timer(xx)	head(97) delay(xx) reset colB(03) delay(xx) eff(85) timer(xx)	21
1	head(98) delay(xx) reset op(0X0D) op(0X29) op(0X04) op(0X19) op(0X12) op(0X19) op(0X12)	head(98) delay(xx) reset op(0X0D) op(0X29) op(0X04) op(0X19) op(0X12) op(0X19) op(0X12)	20
1	head(9A) delay(xx) reset op(0X0D) colB(06) D1(xx,xx,xx) D0(xx,xx)	head(9A) delay(xx) reset op(0X0D) colB(06) D1(xx,xx,xx) D0(xx,xx)	20
1	head(9D) delay(xx) reset op(0X0D) colB(02) D0(xx,xx) D1(xx,xx,xx) D0(xx,xx)	head(9D) delay(xx) reset op(0X0D) colB(02) D0(xx,xx) D1(xx,xx,xx) D0(xx,xx)	20
1	head(9B) delay(xx) reset eff(color sequence 0x88) D0(xx,xx) D0(xx,xx) op(0X76) op(0X72)	head(9B) delay(xx) reset eff(color sequence 0x88) D0(xx,xx) D0(xx,xx) op(0X76) op(0X72)	19
1	head(9A) delay(xx) reset eff(crossfading transitions) D0(xx,xx) D0(xx,xx) op(0X72)	head(9A) delay(xx) reset eff(crossfading transitions) D0(xx,xx) D0(xx,xx) op(0X72)	19
1	head(91) op(0X93) reset	head(91) op(0X94) reset	18
1	head(98) delay(xx) colB(04) paletteL op(0X0D) timer(xx) eff(04)	head(98) delay(xx) colB(04) paletteL op(0X0D) timer(xx) eff(04)	18
1	head(9D) delay(xx) reset op(0X29) op(0X02) op(0X15) op(0X1D) eff(hard color transitions) D0(xx,xx) D0(xx,xx)	head(9D) delay(xx) reset op(0X29) op(0X02) op(0X15) op(0X1D) eff(hard color transitions) D0(xx,xx) D0(xx,xx)	18
1	head(91) op(0X9C) reset	head(91) op(0X9A) reset	18
1	head(9B) delay(xx) reset colB(07) delay(xx) eff(85) op(0X29) op(0X04) op(0X08) op(0X02) op(0X19) op(0X1D)	head(9B) delay(xx) reset colB(07) delay(xx) eff(85) op(0X29) op(0X04) op(0X08) op(0X02) op(0X19) op(0X1D)	18
1	head(9C) delay(xx) reset op(0X09) op(0X00) op(0X11) op(0X15) group-pick op(0X95) op(0X02) op(0X29) op(0X02) op(0X15) op(0X12)	head(9C) delay(xx) reset op(0X09) op(0X00) op(0X11) op(0X15) group-pick op(0X95) op(0X02) op(0X29) op(0X02) op(0X15) op(0X12)	18
1	head(9B) delay(xx) ?group range bound 0x46 group-pick op(0XEC) op(0XA9) eff(crossfading transitions) D0(xx,xx) op(0X0D)	head(9B) delay(xx) ?group range bound 0x46 group-pick op(0XEC) op(0XA9) eff(crossfading transitions) D0(xx,xx) op(0X0D)	18
1	head(9F) delay(xx) group-close colB(01) colL(01) timer(xx) eff(04) D1(xx,xx,xx) D0(xx,xx) op(0X72)	head(9F) delay(xx) group-close colB(01) colL(01) timer(xx) eff(04) D1(xx,xx,xx) D0(xx,xx) op(0X72)	18
1	head(9C) delay(xx) eff(85) timer(xx) D2(xx,xx,xx,xx) op(0X02) immediate colB(06)	head(9C) delay(xx) eff(85) timer(xx) D2(xx,xx,xx,xx) op(0X02) immediate colB(06)	18
1	head(9C) delay(xx) ?group range bound 0x46 group-pick op(0XEC) ?group range bound 0x48 op(0X86) timer(xx) colB(04) delay(xx) stop	head(9C) delay(xx) ?group range bound 0x46 group-pick op(0XEC) ?group range bound 0x48 op(0X86) timer(xx) colB(04) delay(xx) stop	17
1	head(9C) delay(xx) group-close op(0X0D) ?left ear off timer(xx) eff(04) ?timer 200 ms granularity (0x02,0x14) eff(flashing sequence)	head(9C) delay(xx) group-close op(0X0D) ?left ear off timer(xx) eff(04) ?timer 200 ms granularity (0x02,0x14) eff(flashing sequence)	17
1	head(94) delay(xx) reset colB(01) eff(86)	head(94) delay(xx) reset colB(01) eff(86)	17
1	head(9D) delay(xx) group-close D0(xx,xx) colB(02) colL(02) timer(xx) eff(04) D0(xx,xx)	head(9D) delay(xx) group-close D0(xx,xx) colB(02) colL(02) timer(xx) eff(04) D0(xx,xx)	17
1	head(9D) delay(xx) reset op(0X29) op(0X11) op(0X1D) eff(color sequence 0x88) D0(xx,xx) D0(xx,xx) op(0X76)	head(9D) delay(xx) reset op(0X29) op(0X11) op(0X1D) eff(color sequence 0x88) D0(xx,xx) D0(xx,xx) op(0X76)	17
1	head(9E) delay(xx) reset eff(crossfading transitions) D0(xx,xx) D2(xx,xx,xx,xx) D0(xx,xx)	head(9E) delay(xx) reset eff(crossfading transitions) D0(xx,xx) D2(xx,xx,xx,xx) D0(xx,xx)	17
1	head(98) delay(xx) D2(xx,xx,xx,xx) op(0X02) immediate colB(06)	head(98) delay(xx) D2(xx,xx,xx,xx) op(0X02) immediate colB(06)	17
1	head(9B) delay(xx) group-close group-pick ?group range bound 0x40 op(0X0D) colB(01) ?timer 200 ms granularity (0x06,0x03) eff(flashing sequence)	head(9B) delay(xx) group-close group-pick ?group range bound 0x40 op(0X0D) colB(01) ?timer 200 ms granularity (0x06,0x03) eff(flashing sequence)	17
1	head(9B) delay(xx) group-pick ?group range bound 0x40 reset op(0X0D) colB(06) ?timer 200 ms granularity (0x02,0x07) eff(flashing sequence)	head(9B) delay(xx) group-pick ?group range bound 0x40 reset op(0X0D) colB(06) ?timer 200 ms granularity (0x02,0x07) eff(flashing sequence)	16
0	head(9A) op(0X93) op(0X00) op(0X00) D2(xx,xx,xx,xx) op(0X02) immediate colB(06)	head(9F) op(0X91) op(0X90) stop eff(color sequence 0x87) op(0X29) op(0X02) op(0X04) op(0X16) D1(xx,xx,xx) D0(xx,xx)	16
1	head(9A) delay(xx) reset op(0X29) op(0X04) op(0X19) op(0X1D) op(0X15) op(0X12) D0(xx,xx)	head(9A) delay(xx) reset op(0X29) op(0X04) op(0X19) op(0X1D) op(0X15) op(0X12) D0(xx,xx)	15
1	head(95) delay(xx) colB(07) timer(xx) eff(strobe flashes into running program)	head(95) delay(xx) colB(07) timer(xx) eff(strobe flashes into running program)	15
1	head(9D) delay(xx) reset op(0X29) op(0X02) op(0X19) op(0X1D) eff(hard color transitions) D0(xx,xx) D0(xx,xx)	head(9D) delay(xx) reset op(0X29) op(0X02) op(0X19) op(0X1D) eff(hard color transitions) D0(xx,xx) D0(xx,xx)	15
1	head(9F) delay(xx) colL(01) ?timer 200 ms granularity (0x06,0x05) eff(flashing sequence) D0(xx,xx) D0(xx,xx) D0(xx,xx)	head(9F) delay(xx) colL(01) ?timer 200 ms granularity (0x06,0x05) eff(flashing sequence) D0(xx,xx) D0(xx,xx) D0(xx,xx)	15
1	head(9F) delay(xx) eff(crossfading transitions) D0(xx,xx) ?four-arg group-select timer eff(1C) D0(xx,xx)	head(9F) delay(xx) eff(crossfading transitions) D0(xx,xx) ?four-arg group-select timer eff(1C) D0(xx,xx)	15
1	head(9D) delay(xx) reset eff(color rotation) D0(xx,xx) paletteB paletteL delay(xx) eff(85)	head(9D) delay(xx) reset eff(color rotation) D0(xx,xx) paletteB paletteL delay(xx) eff(85)	15
1	head(9E) delay(xx) reset colB(07) colL(07) ?fractional period (0x05,0x08,0x55, period=250.0s) eff(color sequence 0x8b) timer(xx) eff(color sequence) op(0X0D)	head(9E) delay(xx) reset colB(07) colL(07) ?fractional period (0x05,0x08,0x55, period=250.0s) eff(color sequence 0x8b) timer(xx) eff(color sequence) op(0X0D)	15
1	head(9F) delay(xx) reset colL(01) colB(07) delay(xx) D1(xx,xx,xx) D1(xx,xx,xx) D0(xx,xx)	head(9F) delay(xx) reset colL(01) colB(07) delay(xx) D1(xx,xx,xx) D1(xx,xx,xx) D0(xx,xx)	15
1	head(93) delay(xx) reset paletteB	head(93) delay(xx) reset paletteB	15
1	head(9A) delay(xx) op(0X00) op(0X00) D2(xx,xx,xx,xx) op(0X02) immediate colB(06)	head(9A) delay(xx) op(0X00) op(0X00) D2(xx,xx,xx,xx) op(0X02) immediate colB(06)	14
1	head(9A) delay(xx) op(0X0D) eff(hard color transitions) D0(xx,xx) timer(xx) eff(strobe flashes into running program)	head(9A) delay(xx) op(0X0D) eff(hard color transitions) D0(xx,xx) timer(xx) eff(strobe flashes into running program)	14
1	head(91) op(0X9C) reset	head(91) op(0X9D) reset	14
1	head(92) delay(xx) eff(85)	head(92) immediate eff(85)	14
1	head(97) delay(xx) reset D0(xx,xx) D0(xx,xx)	head(97) delay(xx) reset D0(xx,xx) D0(xx,xx)	14
1	head(9B) delay(xx) ?group range bound 0x46 group-pick op(0XEC) op(0XAC) eff(crossfading transitions) D0(xx,xx) op(0X0D)	head(9B) delay(xx) ?group range bound 0x46 group-pick op(0XEC) op(0XAC) eff(crossfading transitions) D0(xx,xx) op(0X0D)	14
1	head(91) op(0X96) reset	head(91) op(0X97) reset	13
1	head(91) op(0X97) reset	head(91) op(0X98) reset	13
1	head(9F) delay(xx) reset eff(hard color transitions) D0(xx,xx) ?timer 200 ms granularity (0x09,0x02) eff(flashing sequence) op(0X0D) D0(xx,xx)	head(9F) delay(xx) reset eff(hard color transitions) D0(xx,xx) ?timer 200 ms granularity (0x09,0x02) eff(flashing sequence) op(0X0D) D0(xx,xx)	13
1	head(98) delay(xx) group-pick op(0X2C) op(0X83) delay(xx) eff(85) timer(xx)	head(98) delay(xx) group-pick op(0X2C) op(0X83) delay(xx) eff(85) timer(xx)	13
1	head(9D) delay(xx) op(0X71) ?group range bound 0xd1 op(0X10) op(0X04) op(0X04) D0(xx,xx) D1(xx,xx,xx)	head(9D) delay(xx) op(0X71) ?group range bound 0xd1 op(0X10) op(0X04) op(0X04) D0(xx,xx) D1(xx,xx,xx)	12
1	head(9F) delay(xx) reset D0(xx,xx) colL(01) ?four-arg group-select timer eff(1D) D0(xx,xx)	head(9F) delay(xx) reset D0(xx,xx) colL(01) ?four-arg group-select timer eff(1D) D0(xx,xx)	12
1	head(97) delay(xx) reset colB(04) delay(xx) eff(85) timer(xx)	head(97) delay(xx) reset colB(04) delay(xx) eff(85) timer(xx)	12
1	head(97) delay(xx) reset colB(01) delay(xx) eff(85) timer(xx)	head(97) delay(xx) reset colB(01) delay(xx) eff(85) timer(xx)	12
1	head(9C) delay(xx) stop group-pick ?group range bound 0x40 paletteB paletteL timer(xx) eff(0E)	head(9C) delay(xx) stop group-pick ?group range bound 0x40 paletteB paletteL timer(xx) eff(0E)	12
1	head(9A) delay(xx) reset colB(07) timer(xx) eff(strobe flashes into running program) D0(xx,xx) op(0X74)	head(9A) delay(xx) reset colB(07) timer(xx) eff(strobe flashes into running program) D0(xx,xx) op(0X74)	12
1	head(97) delay(xx) reset colB(07) delay(xx) eff(85) timer(xx)	head(97) immediate reset colB(07) delay(xx) eff(85) timer(xx)	11
1	head(9E) delay(xx) op(0X09) op(0X00) op(0X11) op(0X15) group-pick op(0X95) op(0X02) eff(color sequence 0x87) D1(xx,xx,xx) op(0X72)	head(9E) delay(xx) op(0X09) op(0X00) op(0X11) op(0X15) group-pick op(0X95) op(0X02) eff(color sequence 0x87) D1(xx,xx,xx) op(0X72)	11
1	head(98) delay(xx) reset colB(04) colL(06) delay(xx) eff(85) timer(xx)	head(98) delay(xx) reset colB(04) colL(06) delay(xx) eff(85) timer(xx)	11
1	head(98) delay(xx) reset colB(06) delay(xx) colB(03) delay(xx) colB(01) delay(xx) reset	head(98) delay(xx) reset colB(06) delay(xx) colB(03) delay(xx) colB(01) delay(xx) reset	11
1	head(96) delay(xx) group-pick ?fractional period (0xab,0xf4,0x24) colB(04)	head(96) delay(xx) group-pick ?fractional period (0xab,0xf4,0x24) colB(04)	11
1	head(96) delay(xx) reset colL(06) paletteB eff(86)	head(96) delay(xx) reset colL(06) paletteB eff(86)	11
1	head(96) delay(xx) op(0X29) op(0X04) op(0X15) op(0X12) op(0X19) op(0X04)	head(96) delay(xx) op(0X29) op(0X04) op(0X15) op(0X12) op(0X19) op(0X04)	11
1	head(9C) delay(xx) ?group range bound 0xd0 op(0X39) op(0X28) op(0X46) group-pick op(0XEC) op(0XAA) eff(85) timer(xx)	head(9C) delay(xx) ?group range bound 0xd0 op(0X39) op(0X28) op(0X46) group-pick op(0XEC) op(0XAA) eff(85) timer(xx)	11
1	head(96) delay(xx) reset colL(07) timer(xx) eff(strobe flashes into running program)	head(96) delay(xx) reset colL(07) timer(xx) eff(strobe flashes into running program)	11
1	head(9B) delay(xx) reset paletteB colL(06) timer(xx) eff(slow even pulse) D0(xx,xx)	head(9B) delay(xx) reset paletteB colL(06) timer(xx) eff(slow even pulse) D0(xx,xx)	11
1	head(9D) delay(xx) reset colB(06) ?four-arg group-select timer eff(1C) D1(xx,xx,xx)	head(9D) delay(xx) reset colB(06) ?four-arg group-select timer eff(1C) D1(xx,xx,xx)	11
1	head(9C) delay(xx) reset eff(hard color transitions) D0(xx,xx) D0(xx,xx) delay(xx) eff(85)	head(9C) immediate reset eff(hard color transitions) D0(xx,xx) D0(xx,xx) delay(xx) eff(85)	10
1	head(94) delay(xx) group-close D0(xx,xx)	head(94) delay(xx) group-close D0(xx,xx)	10
1	head(9F) delay(xx) group-close op(0X0D) eff(hard color transitions) D0(xx,xx) D0(xx,xx) ?timer 200 ms granularity (0x09,0x0b) eff(flashing sequence)	head(9F) delay(xx) group-close op(0X0D) eff(hard color transitions) D0(xx,xx) D0(xx,xx) ?timer 200 ms granularity (0x09,0x0b) eff(flashing sequence)	10
1	head(97) delay(xx) reset colB(05) delay(xx) eff(85) timer(xx)	head(97) delay(xx) reset colB(05) delay(xx) eff(85) timer(xx)	10
1	head(9C) delay(xx) reset D0(xx,xx) op(0X46) group-pick op(0XEC) op(0XA9) colB(06) op(0X0D) eff(flashing sequence)	head(9C) delay(xx) reset D0(xx,xx) op(0X46) group-pick op(0XEC) op(0XA9) colB(06) op(0X0D) eff(flashing sequence)	10
1	head(9B) delay(xx) reset ?four-arg group-select timer eff(color sequence 0x89) colB(04) delay(xx) reset	head(9B) delay(xx) reset ?four-arg group-select timer eff(color sequence 0x89) colB(04) delay(xx) reset	10
1	head(95) delay(xx) reset colB(04) delay(xx) eff(85)	head(95) delay(xx) reset colB(04) delay(xx) eff(85)	10
1	head(9E) delay(xx) op(0X29) op(0X04) op(0X15) op(0X15) op(0X04) op(0X12) D2(xx,xx,xx,xx) op(0X02) immediate colB(06)	head(9E) delay(xx) op(0X29) op(0X04) op(0X15) op(0X15) op(0X04) op(0X12) D2(xx,xx,xx,xx) op(0X02) immediate colB(06)	10
1	head(9D) delay(xx) reset D0(xx,xx) op(0X46) group-pick op(0XEC) op(0XA9) eff(color rotation) delay(xx) eff(85)	head(9D) delay(xx) reset D0(xx,xx) op(0X46) group-pick op(0XEC) op(0XA9) eff(color rotation) delay(xx) eff(85)	10
1	head(9D) delay(xx) reset D0(xx,xx) op(0X46) group-pick op(0XEC) op(0XAB) colB(07) timer(xx) eff(strobe flashes into running program)	head(9D) delay(xx) reset D0(xx,xx) op(0X46) group-pick op(0XEC) op(0XAB) colB(07) timer(xx) eff(strobe flashes into running program)	10
1	head(9D) delay(xx) reset D0(xx,xx) op(0X46) group-pick op(0XEC) op(0XAC) colB(07) timer(xx) eff(strobe flashes into running program)	head(9D) delay(xx) reset D0(xx,xx) op(0X46) group-pick op(0XEC) op(0XAC) colB(07) timer(xx) eff(strobe flashes into running program)	10
1	head(9B) delay(xx) reset eff(color rotation) D0(xx,xx) colB(06) colL(06) delay(xx) eff(85)	head(9B) delay(xx) reset eff(color rotation) D0(xx,xx) colB(06) colL(06) delay(xx) eff(85)	10
1	head(9E) delay(xx) reset colB(04) colL(07) timer(xx) eff(04) D0(xx,xx) D0(xx,xx) op(0X72)	head(9E) delay(xx) reset colB(04) colL(07) timer(xx) eff(04) D0(xx,xx) D0(xx,xx) op(0X72)	10
1	head(9A) delay(xx) ?group range bound 0xd0 op(0X39) op(0X32) op(0X46) group-pick op(0XEC) op(0XAB) colB(01) op(0X0D)	head(9A) delay(xx) ?group range bound 0xd0 op(0X39) op(0X32) op(0X46) group-pick op(0XEC) op(0XAB) colB(01) op(0X0D)	10
1	head(9E) delay(xx) group-close colB(06) colL(06) timer(xx) eff(04) D1(xx,xx,xx) D0(xx,xx)	head(9E) delay(xx) group-close colB(06) colL(06) timer(xx) eff(04) D1(xx,xx,xx) D0(xx,xx)	10
1	head(9D) delay(xx) op(0X29) op(0X03) op(0X15) op(0X13) op(0X12) group-pick op(0X00) immediate op(0X29) op(0X03) op(0X15) op(0X19) op(0X04)	head(9D) delay(xx) op(0X29) op(0X03) op(0X15) op(0X13) op(0X12) group-pick op(0X00) immediate op(0X29) op(0X03) op(0X15) op(0X19) op(0X04)	10
1	head(9C) delay(xx) reset op(0X72) D1(xx,xx,xx) colB(07) group-pick op(0X83) op(0X1A) paletteB	head(9C) delay(xx) reset op(0X72) D1(xx,xx,xx) colB(07) group-pick op(0X83) op(0X1A) paletteB	10
1	head(99) delay(xx) reset colB(04) paletteL delay(xx) eff(85) timer(xx)	head(99) delay(xx) reset colB(04) paletteL delay(xx) eff(85) timer(xx)	9
1	head(99) delay(xx) reset paletteB colL(04) delay(xx) eff(85) timer(xx)	head(99) delay(xx) reset paletteB colL(04) delay(xx) eff(85) timer(xx)	9
1	head(97) group-pick op(0X00) op(0X83) op(0X15) delay(xx) reset paletteB	head(97) group-pick op(0X00) op(0X83) op(0X15) delay(xx) reset paletteB	9
1	head(98) delay(xx) reset colL(06) paletteB eff(86) timer(xx)	head(98) delay(xx) reset colL(06) paletteB eff(86) timer(xx)	9
1	head(98) delay(xx) op(0X29) op(0X13) op(0X03) op(0X18) op(0X16) D0(xx,xx)	head(98) delay(xx) op(0X29) op(0X13) op(0X03) op(0X18) op(0X16) D0(xx,xx)	9
1	head(98) op(0X92) eff(crossfading transitions) D0(xx,xx) D0(xx,xx)	head(98) op(0X92) eff(crossfading transitions) D0(xx,xx) D0(xx,xx)	9
1	head(98) delay(xx) reset paletteL delay(xx) eff(85) timer(xx)	head(98) delay(xx) reset paletteL delay(xx) eff(85) timer(xx)	9
1	head(91) immediate reset	head(91) delay(xx) reset	9
1	head(98) delay(xx) op(0X29) op(0X03) op(0X16) op(0X0D) op(0X04) D0(xx,xx)	head(98) delay(xx) op(0X29) op(0X03) op(0X16) op(0X0D) op(0X04) D0(xx,xx)	9
1	head(96) delay(xx) op(0X29) op(0X04) op(0X16) op(0X0D) op(0X04) op(0X13)	head(96) delay(xx) op(0X29) op(0X04) op(0X16) op(0X0D) op(0X04) op(0X13)	9
1	head(96) delay(xx) op(0X29) op(0X04) op(0X15) op(0X15) op(0X04) op(0X12)	head(96) delay(xx) op(0X29) op(0X04) op(0X15) op(0X15) op(0X04) op(0X12)	9
1	head(94) delay(xx) op(0X29) op(0X12) op(0X16) op(0X03)	head(94) delay(xx) op(0X29) op(0X12) op(0X16) op(0X03)	9
1	head(95) delay(xx) reset colB(07) delay(xx) eff(85)	head(95) delay(xx) reset colB(07) delay(xx) eff(85)	9
1	head(9F) delay(xx) reset op(0X29) op(0X04) op(0X15) op(0X15) op(0X19) op(0X19) D2(xx,xx,xx,xx) op(0X02) immediate colB(06)	head(9F) delay(xx) reset op(0X29) op(0X04) op(0X15) op(0X15) op(0X19) op(0X19) D2(xx,xx,xx,xx) op(0X02) immediate colB(06)	9
1	head(9F) delay(xx) group-close delay(xx) group-pick ?group range bound 0x40 op(0X0D) colL(06) ?timer 200 ms granularity (0x02,0x19) eff(flashing sequence) D0(xx,xx)	head(9F) delay(xx) group-close delay(xx) group-pick ?group range bound 0x40 op(0X0D) colL(06) ?timer 200 ms granularity (0x02,0x19) eff(flashing sequence) D0(xx,xx)	9
1	head(9D) delay(xx) group-pick op(0XAB) op(0X3C) reset op(0X0D) eff(crossfading transitions) D0(xx,xx) delay(xx) eff(85)	head(9D) delay(xx) group-pick op(0XAB) op(0X3C) reset op(0X0D) eff(crossfading transitions) D0(xx,xx) delay(xx) eff(85)	9
1	head(94) delay(xx) eff(85) delay(xx) reset	head(94) delay(xx) eff(85) delay(xx) reset	9
1	head(9B) delay(xx) reset D2(xx,xx,xx,xx) op(0X02) immediate colB(06) op(0X00) op(0X00)	head(9B) delay(xx) reset D2(xx,xx,xx,xx) op(0X02) immediate colB(06) op(0X00) op(0X00)	9
1	head(9B) delay(xx) ?group range bound 0xd0 op(0X39) op(0X17) op(0X46) group-pick op(0XEC) delay(xx) op(0X71) delay(xx) reset	head(9B) delay(xx) ?group range bound 0xd0 op(0X39) op(0X17) op(0X46) group-pick op(0XEC) delay(xx) op(0X71) delay(xx) reset	9
1	head(99) delay(xx) reset D0(xx,xx) op(0X46) group-pick op(0XEC) op(0XAA) colB(01)	head(99) delay(xx) reset D0(xx,xx) op(0X46) group-pick op(0XEC) op(0XAA) colB(01)	9
1	head(9F) delay(xx) paletteL colB(01) ?group range bound 0xd1 op(0X10) op(0X04) op(0X04) D0(xx,xx) D1(xx,xx,xx)	head(9F) delay(xx) paletteL colB(01) ?group range bound 0xd1 op(0X10) op(0X04) op(0X04) D0(xx,xx) D1(xx,xx,xx)	9
1	head(94) delay(xx) eff(86) timer(xx)	head(94) delay(xx) eff(86) timer(xx)	9
1	head(9F) delay(xx) reset D1(xx,xx,xx) colB(06) D0(xx,xx) D0(xx,xx) D0(xx,xx)	head(9F) delay(xx) reset D1(xx,xx,xx) colB(06) D0(xx,xx) D0(xx,xx) D0(xx,xx)	9
1	head(9B) delay(xx) reset D0(xx,xx) op(0X46) group-pick op(0XEC) op(0XAA) colB(07) delay(xx) reset	head(9B) delay(xx) reset D0(xx,xx) op(0X46) group-pick op(0XEC) op(0XAA) colB(07) delay(xx) reset	9
1	head(9B) delay(xx) reset D0(xx,xx) op(0X46) group-pick op(0XEC) op(0XAB) colB(07) delay(xx) reset	head(9B) delay(xx) reset D0(xx,xx) op(0X46) group-pick op(0XEC) op(0XAB) colB(07) delay(xx) reset	9
1	head(9A) delay(xx) reset D0(xx,xx) D0(xx,xx) D0(xx,xx)	head(9A) delay(xx) reset D0(xx,xx) D0(xx,xx) D0(xx,xx)	9
1	head(98) delay(xx) reset D1(xx,xx,xx) D0(xx,xx)	head(98) delay(xx) reset D1(xx,xx,xx) D0(xx,xx)	9
1	head(9F) delay(xx) colB(01) colL(01) timer(xx) eff(04) D0(xx,xx) op(0X0D) group-pick op(0X83) immediate colB(07) colL(07)	head(9F) delay(xx) colB(01) colL(01) timer(xx) eff(04) D0(xx,xx) op(0X0D) group-pick op(0X83) immediate colB(07) colL(07)	9
1	head(9A) delay(xx) op(0X71) D0(xx,xx) D0(xx,xx) D0(xx,xx)	head(9A) delay(xx) op(0X71) D0(xx,xx) D0(xx,xx) D0(xx,xx)	9
1	head(96) delay(xx) reset op(0X72) group-pick op(0X83) immediate op(0X94)	head(96) delay(xx) reset op(0X72) group-pick op(0X83) immediate op(0X94)	9
1	head(97) delay(xx) reset op(0X0D) eff(hard color transitions) D0(xx,xx)	head(97) delay(xx) reset op(0X0D) eff(hard color transitions) D0(xx,xx)	9
1	head(99) delay(xx) reset group-pick op(0X83) immediate colL(06) delay(xx) colB(02) delay(xx) reset	head(99) delay(xx) reset group-pick op(0X83) immediate colL(06) delay(xx) colB(02) delay(xx) reset	9
1	head(9B) delay(xx) reset op(0X0D) colB(04) colL(02) timer(xx) eff(04) D0(xx,xx)	head(9B) delay(xx) reset op(0X0D) colB(04) colL(02) timer(xx) eff(04) D0(xx,xx)	9
1	head(9B) delay(xx) ?group range bound 0xd0 op(0X39) op(0X14) op(0X46) group-pick op(0XEC) op(0XAA) colB(01) paletteL	head(9B) delay(xx) ?group range bound 0xd0 op(0X39) op(0X14) op(0X46) group-pick op(0XEC) op(0XAA) colB(01) paletteL	9
1	head(9C) delay(xx) reset group-pick op(0X00) op(0X83) op(0X19) colB(01) D0(xx,xx) D0(xx,xx)	head(9C) delay(xx) reset group-pick op(0X00) op(0X83) op(0X19) colB(01) D0(xx,xx) D0(xx,xx)	9
1	head(9F) delay(xx) reset group-pick op(0X00) op(0X83) immediate colB(07) colL(07) timer(xx) eff(04) op(0X0D) D0(xx,xx)	head(9F) delay(xx) reset group-pick op(0X00) op(0X83) immediate colB(07) colL(07) timer(xx) eff(04) op(0X0D) D0(xx,xx)	9
1	head(9F) delay(xx) ?group range bound 0xd0 op(0X39) op(0X07) op(0X46) group-pick op(0XEC) op(0XAA) colB(01) colL(01) timer(xx) eff(04) op(0X0D)	head(9F) delay(xx) ?group range bound 0xd0 op(0X39) op(0X07) op(0X46) group-pick op(0XEC) op(0XAA) colB(01) colL(01) timer(xx) eff(04) op(0X0D)	9
1	head(9C) delay(xx) reset D1(xx,xx,xx) ?four-arg group-select timer eff(1C)	head(9C) delay(xx) reset D1(xx,xx,xx) ?four-arg group-select timer eff(1C)	9
1	head(9B) delay(xx) reset op(0X00) op(0X00) D2(xx,xx,xx,xx) op(0X02) immediate colB(06)	head(9B) delay(xx) reset op(0X00) op(0X00) D2(xx,xx,xx,xx) op(0X02) immediate colB(06)	8
1	head(9C) immediate reset eff(hard color transitions) D0(xx,xx) D0(xx,xx) delay(xx) eff(85)	head(9C) delay(xx) reset eff(hard color transitions) D0(xx,xx) D0(xx,xx) delay(xx) eff(85)	8
1	head(9E) delay(xx) reset eff(crossfading transitions) D0(xx,xx) D0(xx,xx) delay(xx) eff(85) timer(xx)	head(9E) delay(xx) reset eff(crossfading transitions) D0(xx,xx) D0(xx,xx) delay(xx) eff(85) timer(xx)	8
1	head(91) op(0X9E) reset	head(91) op(0X9C) reset	8
1	head(9B) delay(xx) group-pick ?group range bound 0x64 reset paletteB delay(xx) eff(85) timer(xx)	head(9B) delay(xx) group-pick ?group range bound 0x64 reset paletteB delay(xx) eff(85) timer(xx)	8
1	head(9D) delay(xx) ?group range bound 0x46 group-pick op(0XEC) op(0XAC) paletteB paletteL timer(xx) eff(04)	head(9D) delay(xx) ?group range bound 0x46 group-pick op(0XEC) op(0XAC) paletteB paletteL timer(xx) eff(04)	8
1	head(9C) delay(xx) reset eff(crossfading transitions) D0(xx,xx) D0(xx,xx) D0(xx,xx)	head(9C) delay(xx) reset eff(crossfading transitions) D0(xx,xx) D0(xx,xx) D0(xx,xx)	8
1	head(98) delay(xx) reset group-pick ?group range bound 0x40 eff(color rotation) colB(07) colL(07)	head(98) immediate reset group-pick ?group range bound 0x40 eff(color rotation) colB(07) colL(07)	8
1	head(97) delay(xx) reset colL(07) timer(xx) eff(strobe flashes into running program) op(0X0D)	head(97) delay(xx) reset colL(07) timer(xx) eff(strobe flashes into running program) op(0X0D)	8
1	head(9A) delay(xx) group-pick op(0X83) op(0X15) reset colL(07) op(0X0D) timer(xx) eff(color sequence)	head(9A) delay(xx) group-pick op(0X83) op(0X15) reset colL(07) op(0X0D) timer(xx) eff(color sequence)	8
1	head(9A) delay(xx) reset colB(05) colL(06) timer(xx) eff(slow even pulse) D0(xx,xx)	head(9A) delay(xx) reset colB(05) colL(06) timer(xx) eff(slow even pulse) D0(xx,xx)	8
1	head(9C) delay(xx) eff(85) op(0X00) op(0X00) D2(xx,xx,xx,xx) op(0X02) immediate colB(06)	head(9C) delay(xx) eff(85) op(0X00) op(0X00) D2(xx,xx,xx,xx) op(0X02) immediate colB(06)	8
1	head(9D) delay(xx) group-pick op(0XAA) immediate reset op(0X0D) eff(crossfading transitions) D0(xx,xx) delay(xx) eff(85)	head(9D) delay(xx) group-pick op(0XAA) immediate reset op(0X0D) eff(crossfading transitions) D0(xx,xx) delay(xx) eff(85)	8
1	head(9B) delay(xx) reset eff(color rotation) D0(xx,xx) colB(05) colL(05) delay(xx) eff(85)	head(9B) delay(xx) reset eff(color rotation) D0(xx,xx) colB(05) colL(05) delay(xx) eff(85)	8
1	head(9B) delay(xx) reset D1(xx,xx,xx) eff(hard color transitions) D0(xx,xx) op(0X72)	head(9B) delay(xx) reset D1(xx,xx,xx) eff(hard color transitions) D0(xx,xx) op(0X72)	8
1	head(9B) delay(xx) reset eff(85) paletteB delay(xx) ?group range bound 0xf4 ?group range bound 0xf4 op(0XA0)	head(9B) delay(xx) reset eff(85) paletteB delay(xx) ?group range bound 0xf4 ?group range bound 0xf4 op(0XA0)	8
1	head(96) delay(xx) reset colB(05) delay(xx) colB(04) delay(xx) reset	head(96) delay(xx) reset colB(05) delay(xx) colB(04) delay(xx) reset	8
1	head(9E) delay(xx) reset D0(xx,xx) group-pick op(0XAB) op(0X2A) eff(86) eff(crossfading transitions) D0(xx,xx)	head(9E) delay(xx) reset D0(xx,xx) group-pick op(0XAB) op(0X2A) eff(86) eff(crossfading transitions) D0(xx,xx)	8
1	head(9A) delay(xx) reset op(0X29) op(0X04) op(0X12) op(0X16) op(0X0D) op(0X04) D0(xx,xx)	head(9A) delay(xx) reset op(0X29) op(0X04) op(0X12) op(0X16) op(0X0D) op(0X04) D0(xx,xx)	8
1	head(9C) delay(xx) reset D0(xx,xx) op(0X46) group-pick op(0XEC) op(0XAC) paletteB delay(xx) reset	head(9C) delay(xx) reset D0(xx,xx) op(0X46) group-pick op(0XEC) op(0XAC) paletteB delay(xx) reset	8
1	head(98) delay(xx) reset paletteB op(0X72) D1(xx,xx,xx)	head(98) delay(xx) reset paletteB op(0X72) D1(xx,xx,xx)	8
1	head(9A) delay(xx) ?group range bound 0xd0 op(0X39) op(0X04) op(0X46) group-pick op(0XEC) op(0XAA) eff(85)	head(9A) delay(xx) ?group range bound 0xd0 op(0X39) op(0X04) op(0X46) group-pick op(0XEC) op(0XAA) eff(85)	8
1	head(9A) delay(xx) reset D0(xx,xx) colB(06) delay(xx) eff(85) timer(xx)	head(9A) delay(xx) reset D0(xx,xx) colB(06) delay(xx) eff(85) timer(xx)	8
1	head(9A) delay(xx) reset D0(xx,xx) colB(06) delay(xx) eff(85) timer(xx)	head(9A) immediate reset D0(xx,xx) colB(06) delay(xx) eff(85) timer(xx)	8
1	head(9A) delay(xx) group-pick op(0X19) op(0X83) op(0X32) paletteB eff(86) timer(xx)	head(9A) delay(xx) group-pick op(0X19) op(0X83) op(0X32) paletteB eff(86) timer(xx)	8
1	head(96) delay(xx) reset colB(07) timer(xx) eff(strobe flashes into running program)	head(96) immediate reset colB(07) timer(xx) eff(strobe flashes into running program)	7
1	head(96) immediate reset colB(07) timer(xx) eff(strobe flashes into running program)	head(96) delay(xx) reset colB(07) timer(xx) eff(strobe flashes into running program)	7
1	head(92) immediate eff(85)	head(92) delay(xx) eff(85)	7
1	head(99) delay(xx) ?group range bound 0x29 op(0X02) op(0X04) op(0X15) eff(86) timer(xx)	head(99) delay(xx) ?group range bound 0x29 op(0X02) op(0X04) op(0X15) eff(86) timer(xx)	7
1	head(9E) delay(xx) stop delay(xx) eff(85) timer(xx) D2(xx,xx,xx,xx) op(0X02) immediate colB(06)	head(9E) delay(xx) stop delay(xx) eff(85) timer(xx) D2(xx,xx,xx,xx) op(0X02) immediate colB(06)	7
1	head(96) delay(xx) op(0X29) op(0X14) op(0X04) op(0X1D) op(0X13) op(0X1D)	head(96) delay(xx) op(0X29) op(0X14) op(0X04) op(0X1D) op(0X13) op(0X1D)	7
1	head(9D) delay(xx) reset group-close eff(crossfading transitions) D0(xx,xx) D0(xx,xx) D0(xx,xx)	head(9D) delay(xx) reset group-close eff(crossfading transitions) D0(xx,xx) D0(xx,xx) D0(xx,xx)	7
1	head(9D) delay(xx) group-close ?group range bound 0x0e op(0X13) colL(01) timer(xx) eff(slow even pulse) D0(xx,xx) op(0X0D)	head(9D) delay(xx) group-close ?group range bound 0x0e op(0X13) colL(01) timer(xx) eff(slow even pulse) D0(xx,xx) op(0X0D)	7
1	head(9E) delay(xx) reset D1(xx,xx,xx) D0(xx,xx) D0(xx,xx) D0(xx,xx)	head(9E) delay(xx) reset D1(xx,xx,xx) D0(xx,xx) D0(xx,xx) D0(xx,xx)	7
1	head(9C) delay(xx) ?group range bound 0xd0 op(0X39) op(0X28) op(0X46) group-pick op(0XEC) op(0XAB) eff(85) timer(xx)	head(9C) delay(xx) ?group range bound 0xd0 op(0X39) op(0X28) op(0X46) group-pick op(0XEC) op(0XAB) eff(85) timer(xx)	7
1	head(9E) delay(xx) reset D0(xx,xx) op(0X46) group-pick op(0XEC) op(0XAC) op(0X0D) eff(color rotation) delay(xx) eff(85)	head(9E) delay(xx) reset D0(xx,xx) op(0X46) group-pick op(0XEC) op(0XAC) op(0X0D) eff(color rotation) delay(xx) eff(85)	7
1	head(9E) delay(xx) reset D0(xx,xx) op(0X46) group-pick op(0XEC) op(0XA9) op(0X0D) colB(07) timer(xx) eff(strobe flashes into running program)	head(9E) delay(xx) reset D0(xx,xx) op(0X46) group-pick op(0XEC) op(0XA9) op(0X0D) colB(07) timer(xx) eff(strobe flashes into running program)	7
1	head(9C) delay(xx) reset colB(02) delay(xx) colB(01) delay(xx) paletteB delay(xx) eff(85) timer(xx)	head(9C) delay(xx) reset colB(02) delay(xx) colB(01) delay(xx) paletteB delay(xx) eff(85) timer(xx)	7
1	head(98) delay(xx) reset colB(01) paletteL timer(xx) eff(0E)	head(98) delay(xx) reset colB(01) paletteL timer(xx) eff(0E)	7
1	head(99) delay(xx) D0(xx,xx) ?group range bound 0x46 group-pick op(0XEC) op(0XAA) op(0X71)	head(99) delay(xx) D0(xx,xx) ?group range bound 0x46 group-pick op(0XEC) op(0XAA) op(0X71)	7
1	head(9C) delay(xx) op(0X29) op(0X04) op(0X1C) op(0X1D) op(0X1C) op(0X1D) D0(xx,xx) op(0X02) op(0X1B) op(0X04)	head(9C) delay(xx) op(0X29) op(0X04) op(0X1C) op(0X1D) op(0X1C) op(0X1D) D0(xx,xx) op(0X02) op(0X1B) op(0X04)	7
1	head(9C) delay(xx) paletteL colB(01) D1(xx,xx,xx) eff(86) D0(xx,xx)	head(9C) delay(xx) paletteL colB(01) D1(xx,xx,xx) eff(86) D0(xx,xx)	7
1	head(9B) delay(xx) reset colB(04) delay(xx) colB(06) delay(xx) colB(01) delay(xx) eff(85) timer(xx)	head(9B) delay(xx) reset colB(04) delay(xx) colB(06) delay(xx) colB(01) delay(xx) eff(85) timer(xx)	6
1	head(9C) delay(xx) reset D0(xx,xx) op(0X46) group-pick op(0XEC) op(0XAC) colB(06) op(0X0D) eff(flashing sequence)	head(9C) delay(xx) reset D0(xx,xx) op(0X46) group-pick op(0XEC) op(0XAC) colB(06) op(0X0D) eff(flashing sequence)	6
1	head(91) op(0X92) reset	head(91) op(0X90) reset	6
1	head(91) op(0X95) reset	head(91) op(0X93) reset	6
1	head(91) delay(xx) stop	head(91) delay(xx) stop	6
1	head(9B) delay(xx) timer(xx) eff(04) paletteB paletteL D0(xx,xx)	head(9B) delay(xx) timer(xx) eff(04) paletteB paletteL D0(xx,xx)	6
1	head(9F) delay(xx) D1(xx,xx,xx) paletteB paletteL timer(xx) eff(04) D0(xx,xx)	head(9F) delay(xx) D1(xx,xx,xx) paletteB paletteL timer(xx) eff(04) D0(xx,xx)	6
1	head(9B) delay(xx) group-pick op(0X15) op(0X83) op(0X2B) reset colL(07) op(0X0D) timer(xx) eff(color sequence)	head(9B) delay(xx) group-pick op(0X15) op(0X83) op(0X2B) reset colL(07) op(0X0D) timer(xx) eff(color sequence)	6
1	head(99) delay(xx) reset colB(04) colL(05) timer(xx) eff(0E) delay(xx) reset	head(99) delay(xx) reset colB(04) colL(05) timer(xx) eff(0E) delay(xx) reset	6
1	head(9F) delay(xx) eff(hard color transitions) D0(xx,xx) eff(86) D0(xx,xx) delay(xx) timer(xx) eff(color sequence)	head(9F) delay(xx) eff(hard color transitions) D0(xx,xx) eff(86) D0(xx,xx) delay(xx) timer(xx) eff(color sequence)	6
1	head(9D) delay(xx) ?group range bound 0x29 op(0X02) op(0X13) op(0X08) eff(hard color transitions) D0(xx,xx) D0(xx,xx)	head(9D) delay(xx) ?group range bound 0x29 op(0X02) op(0X13) op(0X08) eff(hard color transitions) D0(xx,xx) D0(xx,xx)	6
1	head(96) delay(xx) reset colB(04) group-pick op(0XAC) op(0X32) colB(02)	head(96) delay(xx) reset colB(04) group-pick op(0XAC) op(0X32) colB(02)	6
1	head(93) delay(xx) reset colB(02) colL(04)	head(93) delay(xx) reset colB(02) colL(04)	6
1	head(9A) immediate op(0X00) op(0X00) D2(xx,xx,xx,xx) op(0X02) immediate colB(06)	head(9A) delay(xx) op(0X00) op(0X00) D2(xx,xx,xx,xx) op(0X02) immediate colB(06)	5
1	head(9A) delay(xx) op(0X29) op(0X03) op(0X16) op(0X19) op(0X04) op(0X29) op(0X13) op(0X15) op(0X13) op(0X04)	head(9A) immediate op(0X29) op(0X03) op(0X16) op(0X19) op(0X04) op(0X29) op(0X13) op(0X15) op(0X13) op(0X04)	5
1	head(9C) delay(xx) reset op(0X29) op(0X01) op(0X1D) eff(crossfading transitions) D0(xx,xx) D0(xx,xx)	head(9C) delay(xx) reset op(0X29) op(0X01) op(0X1D) eff(crossfading transitions) D0(xx,xx) D0(xx,xx)	5
1	head(9E) delay(xx) reset group-pick ?group range bound 0x40 D0(xx,xx) op(0X0D) colB(01) ?timer 200 ms granularity (0x02,0x19) eff(flashing sequence)	head(9E) delay(xx) reset group-pick ?group range bound 0x40 D0(xx,xx) op(0X0D) colB(01) ?timer 200 ms granularity (0x02,0x19) eff(flashing sequence)	5
1	head(94) delay(xx) reset paletteL colB(06)	head(94) delay(xx) reset paletteL colB(06)	5
1	head(9A) timer(xx) eff(04) paletteB paletteL D0(xx,xx)	head(95) op(0X91) ?timer 200 ms granularity (0x02,0x14) eff(flashing sequence)	5
1	head(95) delay(xx) colB(07) timer(xx) eff(strobe flashes into running program)	head(95) immediate colB(07) timer(xx) eff(strobe flashes into running program)	5
1	head(9F) delay(xx) eff(86) eff(hard color transitions) D0(xx,xx) timer(xx) eff(04) D0(xx,xx) op(0X0D)	head(9F) delay(xx) eff(86) eff(hard color transitions) D0(xx,xx) timer(xx) eff(04) D0(xx,xx) op(0X0D)	5
1	head(9E) delay(xx) eff(86) timer(xx) colB(01) paletteL timer(xx) eff(04) D0(xx,xx)	head(9E) delay(xx) eff(86) timer(xx) colB(01) paletteL timer(xx) eff(04) D0(xx,xx)	5
1	head(9E) delay(xx) group-close colB(01) paletteL timer(xx) eff(04) D0(xx,xx) D0(xx,xx)	head(9E) delay(xx) group-close colB(01) paletteL timer(xx) eff(04) D0(xx,xx) D0(xx,xx)	5
1	head(9B) delay(xx) group-pick ?group range bound 0x64 reset paletteB delay(xx) eff(85) timer(xx)	head(9B) immediate group-pick ?group range bound 0x64 reset paletteB delay(xx) eff(85) timer(xx)	5
1	head(98) delay(xx) reset eff(color sequence) D0(xx,xx) delay(xx) reset	head(98) immediate reset eff(color sequence) D0(xx,xx) delay(xx) reset	5
1	head(98) immediate reset group-pick ?group range bound 0x40 eff(color rotation) colB(07) colL(07)	head(98) delay(xx) reset group-pick ?group range bound 0x40 eff(color rotation) colB(07) colL(07)	5
1	head(9A) delay(xx) group-pick op(0X83) op(0X2B) reset colL(07) op(0X0D) timer(xx) eff(color sequence)	head(9A) delay(xx) group-pick op(0X83) op(0X2B) reset colL(07) op(0X0D) timer(xx) eff(color sequence)	5
1	head(98) delay(xx) reset paletteB delay(xx) eff(85) timer(xx)	head(98) immediate reset paletteB delay(xx) eff(85) timer(xx)	5
1	head(9B) delay(xx) reset eff(color rotation) D0(xx,xx) colB(02) colL(02) delay(xx) eff(85)	head(9B) immediate reset eff(color rotation) D0(xx,xx) colB(02) colL(02) delay(xx) eff(85)	5
1	head(9E) delay(xx) reset colB(07) colL(07) ?fractional period (0x02,0x08,0x55, period=100.0s) eff(color sequence 0x8b) timer(xx) eff(color sequence) op(0X0D)	head(9E) delay(xx) reset colB(07) colL(07) ?fractional period (0x02,0x08,0x55, period=100.0s) eff(color sequence 0x8b) timer(xx) eff(color sequence) op(0X0D)	5
1	head(9C) delay(xx) reset op(0X0D) colB(01) paletteL timer(xx) eff(04) D0(xx,xx)	head(9C) delay(xx) reset op(0X0D) colB(01) paletteL timer(xx) eff(04) D0(xx,xx)	5
1	head(9E) delay(xx) reset D0(xx,xx) group-pick op(0XAB) op(0X57) eff(86) eff(crossfading transitions) D0(xx,xx)	head(9E) delay(xx) reset D0(xx,xx) group-pick op(0XAB) op(0X57) eff(86) eff(crossfading transitions) D0(xx,xx)	5
1	head(95) delay(xx) ?group range bound 0x29 op(0X02) op(0X04) op(0X19)	head(95) delay(xx) ?group range bound 0x29 op(0X02) op(0X04) op(0X19)	5
1	head(93) delay(xx) stop delay(xx) reset	head(93) delay(xx) stop delay(xx) reset	5
1	head(92) delay(xx) reset colB(02)	head(92) delay(xx) reset colB(02)	5
1	head(92) delay(xx) reset colB(03)	head(92) delay(xx) reset colB(03)	5
1	head(92) delay(xx) reset colB(06)	head(92) delay(xx) reset colB(06)	5
1	head(9C) delay(xx) reset D0(xx,xx) op(0X46) group-pick op(0XEC) op(0XAB) paletteB delay(xx) reset	head(9C) delay(xx) reset D0(xx,xx) op(0X46) group-pick op(0XEC) op(0XAB) paletteB delay(xx) reset	5
1	head(9F) delay(xx) reset op(0X0D) eff(hard color transitions) D0(xx,xx) D0(xx,xx) ?timer 200 ms granularity (0x09,0x04) eff(flashing sequence)	head(9F) delay(xx) reset op(0X0D) eff(hard color transitions) D0(xx,xx) D0(xx,xx) ?timer 200 ms granularity (0x09,0x04) eff(flashing sequence)	5
1	head(96) delay(xx) group-pick ?fractional period (0xab,0xf4,0x48) op(0X86)	head(96) delay(xx) group-pick ?fractional period (0xab,0xf4,0x48) op(0X86)	5
1	head(96) delay(xx) group-pick op(0X00) op(0XAB) op(0X1F) eff(86)	head(96) delay(xx) group-pick op(0X00) op(0XAB) op(0X1F) eff(86)	5
1	head(9B) delay(xx) op(0X09) op(0X00) op(0X10) op(0X15) op(0X88) op(0X95) delay(xx) op(0X07) op(0X00) op(0X11) op(0X01)	head(9B) delay(xx) op(0X09) op(0X00) op(0X10) op(0X15) op(0X88) op(0X95) delay(xx) op(0X07) op(0X00) op(0X11) op(0X01)	5
1	head(95) delay(xx) op(0X29) op(0X13) op(0X08) op(0X13) op(0X0D)	head(95) delay(xx) op(0X29) op(0X13) op(0X08) op(0X13) op(0X0D)	5
1	head(9E) delay(xx) reset D0(xx,xx) group-pick op(0XAA) op(0X32) eff(86) eff(crossfading transitions) D0(xx,xx)	head(9E) delay(xx) reset D0(xx,xx) group-pick op(0XAA) op(0X32) eff(86) eff(crossfading transitions) D0(xx,xx)	4
1	head(9A) immediate op(0X29) op(0X03) op(0X16) op(0X19) op(0X04) op(0X29) op(0X13) op(0X15) op(0X13) op(0X04)	head(9A) delay(xx) op(0X29) op(0X03) op(0X16) op(0X19) op(0X04) op(0X29) op(0X13) op(0X15) op(0X13) op(0X04)	4
1	head(9A) delay(xx) op(0X29) op(0X03) op(0X16) op(0X19) op(0X04) op(0X29) op(0X13) op(0X15) op(0X13) op(0X04)	head(9C) delay(xx) reset eff(hard color transitions) D0(xx,xx) D0(xx,xx) delay(xx) eff(85)	4
1	head(98) delay(xx) reset group-pick op(0X83) immediate colB(06) delay(xx) eff(85)	head(98) delay(xx) reset group-pick op(0X83) immediate colB(06) delay(xx) eff(85)	4
1	head(98) delay(xx) reset group-pick op(0X83) immediate colB(06) delay(xx) eff(85)	head(98) immediate reset group-pick op(0X83) immediate colB(06) delay(xx) eff(85)	4
1	head(9D) delay(xx) op(0X71) ?group range bound 0xd1 op(0X10) op(0X04) op(0X04) D0(xx,xx) D1(xx,xx,xx)	head(9D) immediate op(0X71) ?group range bound 0xd1 op(0X10) op(0X04) op(0X04) D0(xx,xx) D1(xx,xx,xx)	4
1	head(95) op(0X91) ?timer 200 ms granularity (0x02,0x14) eff(flashing sequence)	head(9A) timer(xx) eff(04) paletteB paletteL D0(xx,xx)	4
1	head(9F) delay(xx) ?group range bound 0x61 paletteL timer(xx) eff(slow even pulse) D0(xx,xx) eff(86) timer(xx)	head(9F) delay(xx) ?group range bound 0x61 paletteL timer(xx) eff(slow even pulse) D0(xx,xx) eff(86) timer(xx)	4
1	head(9A) delay(xx) op(0X00) op(0X00) D2(xx,xx,xx,xx) op(0X02) immediate colB(06)	head(9A) immediate op(0X00) op(0X00) D2(xx,xx,xx,xx) op(0X02) immediate colB(06)	4
1	head(97) delay(xx) reset colB(02) delay(xx) eff(85) timer(xx)	head(97) delay(xx) reset colB(02) delay(xx) eff(85) timer(xx)	4
1	head(97) delay(xx) reset colB(02) delay(xx) eff(85) timer(xx)	head(97) immediate reset colB(02) delay(xx) eff(85) timer(xx)	4
1	head(97) immediate reset colB(02) delay(xx) eff(85) timer(xx)	head(97) delay(xx) reset colB(07) delay(xx) eff(85) timer(xx)	4
1	head(97) immediate reset colB(07) delay(xx) eff(85) timer(xx)	head(97) delay(xx) reset colB(07) delay(xx) eff(85) timer(xx)	4
1	head(98) delay(xx) reset group-pick ?group range bound 0x40 eff(color rotation) colB(07) colL(07)	head(98) delay(xx) reset group-pick ?group range bound 0x40 eff(color rotation) colB(07) colL(07)	4
1	head(9E) delay(xx) reset D0(xx,xx) op(0X46) group-pick op(0XEC) op(0XAA) op(0X0D) colB(07) timer(xx) eff(strobe flashes into running program)	head(9E) delay(xx) reset D0(xx,xx) op(0X46) group-pick op(0XEC) op(0XAA) op(0X0D) colB(07) timer(xx) eff(strobe flashes into running program)	4
1	head(9D) delay(xx) reset op(0X0D) timer(xx) eff(color sequence) colB(07) group-pick op(0X15) op(0X83) op(0X2B) paletteB	head(9D) delay(xx) reset op(0X0D) timer(xx) eff(color sequence) colB(07) group-pick op(0X15) op(0X83) op(0X2B) paletteB	4
1	head(98) immediate reset paletteB delay(xx) eff(85) timer(xx)	head(98) delay(xx) reset paletteB delay(xx) eff(85) timer(xx)	4
1	head(95) delay(xx) group-pick op(0XA9) immediate eff(86)	head(95) delay(xx) group-pick op(0XA9) immediate eff(86)	4
1	head(9C) delay(xx) reset eff(hard color transitions) D0(xx,xx) D0(xx,xx) D0(xx,xx)	head(9C) delay(xx) reset eff(hard color transitions) D0(xx,xx) D0(xx,xx) D0(xx,xx)	4
1	head(9B) immediate reset eff(color rotation) D0(xx,xx) colB(02) colL(02) delay(xx) eff(85)	head(9B) delay(xx) reset eff(color rotation) D0(xx,xx) colB(02) colL(02) delay(xx) eff(85)	4
1	head(96) delay(xx) reset op(0X29) op(0X03) op(0X15) op(0X0D) op(0X19)	head(96) immediate reset op(0X29) op(0X03) op(0X15) op(0X0D) op(0X19)	4
1	head(96) immediate reset op(0X29) op(0X03) op(0X15) op(0X0D) op(0X19)	head(96) delay(xx) reset op(0X29) op(0X03) op(0X15) op(0X0D) op(0X19)	4
1	head(9E) delay(xx) reset colB(07) colL(07) ?fractional period (0x01,0x08,0x55, period=50.0s) eff(color sequence 0x8b) timer(xx) eff(color sequence) op(0X0D)	head(9E) delay(xx) reset colB(07) colL(07) ?fractional period (0x01,0x08,0x55, period=50.0s) eff(color sequence 0x8b) timer(xx) eff(color sequence) op(0X0D)	4
1	head(98) delay(xx) group-pick op(0X16) op(0X83) op(0X2C) eff(85) timer(xx)	head(98) delay(xx) group-pick op(0X16) op(0X83) op(0X2C) eff(85) timer(xx)	4
1	head(9E) delay(xx) eff(86) timer(xx) delay(xx) reset paletteB ?left ear off delay(xx) eff(85) timer(xx)	head(9E) delay(xx) eff(86) timer(xx) delay(xx) reset paletteB ?left ear off delay(xx) eff(85) timer(xx)	4
1	head(9E) delay(xx) eff(86) timer(xx) delay(xx) reset paletteB ?left ear off delay(xx) eff(85) timer(xx)	head(9E) immediate eff(86) timer(xx) delay(xx) reset paletteB ?left ear off delay(xx) eff(85) timer(xx)	4
1	head(9E) immediate eff(86) timer(xx) delay(xx) reset paletteB ?left ear off delay(xx) eff(85) timer(xx)	head(9E) delay(xx) eff(86) timer(xx) delay(xx) reset paletteB ?left ear off delay(xx) eff(85) timer(xx)	4
1	head(9E) delay(xx) eff(86) timer(xx) delay(xx) reset paletteB ?left ear off delay(xx) eff(85) timer(xx)	head(9F) delay(xx) op(0X0D) colB(04) paletteL timer(xx) eff(04) D0(xx,xx) timer(xx) eff(color sequence)	4
1	head(9F) delay(xx) op(0X0D) colB(04) paletteL timer(xx) eff(04) D0(xx,xx) timer(xx) eff(color sequence)	head(9F) delay(xx) op(0X0D) colB(04) paletteL timer(xx) eff(04) D0(xx,xx) timer(xx) eff(color sequence)	4
1	head(9F) delay(xx) op(0X0D) colB(04) paletteL timer(xx) eff(04) D0(xx,xx) timer(xx) eff(color sequence)	head(9F) immediate op(0X0D) colB(04) paletteL timer(xx) eff(04) D0(xx,xx) timer(xx) eff(color sequence)	4
1	head(9F) immediate op(0X0D) colB(04) paletteL timer(xx) eff(04) D0(xx,xx) timer(xx) eff(color sequence)	head(9F) delay(xx) op(0X0D) colB(04) paletteL timer(xx) eff(04) D0(xx,xx) timer(xx) eff(color sequence)	4
1	head(9C) delay(xx) reset op(0X0D) colB(01) paletteL timer(xx) eff(04) D0(xx,xx)	head(9C) immediate reset op(0X0D) colB(01) paletteL timer(xx) eff(04) D0(xx,xx)	4
1	head(9A) delay(xx) reset eff(86) colB(07) colL(07) delay(xx) eff(85) timer(xx)	head(9A) delay(xx) reset eff(86) colB(07) colL(07) delay(xx) eff(85) timer(xx)	4
1	head(9A) reset group-pick op(0X1F) op(0X83) delay(xx) delay(xx) colB(01) timer(xx) eff(color sequence)	head(9A) reset group-pick op(0X1F) op(0X83) delay(xx) delay(xx) colB(01) timer(xx) eff(color sequence)	4
1	head(9A) reset group-pick op(0X00) op(0X83) op(0X1F) delay(xx) colB(01) timer(xx) eff(color sequence)	head(9A) reset group-pick op(0X00) op(0X83) op(0X1F) delay(xx) colB(01) timer(xx) eff(color sequence)	4
1	head(98) delay(xx) D2(xx,xx,xx,xx) op(0X02) immediate colB(06)	head(98) immediate D2(xx,xx,xx,xx) op(0X02) immediate colB(06)	4
1	head(99) delay(xx) group-pick ?group range bound 0x40 reset eff(86) timer(xx) colB(04)	head(99) delay(xx) group-pick ?group range bound 0x40 reset eff(86) timer(xx) colB(04)	4
1	head(9C) delay(xx) reset op(0X0D) eff(crossfading transitions) D0(xx,xx) delay(xx) eff(85) timer(xx)	head(9C) immediate reset op(0X0D) eff(crossfading transitions) D0(xx,xx) delay(xx) eff(85) timer(xx)	4
1	head(9C) immediate reset op(0X0D) eff(crossfading transitions) D0(xx,xx) delay(xx) eff(85) timer(xx)	head(9C) delay(xx) reset op(0X0D) eff(crossfading transitions) D0(xx,xx) delay(xx) eff(85) timer(xx)	4
1	head(95) op(0X92) ?timer 200 ms granularity (0x02,0x14) eff(flashing sequence)	head(9A) timer(xx) eff(04) paletteB paletteL D0(xx,xx)	4
1	head(96) delay(xx) op(0X0D) ?timer 200 ms granularity (0x09,0x02) eff(flashing sequence)	head(96) delay(xx) op(0X0D) ?timer 200 ms granularity (0x09,0x02) eff(flashing sequence)	4
1	head(9B) delay(xx) group-close group-pick ?group range bound 0x40 op(0X0D) colB(01) ?timer 200 ms granularity (0x06,0x03) eff(flashing sequence)	head(9B) immediate group-close group-pick ?group range bound 0x40 op(0X0D) colB(01) ?timer 200 ms granularity (0x06,0x03) eff(flashing sequence)	4
1	head(97) delay(xx) reset colB(01) group-pick op(0X83) immediate paletteB	head(97) delay(xx) reset colB(01) group-pick op(0X83) immediate paletteB	4
1	head(96) delay(xx) op(0X29) op(0X14) op(0X19) op(0X0D) op(0X14) op(0X12)	head(96) delay(xx) op(0X29) op(0X14) op(0X19) op(0X0D) op(0X14) op(0X12)	4
1	head(9B) delay(xx) reset eff(hard color transitions) D0(xx,xx) D0(xx,xx) delay(xx) reset	head(9B) delay(xx) reset eff(hard color transitions) D0(xx,xx) D0(xx,xx) delay(xx) reset	4
1	head(9D) delay(xx) D0(xx,xx) D0(xx,xx) D1(xx,xx,xx) D0(xx,xx)	head(9D) delay(xx) D0(xx,xx) D0(xx,xx) D1(xx,xx,xx) D0(xx,xx)	4
1	head(9F) delay(xx) group-close colB(01) paletteL timer(xx) eff(04) D0(xx,xx) D0(xx,xx) op(0X0D)	head(9F) delay(xx) group-close colB(01) paletteL timer(xx) eff(04) D0(xx,xx) D0(xx,xx) op(0X0D)	4
1	head(9E) delay(xx) group-close colB(04) paletteL timer(xx) eff(04) D0(xx,xx) D0(xx,xx)	head(9E) delay(xx) group-close colB(04) paletteL timer(xx) eff(04) D0(xx,xx) D0(xx,xx)	4
1	head(94) delay(xx) op(0X74) op(0X73) delay(xx) op(0X74)	head(94) delay(xx) op(0X74) op(0X73) delay(xx) op(0X74)	4
1	head(96) delay(xx) group-pick op(0X1F) op(0XAB) op(0X5A) eff(86)	head(96) delay(xx) group-pick op(0X1F) op(0XAB) op(0X5A) eff(86)	4
1	head(9B) delay(xx) group-pick op(0X19) op(0X83) stop reset colB(06) delay(xx) eff(85) timer(xx)	head(9B) delay(xx) group-pick op(0X19) op(0X83) stop reset colB(06) delay(xx) eff(85) timer(xx)	4
1	head(98) delay(xx) reset reset reset colB(04) ?left ear off delay(xx) eff(85)	head(98) delay(xx) reset reset reset colB(04) ?left ear off delay(xx) eff(85)	4
1	head(9B) delay(xx) reset colB(01) colL(07) timer(xx) eff(04) D1(xx,xx,xx)	head(9B) delay(xx) reset colB(01) colL(07) timer(xx) eff(04) D1(xx,xx,xx)	4
1	head(96) delay(xx) reset colB(01) colL(07) delay(xx) eff(85)	head(96) delay(xx) reset colB(01) colL(07) delay(xx) eff(85)	4
1	head(9F) delay(xx) group-pick op(0X83) stop reset eff(crossfading transitions) D0(xx,xx) D0(xx,xx) D0(xx,xx)	head(9F) delay(xx) group-pick op(0X83) stop reset eff(crossfading transitions) D0(xx,xx) D0(xx,xx) D0(xx,xx)	4
1	head(9C) delay(xx) ?group range bound 0x58 ?F0 pulse-effect modifier eff(04) ?four-arg group-select timer eff(1C)	head(9C) delay(xx) ?group range bound 0x58 ?F0 pulse-effect modifier eff(04) ?four-arg group-select timer eff(1C)	4
1	head(9F) delay(xx) op(0X29) op(0X04) op(0X04) op(0X1D) op(0X04) op(0X1D) group-pick op(0X83) op(0X10) op(0X29) op(0X04) op(0X02) op(0X1D) op(0X02) op(0X1D)	head(9F) delay(xx) op(0X29) op(0X04) op(0X04) op(0X1D) op(0X04) op(0X1D) group-pick op(0X83) op(0X10) op(0X29) op(0X04) op(0X02) op(0X1D) op(0X02) op(0X1D)	4
1	head(92) delay(xx) eff(86)	head(92) delay(xx) eff(86)	4
1	head(92) delay(xx) reset colB(04)	head(92) delay(xx) reset colB(04)	4
1	head(9E) delay(xx) reset D0(xx,xx) group-pick op(0XAA) op(0X10) eff(86) eff(crossfading transitions) D0(xx,xx)	head(9E) delay(xx) reset D0(xx,xx) group-pick op(0XAA) op(0X10) eff(86) eff(crossfading transitions) D0(xx,xx)	3
1	head(95) delay(xx) op(0X29) op(0X03) op(0X12) op(0X16) op(0X08)	head(95) delay(xx) op(0X29) op(0X03) op(0X12) op(0X16) op(0X08)	3
1	head(99) delay(xx) group-pick ?group range bound 0x40 reset eff(86) timer(xx) colB(07)	head(99) delay(xx) group-pick ?group range bound 0x40 reset eff(86) timer(xx) colB(07)	3
1	head(9E) delay(xx) reset eff(crossfading transitions) D0(xx,xx) D0(xx,xx) delay(xx) eff(85) timer(xx)	head(9E) immediate reset eff(crossfading transitions) D0(xx,xx) D0(xx,xx) delay(xx) eff(85) timer(xx)	3
1	head(9E) immediate reset eff(crossfading transitions) D0(xx,xx) D0(xx,xx) delay(xx) eff(85) timer(xx)	head(9E) delay(xx) reset eff(crossfading transitions) D0(xx,xx) D0(xx,xx) delay(xx) eff(85) timer(xx)	3
1	head(99) delay(xx) reset eff(crossfading transitions) D0(xx,xx) D0(xx,xx)	head(99) delay(xx) reset eff(crossfading transitions) D0(xx,xx) D0(xx,xx)	3
1	head(96) immediate stop delay(xx) eff(85) timer(xx)	head(96) delay(xx) stop delay(xx) eff(85) timer(xx)	3
1	head(9C) delay(xx) reset ?group range bound 0x0e op(0X13) colL(02) timer(xx) eff(slow even pulse) D0(xx,xx)	head(9C) delay(xx) reset ?group range bound 0x0e op(0X13) colL(02) timer(xx) eff(slow even pulse) D0(xx,xx)	3
1	head(94) delay(xx) paletteB paletteL	head(94) delay(xx) paletteB paletteL	3
1	head(9F) delay(xx) reset eff(86) timer(xx) eff(crossfading transitions) D0(xx,xx) D0(xx,xx) delay(xx) op(0X0D)	head(9F) delay(xx) reset eff(86) timer(xx) eff(crossfading transitions) D0(xx,xx) D0(xx,xx) delay(xx) op(0X0D)	3
1	head(95) immediate colB(07) timer(xx) eff(strobe flashes into running program)	head(95) delay(xx) colB(07) timer(xx) eff(strobe flashes into running program)	3
1	head(9D) group-pick op(0X0D) op(0X83) op(0X19) delay(xx) eff(hard color transitions) D0(xx,xx) timer(xx) eff(04)	head(9D) group-pick op(0X0D) op(0X83) op(0X19) delay(xx) eff(hard color transitions) D0(xx,xx) timer(xx) eff(04)	3
1	head(9D) group-pick group-close op(0X83) op(0X32) delay(xx) eff(hard color transitions) D0(xx,xx) timer(xx) eff(04)	head(9D) group-pick group-close op(0X83) op(0X32) delay(xx) eff(hard color transitions) D0(xx,xx) timer(xx) eff(04)	3
1	head(9D) delay(xx) group-close colB(04) colL(05) timer(xx) eff(04) D0(xx,xx) D0(xx,xx)	head(9D) delay(xx) group-close colB(04) colL(05) timer(xx) eff(04) D0(xx,xx) D0(xx,xx)	3
1	head(9B) immediate group-pick ?group range bound 0x64 reset paletteB delay(xx) eff(85) timer(xx)	head(9B) delay(xx) group-pick ?group range bound 0x64 reset paletteB delay(xx) eff(85) timer(xx)	3
1	head(9C) immediate reset group-pick op(0X10) op(0XAA) immediate eff(color sequence) D0(xx,xx) delay(xx) reset	head(98) delay(xx) reset group-pick ?group range bound 0x40 eff(color rotation) colB(07) colL(07)	3
1	head(9C) immediate reset group-pick immediate op(0XAA) op(0X30) eff(color sequence) D0(xx,xx) delay(xx) reset	head(98) delay(xx) reset group-pick ?group range bound 0x40 eff(color rotation) colB(07) colL(07)	3
1	head(97) delay(xx) reset colB(06) op(0X0D) timer(xx) eff(color sequence)	head(97) delay(xx) reset colB(06) op(0X0D) timer(xx) eff(color sequence)	3
1	head(96) delay(xx) group-pick op(0X22) op(0XA9) op(0X30) eff(86)	head(96) delay(xx) group-pick op(0X22) op(0XA9) op(0X30) eff(86)	3
1	head(97) immediate reset D0(xx,xx) D0(xx,xx)	head(97) delay(xx) reset D0(xx,xx) D0(xx,xx)	3
1	head(9B) group-pick op(0X00) op(0X83) op(0X15) delay(xx) reset colB(06) delay(xx) eff(85) timer(xx)	head(9B) group-pick op(0X00) op(0X83) op(0X15) delay(xx) reset colB(06) delay(xx) eff(85) timer(xx)	3
1	head(94) delay(xx) eff(85) delay(xx) reset	head(94) immediate eff(85) delay(xx) reset	3
1	head(97) delay(xx) reset D0(xx,xx) D0(xx,xx)	head(97) immediate reset D0(xx,xx) D0(xx,xx)	3
1	head(9C) delay(xx) reset eff(hard color transitions) D0(xx,xx) D0(xx,xx) D0(xx,xx)	head(9C) immediate reset eff(hard color transitions) D0(xx,xx) D0(xx,xx) D0(xx,xx)	3
1	head(9B) delay(xx) op(0X09) op(0X00) op(0X11) op(0X15) op(0X88) op(0X95) delay(xx) op(0X07) op(0X00) op(0X11) op(0X01)	head(9B) delay(xx) op(0X09) op(0X00) op(0X11) op(0X15) op(0X88) op(0X95) delay(xx) op(0X07) op(0X00) op(0X11) op(0X01)	3
1	head(96) delay(xx) reset colB(05) delay(xx) colB(04) delay(xx) reset	head(96) immediate reset colB(05) delay(xx) colB(04) delay(xx) reset	3
1	head(96) immediate reset colB(05) delay(xx) colB(04) delay(xx) reset	head(96) delay(xx) reset colB(05) delay(xx) colB(04) delay(xx) reset	3
1	head(9F) delay(xx) reset colL(01) colB(07) delay(xx) D1(xx,xx,xx) D1(xx,xx,xx) D0(xx,xx)	head(9F) immediate reset colL(01) colB(07) delay(xx) D1(xx,xx,xx) D1(xx,xx,xx) D0(xx,xx)	3
1	head(92) delay(xx) colB(07) colL(07)	head(92) delay(xx) colB(07) colL(07)	3
1	head(9C) immediate reset op(0X0D) colB(01) paletteL timer(xx) eff(04) D0(xx,xx)	head(9C) delay(xx) reset op(0X0D) colB(01) paletteL timer(xx) eff(04) D0(xx,xx)	3
1	head(98) delay(xx) group-pick op(0X00) op(0X83) op(0X15) eff(85) timer(xx)	head(98) delay(xx) group-pick op(0X00) op(0X83) op(0X15) eff(85) timer(xx)	3
1	head(92) delay(xx) reset colB(07)	head(92) delay(xx) reset colB(07)	3
1	head(98) delay(xx) group-pick op(0X0D) op(0X83) op(0X19) eff(85) timer(xx)	head(98) delay(xx) group-pick op(0X0D) op(0X83) op(0X19) eff(85) timer(xx)	3
1	head(98) delay(xx) group-pick op(0X19) op(0X83) stop eff(85) timer(xx)	head(98) delay(xx) group-pick op(0X19) op(0X83) stop eff(85) timer(xx)	3
1	head(98) immediate D2(xx,xx,xx,xx) op(0X02) immediate colB(06)	head(98) delay(xx) D2(xx,xx,xx,xx) op(0X02) immediate colB(06)	3
1	head(99) delay(xx) reset D2(xx,xx,xx,xx) op(0X02) immediate colB(06)	head(99) immediate reset D2(xx,xx,xx,xx) op(0X02) immediate colB(06)	3
1	head(9A) timer(xx) eff(04) paletteB paletteL D0(xx,xx)	head(95) op(0X92) ?timer 200 ms granularity (0x02,0x14) eff(flashing sequence)	3
1	head(9B) immediate group-close group-pick ?group range bound 0x40 op(0X0D) colB(01) ?timer 200 ms granularity (0x06,0x03) eff(flashing sequence)	head(9B) delay(xx) group-close group-pick ?group range bound 0x40 op(0X0D) colB(01) ?timer 200 ms granularity (0x06,0x03) eff(flashing sequence)	3
1	head(9C) delay(xx) stop group-pick ?group range bound 0x40 paletteB paletteL timer(xx) eff(0E)	head(9C) immediate stop group-pick ?group range bound 0x40 paletteB paletteL timer(xx) eff(0E)	3
1	head(9C) immediate stop group-pick ?group range bound 0x40 paletteB paletteL timer(xx) eff(0E)	head(9C) delay(xx) stop group-pick ?group range bound 0x40 paletteB paletteL timer(xx) eff(0E)	3
1	head(9C) delay(xx) stop group-pick ?group range bound 0x40 paletteB paletteL timer(xx) eff(0E)	head(9B) delay(xx) group-close group-pick ?group range bound 0x40 op(0X0D) colB(01) ?timer 200 ms granularity (0x06,0x03) eff(flashing sequence)	3
1	head(93) delay(xx) reset paletteB	head(93) immediate reset paletteB	3
1	head(9A) delay(xx) reset eff(hard color transitions) D0(xx,xx) D0(xx,xx) op(0X0D)	head(9A) delay(xx) reset eff(hard color transitions) D0(xx,xx) D0(xx,xx) op(0X0D)	3
1	head(91) op(0X9D) reset	head(93) op(0X91) D0(xx,xx)	3
1	head(9C) delay(xx) reset D0(xx,xx) op(0X46) group-pick op(0XEC) op(0XAC) paletteB delay(xx) reset	head(9C) immediate reset D0(xx,xx) op(0X46) group-pick op(0XEC) op(0XAC) paletteB delay(xx) reset	3
1	head(9B) delay(xx) D0(xx,xx) group-pick ?group range bound 0x40 op(0X29) op(0X13) op(0X04) op(0X1D) op(0X1D)	head(9B) delay(xx) D0(xx,xx) group-pick ?group range bound 0x40 op(0X29) op(0X13) op(0X04) op(0X1D) op(0X1D)	3
1	head(9A) delay(xx) reset colB(06) op(0X0D) timer(xx) eff(color sequence) delay(xx) eff(85)	head(9A) delay(xx) reset colB(06) op(0X0D) timer(xx) eff(color sequence) delay(xx) eff(85)	3
1	head(97) delay(xx) group-pick op(0X19) op(0X83) delay(xx) reset paletteB	head(97) delay(xx) group-pick op(0X19) op(0X83) delay(xx) reset paletteB	3
1	head(9E) delay(xx) reset op(0X29) op(0X02) op(0X15) op(0X1C) eff(09) D0(xx,xx) op(0X0D) D0(xx,xx)	head(9E) delay(xx) reset op(0X29) op(0X02) op(0X15) op(0X1C) eff(09) D0(xx,xx) op(0X0D) D0(xx,xx)	3
1	head(9F) delay(xx) reset op(0X29) op(0X12) op(0X1C) op(0X08) eff(05) D1(xx,xx,xx) D0(xx,xx) op(0X0D)	head(9F) delay(xx) reset op(0X29) op(0X12) op(0X1C) op(0X08) eff(05) D1(xx,xx,xx) D0(xx,xx) op(0X0D)	3
1	head(97) delay(xx) reset reset reset colL(04) delay(xx) eff(85)	head(97) delay(xx) reset reset reset colL(04) delay(xx) eff(85)	3
1	head(96) delay(xx) reset colB(02) group-pick op(0XAC) op(0X32) colB(04)	head(96) delay(xx) reset colB(02) group-pick op(0XAC) op(0X32) colB(04)	3
1	head(9B) delay(xx) reset colB(07) colL(07) op(0X72) D1(xx,xx,xx) D0(xx,xx)	head(9B) delay(xx) reset colB(07) colL(07) op(0X72) D1(xx,xx,xx) D0(xx,xx)	3
1	head(96) delay(xx) reset op(0X72) group-pick op(0X83) op(0X1E) op(0X99)	head(96) delay(xx) reset op(0X72) group-pick op(0X83) op(0X1E) op(0X99)	3
1	head(9D) delay(xx) op(0X99) D0(xx,xx) eff(crossfading transitions) D0(xx,xx) op(0X74) D0(xx,xx)	head(9D) delay(xx) op(0X99) D0(xx,xx) eff(crossfading transitions) D0(xx,xx) op(0X74) D0(xx,xx)	3
1	head(9E) delay(xx) op(0X94) eff(crossfading transitions) D0(xx,xx) op(0X74) D0(xx,xx) eff(86) timer(xx)	head(9E) delay(xx) op(0X94) eff(crossfading transitions) D0(xx,xx) op(0X74) D0(xx,xx) eff(86) timer(xx)	3
1	head(96) delay(xx) reset colB(02) ?left ear off delay(xx) eff(85)	head(96) delay(xx) reset colB(02) ?left ear off delay(xx) eff(85)	3
1	head(95) delay(xx) reset colL(04) delay(xx) eff(85)	head(95) delay(xx) reset colL(04) delay(xx) eff(85)	3
1	head(95) delay(xx) reset group-pick op(0X83) op(0X19) colB(04)	head(95) delay(xx) reset group-pick op(0X83) op(0X19) colB(04)	3
1	head(9B) delay(xx) reset D0(xx,xx) op(0X46) group-pick op(0XEC) op(0XAA) colB(04) eff(86)	head(9B) delay(xx) reset D0(xx,xx) op(0X46) group-pick op(0XEC) op(0XAA) colB(04) eff(86)	3
1	head(93) delay(xx) reset colB(04) colL(02)	head(93) delay(xx) reset colB(04) colL(02)	3
1	head(9E) delay(xx) reset colB(04) colL(02) timer(xx) eff(slow even pulse) ?four-arg group-select timer eff(91)	head(9E) delay(xx) reset colB(04) colL(02) timer(xx) eff(slow even pulse) ?four-arg group-select timer eff(91)	3
1	head(9E) delay(xx) reset colL(04) colB(02) D1(xx,xx,xx) D1(xx,xx,xx) D0(xx,xx)	head(9E) delay(xx) reset colL(04) colB(02) D1(xx,xx,xx) D1(xx,xx,xx) D0(xx,xx)	3
1	head(96) delay(xx) D0(xx,xx) D0(xx,xx)	head(96) delay(xx) D0(xx,xx) D0(xx,xx)	3
1	head(9C) delay(xx) ?group range bound 0xd0 op(0X39) op(0X14) op(0X46) group-pick op(0XEC) op(0XAA) eff(86) timer(xx)	head(9C) delay(xx) ?group range bound 0xd0 op(0X39) op(0X14) op(0X46) group-pick op(0XEC) op(0XAA) eff(86) timer(xx)	3
1	head(9F) delay(xx) ?group range bound 0xd0 op(0X39) op(0X07) op(0X46) group-pick op(0XEC) op(0XAA) colB(02) colL(02) timer(xx) eff(04) op(0X0D)	head(9F) delay(xx) ?group range bound 0xd0 op(0X39) op(0X07) op(0X46) group-pick op(0XEC) op(0XAA) colB(02) colL(02) timer(xx) eff(04) op(0X0D)	3
1	head(97) immediate reset colB(06) delay(xx) eff(85) timer(xx)	head(97) delay(xx) reset colB(06) delay(xx) eff(85) timer(xx)	2
1	head(9C) delay(xx) reset D0(xx,xx) op(0X46) group-pick op(0XEC) op(0XAC) colB(06) op(0X0D) eff(flashing sequence)	head(9C) immediate reset D0(xx,xx) op(0X46) group-pick op(0XEC) op(0XAC) colB(06) op(0X0D) eff(flashing sequence)	2
1	head(92) delay(xx) eff(85)	head(9C) delay(xx) reset op(0X29) op(0X01) op(0X1D) eff(crossfading transitions) D0(xx,xx) D0(xx,xx)	2
1	head(9C) delay(xx) reset op(0X29) op(0X01) op(0X1D) eff(crossfading transitions) D0(xx,xx) D0(xx,xx)	head(99) delay(xx) ?group range bound 0x29 op(0X02) op(0X04) op(0X15) eff(86) timer(xx)	2
1	head(9C) immediate reset op(0X29) op(0X01) op(0X1D) eff(crossfading transitions) D0(xx,xx) D0(xx,xx)	head(9C) delay(xx) reset op(0X29) op(0X01) op(0X1D) eff(crossfading transitions) D0(xx,xx) D0(xx,xx)	2
1	head(9C) delay(xx) reset op(0X29) op(0X01) op(0X1D) eff(crossfading transitions) D0(xx,xx) D0(xx,xx)	head(9C) immediate reset op(0X29) op(0X01) op(0X1D) eff(crossfading transitions) D0(xx,xx) D0(xx,xx)	2
1	head(9C) delay(xx) reset D0(xx,xx) colB(04) eff(86) delay(xx) eff(85) timer(xx)	head(9C) delay(xx) reset D0(xx,xx) colB(04) eff(86) delay(xx) eff(85) timer(xx)	2
1	head(9C) delay(xx) reset D0(xx,xx) colB(04) eff(86) delay(xx) eff(85) timer(xx)	head(9C) immediate reset D0(xx,xx) colB(04) eff(86) delay(xx) eff(85) timer(xx)	2
1	head(9C) delay(xx) reset D0(xx,xx) colB(01) eff(86) delay(xx) eff(85) timer(xx)	head(9C) delay(xx) reset D0(xx,xx) colB(01) eff(86) delay(xx) eff(85) timer(xx)	2
1	head(9C) delay(xx) reset D0(xx,xx) colB(01) eff(86) delay(xx) eff(85) timer(xx)	head(9C) immediate reset D0(xx,xx) colB(01) eff(86) delay(xx) eff(85) timer(xx)	2
1	head(98) delay(xx) reset group-pick op(0X83) op(0X10) colB(06) delay(xx) eff(85)	head(98) delay(xx) reset group-pick op(0X83) op(0X10) colB(06) delay(xx) eff(85)	2
1	head(98) delay(xx) reset group-pick op(0X83) op(0X10) colB(06) delay(xx) eff(85)	head(98) immediate reset group-pick op(0X83) op(0X10) colB(06) delay(xx) eff(85)	2
1	head(99) delay(xx) reset group-pick op(0X10) op(0X83) immediate colB(06) delay(xx) eff(85)	head(99) delay(xx) reset group-pick op(0X10) op(0X83) immediate colB(06) delay(xx) eff(85)	2
1	head(99) immediate reset group-pick immediate op(0X83) op(0X30) colB(06) delay(xx) eff(85)	head(99) delay(xx) reset group-pick immediate op(0X83) op(0X30) colB(06) delay(xx) eff(85)	2
1	head(99) delay(xx) reset group-pick immediate op(0X83) op(0X30) colB(06) delay(xx) eff(85)	head(98) immediate reset group-pick op(0X83) op(0X30) colB(06) delay(xx) eff(85)	2
1	head(98) immediate reset group-pick op(0X83) op(0X30) colB(06) delay(xx) eff(85)	head(98) delay(xx) reset group-pick op(0X83) op(0X30) colB(06) delay(xx) eff(85)	2
1	head(98) delay(xx) reset group-pick op(0X83) op(0X30) colB(06) delay(xx) eff(85)	head(98) delay(xx) reset group-pick op(0X83) op(0X30) colB(06) delay(xx) eff(85)	2
1	head(98) immediate reset group-pick op(0X83) immediate colB(06) delay(xx) eff(85)	head(98) delay(xx) reset group-pick op(0X83) immediate colB(06) delay(xx) eff(85)	2
1	head(9F) delay(xx) reset op(0X46) group-pick op(0XEC) op(0X83) colB(06) colL(06) timer(xx) eff(04) D0(xx,xx) op(0X0D)	head(9F) delay(xx) reset op(0X46) group-pick op(0XEC) op(0X83) colB(06) colL(06) timer(xx) eff(04) D0(xx,xx) op(0X0D)	2
1	head(9A) delay(xx) reset op(0X29) op(0X04) op(0X19) op(0X1D) op(0X15) op(0X12) D0(xx,xx)	head(9A) delay(xx) op(0X0D) eff(hard color transitions) D0(xx,xx) timer(xx) eff(strobe flashes into running program)	2
1	head(9A) delay(xx) op(0X0D) eff(hard color transitions) D0(xx,xx) timer(xx) eff(strobe flashes into running program)	head(96) delay(xx) stop delay(xx) eff(85) timer(xx)	2
1	head(96) delay(xx) stop delay(xx) eff(85) timer(xx)	head(96) immediate stop delay(xx) eff(85) timer(xx)	2
1	head(94) delay(xx) reset paletteL colB(06)	head(94) immediate reset paletteL colB(06)	2
1	head(91) delay(xx) stop	head(91) immediate stop	2
1	head(9E) delay(xx) ?group range bound 0x62 colL(03) timer(xx) eff(slow even pulse) D0(xx,xx) eff(86) timer(xx)	head(9E) delay(xx) ?group range bound 0x62 colL(03) timer(xx) eff(slow even pulse) D0(xx,xx) eff(86) timer(xx)	2
1	head(9F) delay(xx) ?group range bound 0x0e op(0X01) colL(01) timer(xx) eff(slow even pulse) D0(xx,xx) eff(86) timer(xx)	head(9F) delay(xx) ?group range bound 0x0e op(0X01) colL(01) timer(xx) eff(slow even pulse) D0(xx,xx) eff(86) timer(xx)	2
1	head(9F) delay(xx) ?group range bound 0x0e op(0X01) colL(07) timer(xx) eff(slow even pulse) D0(xx,xx) eff(86) timer(xx)	head(9F) delay(xx) ?group range bound 0x0e op(0X01) colL(07) timer(xx) eff(slow even pulse) D0(xx,xx) eff(86) timer(xx)	2
1	head(9F) delay(xx) ?group range bound 0x0e op(0X13) colL(06) timer(xx) eff(slow even pulse) D0(xx,xx) eff(86) timer(xx)	head(9F) delay(xx) ?group range bound 0x0e op(0X13) colL(06) timer(xx) eff(slow even pulse) D0(xx,xx) eff(86) timer(xx)	2
1	head(9E) delay(xx) ?group range bound 0x64 colL(06) timer(xx) eff(slow even pulse) D0(xx,xx) eff(86) timer(xx)	head(9E) delay(xx) ?group range bound 0x64 colL(06) timer(xx) eff(slow even pulse) D0(xx,xx) eff(86) timer(xx)	2
1	head(9F) delay(xx) ?group range bound 0x0e op(0X08) colL(04) timer(xx) eff(slow even pulse) D0(xx,xx) eff(86) timer(xx)	head(9F) delay(xx) ?group range bound 0x0e op(0X08) colL(04) timer(xx) eff(slow even pulse) D0(xx,xx) eff(86) timer(xx)	2
1	head(9F) delay(xx) ?group range bound 0x64 paletteL timer(xx) eff(slow even pulse) D0(xx,xx) eff(86) timer(xx)	head(9F) delay(xx) ?group range bound 0x64 paletteL timer(xx) eff(slow even pulse) D0(xx,xx) eff(86) timer(xx)	2
1	head(9F) delay(xx) ?group range bound 0x0e op(0X01) colL(03) timer(xx) eff(slow even pulse) D0(xx,xx) eff(86) timer(xx)	head(9F) delay(xx) ?group range bound 0x0e op(0X01) colL(03) timer(xx) eff(slow even pulse) D0(xx,xx) eff(86) timer(xx)	2
1	head(9F) delay(xx) ?group range bound 0x0e op(0X13) colL(03) timer(xx) eff(slow even pulse) D0(xx,xx) eff(86) timer(xx)	head(9F) delay(xx) ?group range bound 0x0e op(0X13) colL(03) timer(xx) eff(slow even pulse) D0(xx,xx) eff(86) timer(xx)	2
1	head(9F) delay(xx) ?group range bound 0x61 paletteL timer(xx) eff(slow even pulse) D0(xx,xx) eff(86) timer(xx)	head(9F) immediate ?group range bound 0x61 paletteL timer(xx) eff(slow even pulse) D0(xx,xx) eff(86) timer(xx)	2
1	head(9F) immediate ?group range bound 0x61 paletteL timer(xx) eff(slow even pulse) D0(xx,xx) eff(86) timer(xx)	head(9F) delay(xx) ?group range bound 0x61 paletteL timer(xx) eff(slow even pulse) D0(xx,xx) eff(86) timer(xx)	2
1	head(9E) delay(xx) ?group range bound 0x64 colL(02) timer(xx) eff(slow even pulse) D0(xx,xx) eff(86) timer(xx)	head(9E) delay(xx) ?group range bound 0x64 colL(02) timer(xx) eff(slow even pulse) D0(xx,xx) eff(86) timer(xx)	2
1	head(97) delay(xx) reset group-pick op(0X00) op(0X83) op(0X15) paletteB	head(97) delay(xx) reset group-pick op(0X00) op(0X83) op(0X15) paletteB	2
1	head(96) group-pick op(0X16) op(0X83) op(0X2A) delay(xx) paletteB	head(96) group-pick op(0X16) op(0X83) op(0X2A) delay(xx) paletteB	2
1	head(95) group-pick op(0X2B) op(0X83) delay(xx) delay(xx) colB(06)	head(95) group-pick op(0X2B) op(0X83) delay(xx) delay(xx) colB(06)	2
1	head(94) delay(xx) reset colB(01) eff(86)	head(94) immediate reset colB(01) eff(86)	2
1	head(94) immediate reset colB(01) eff(86)	head(94) delay(xx) reset colB(01) eff(86)	2
1	head(94) delay(xx) reset colB(01) eff(86)	head(94) delay(xx) eff(85) timer(xx)	2
1	head(95) delay(xx) colB(07) timer(xx) eff(strobe flashes into running program)	head(9C) delay(xx) colB(07) timer(xx) eff(strobe flashes into running program) ?four-arg group-select timer eff(1C)	2
1	head(9C) delay(xx) colB(07) timer(xx) eff(strobe flashes into running program) ?four-arg group-select timer eff(1C)	head(9C) immediate colB(07) timer(xx) eff(strobe flashes into running program) ?four-arg group-select timer eff(1C)	2
1	head(9D) group-pick op(0X32) op(0X83) delay(xx) delay(xx) eff(hard color transitions) D0(xx,xx) timer(xx) eff(04)	head(9D) group-pick op(0X32) op(0X83) delay(xx) delay(xx) eff(hard color transitions) D0(xx,xx) timer(xx) eff(04)	2
1	head(9D) group-pick op(0X2C) op(0X83) delay(xx) delay(xx) eff(hard color transitions) D0(xx,xx) timer(xx) eff(04)	head(9D) group-pick op(0X2C) op(0X83) delay(xx) delay(xx) eff(hard color transitions) D0(xx,xx) timer(xx) eff(04)	2
1	head(9C) delay(xx) reset D1(xx,xx,xx) D0(xx,xx) D1(xx,xx,xx)	head(98) delay(xx) colB(04) paletteL op(0X0D) timer(xx) eff(04)	2
1	head(98) immediate colB(04) paletteL op(0X0D) timer(xx) eff(04)	head(98) delay(xx) colB(04) paletteL op(0X0D) timer(xx) eff(04)	2
1	head(9E) delay(xx) group-close colB(01) paletteL timer(xx) eff(04) D0(xx,xx) D0(xx,xx)	head(9E) immediate group-close colB(01) paletteL timer(xx) eff(04) D0(xx,xx) D0(xx,xx)	2
1	head(9E) delay(xx) group-close colB(05) paletteL timer(xx) eff(04) D0(xx,xx) D0(xx,xx)	head(9E) delay(xx) group-close colB(05) paletteL timer(xx) eff(04) D0(xx,xx) D0(xx,xx)	2
1	head(9E) delay(xx) group-close colB(05) paletteL timer(xx) eff(04) D0(xx,xx) D0(xx,xx)	head(9E) immediate group-close colB(05) paletteL timer(xx) eff(04) D0(xx,xx) D0(xx,xx)	2
1	head(9A) delay(xx) reset D1(xx,xx,xx) D2(xx,xx,xx,xx)	head(9A) immediate reset D1(xx,xx,xx) D2(xx,xx,xx,xx)	2
1	head(9A) delay(xx) reset D1(xx,xx,xx) D2(xx,xx,xx,xx)	head(95) delay(xx) colB(07) timer(xx) eff(strobe flashes into running program)	2
1	head(9C) immediate colB(07) timer(xx) eff(strobe flashes into running program) ?four-arg group-select timer eff(1C)	head(9C) immediate colB(07) timer(xx) eff(strobe flashes into running program) ?four-arg group-select timer eff(1C)	2
1	head(9C) immediate colB(07) timer(xx) eff(strobe flashes into running program) ?four-arg group-select timer eff(1C)	head(94) delay(xx) eff(85) timer(xx)	2
1	head(97) immediate reset colB(07) delay(xx) eff(85) timer(xx)	head(97) delay(xx) reset colB(02) delay(xx) eff(85) timer(xx)	2
1	head(91) op(0X93) reset	head(91) op(0X91) reset	2
1	head(9F) delay(xx) D0(xx,xx) group-pick ?group range bound 0x40 op(0X29) op(0X13) op(0X04) op(0X1D) op(0X1D) eff(86) timer(xx)	head(9F) delay(xx) D0(xx,xx) group-pick ?group range bound 0x40 op(0X29) op(0X13) op(0X04) op(0X1D) op(0X1D) eff(86) timer(xx)	2
1	head(9F) delay(xx) colL(01) ?timer 200 ms granularity (0x06,0x05) eff(flashing sequence) D0(xx,xx) D0(xx,xx) D0(xx,xx)	head(92) immediate eff(85)	2
1	head(92) immediate eff(85)	head(9F) delay(xx) reset D0(xx,xx) colL(01) ?four-arg group-select timer eff(1D) D0(xx,xx)	2
1	head(9F) delay(xx) reset D0(xx,xx) colL(01) ?four-arg group-select timer eff(1D) D0(xx,xx)	head(94) delay(xx) eff(85) timer(xx)	2
1	head(98) delay(xx) reset op(0X0D) op(0X29) op(0X04) op(0X19) op(0X12) op(0X19) op(0X12)	head(98) immediate reset op(0X0D) op(0X29) op(0X04) op(0X19) op(0X12) op(0X19) op(0X12)	2
1	head(98) immediate reset op(0X0D) op(0X29) op(0X04) op(0X19) op(0X12) op(0X19) op(0X12)	head(98) delay(xx) reset op(0X0D) op(0X29) op(0X04) op(0X19) op(0X12) op(0X19) op(0X12)	2
1	head(98) immediate reset eff(color sequence) D0(xx,xx) delay(xx) reset	head(98) delay(xx) reset eff(color sequence) D0(xx,xx) delay(xx) reset	2
1	head(9C) immediate reset group-pick op(0X00) op(0XAA) op(0X10) eff(color sequence) D0(xx,xx) delay(xx) reset	head(9B) immediate group-pick op(0XAA) op(0X00) reset eff(color sequence) D0(xx,xx) delay(xx) reset	2
1	head(9B) immediate group-pick op(0XAA) op(0X00) reset eff(color sequence) D0(xx,xx) delay(xx) reset	head(9C) immediate reset group-pick immediate op(0XAA) op(0X30) eff(color sequence) D0(xx,xx) delay(xx) reset	2
1	head(98) immediate reset group-pick ?group range bound 0x40 eff(color rotation) colB(07) colL(07)	head(9B) immediate group-pick op(0XAA) op(0X40) reset eff(color sequence) D0(xx,xx) delay(xx) reset	2
1	head(9B) immediate group-pick op(0XAA) op(0X40) reset eff(color sequence) D0(xx,xx) delay(xx) reset	head(9C) immediate reset group-pick immediate op(0XAA) op(0X30) eff(color sequence) D0(xx,xx) delay(xx) reset	2
1	head(98) delay(xx) reset group-pick ?group range bound 0x40 eff(color rotation) colB(07) colL(07)	head(9C) immediate reset group-pick op(0X10) op(0XAA) immediate eff(color sequence) D0(xx,xx) delay(xx) reset	2
1	head(97) delay(xx) reset colL(07) timer(xx) eff(strobe flashes into running program) op(0X0D)	head(97) immediate reset colL(07) timer(xx) eff(strobe flashes into running program) op(0X0D)	2
1	head(97) immediate reset colL(07) timer(xx) eff(strobe flashes into running program) op(0X0D)	head(97) delay(xx) reset colL(07) timer(xx) eff(strobe flashes into running program) op(0X0D)	2
1	head(9A) delay(xx) group-pick op(0X83) op(0X15) reset colL(07) op(0X0D) timer(xx) eff(color sequence)	head(9A) immediate group-pick op(0X83) op(0X15) reset colL(07) op(0X0D) timer(xx) eff(color sequence)	2
1	head(9B) immediate group-pick op(0X15) op(0X83) op(0X2B) reset colL(07) op(0X0D) timer(xx) eff(color sequence)	head(9B) delay(xx) group-pick op(0X15) op(0X83) op(0X2B) reset colL(07) op(0X0D) timer(xx) eff(color sequence)	2
1	head(9A) delay(xx) group-pick op(0X83) op(0X2B) reset colL(07) op(0X0D) timer(xx) eff(color sequence)	head(92) immediate eff(85)	2
1	head(9D) delay(xx) reset op(0X0D) timer(xx) eff(color sequence) colB(07) group-pick op(0X15) op(0X83) op(0X2B) paletteB	head(91) delay(xx) reset	2
1	head(97) immediate reset colB(03) delay(xx) eff(85) timer(xx)	head(9A) delay(xx) reset eff(crossfading transitions) D0(xx,xx) D0(xx,xx) op(0X72)	2
1	head(97) delay(xx) group-pick op(0XA9) op(0X31) eff(86) eff(86)	head(97) delay(xx) group-pick op(0XA9) op(0X31) eff(86) eff(86)	2
1	head(97) delay(xx) reset D0(xx,xx) D0(xx,xx)	head(9B) delay(xx) ?group range bound 0x46 group-pick op(0XEC) op(0XAC) eff(crossfading transitions) D0(xx,xx) op(0X0D)	2
1	head(9B) delay(xx) ?group range bound 0x46 group-pick op(0XEC) op(0XAC) eff(crossfading transitions) D0(xx,xx) op(0X0D)	head(9B) immediate ?group range bound 0x46 group-pick op(0XEC) op(0XAC) eff(crossfading transitions) D0(xx,xx) op(0X0D)	2
1	head(92) immediate eff(85)	head(97) delay(xx) reset D0(xx,xx) D0(xx,xx)	2
1	head(9B) delay(xx) reset colB(07) delay(xx) eff(85) op(0X29) op(0X04) op(0X08) op(0X02) op(0X19) op(0X1D)	head(9B) immediate reset colB(07) delay(xx) eff(85) op(0X29) op(0X04) op(0X08) op(0X02) op(0X19) op(0X1D)	2
1	head(95) op(0X44) op(0X17) op(0X97) op(0X0A) op(0X00) op(0X11)	head(95) op(0X44) op(0X16) op(0X97) op(0X0A) op(0X00) op(0X11)	2
1	head(94) delay(xx) op(0X97) op(0X0A) op(0X00) op(0X11)	head(95) op(0X44) op(0X10) op(0X97) op(0X0A) op(0X00) op(0X11)	2
1	head(95) op(0X44) op(0X10) op(0X97) op(0X0A) op(0X00) op(0X11)	head(95) op(0X44) op(0X11) op(0X97) op(0X0A) op(0X00) op(0X11)	2
1	head(94) delay(xx) op(0X97) op(0X0A) op(0X00) op(0X11)	head(94) immediate op(0X97) op(0X0A) op(0X00) op(0X11)	2
1	head(94) immediate op(0X97) op(0X0A) op(0X00) op(0X11)	head(94) delay(xx) op(0X97) op(0X0A) op(0X00) op(0X11)	2
1	head(96) delay(xx) reset op(0X29) op(0X03) op(0X15) op(0X0D) op(0X19)	head(9F) delay(xx) reset eff(hard color transitions) D0(xx,xx) ?timer 200 ms granularity (0x09,0x02) eff(flashing sequence) op(0X0D) D0(xx,xx)	2
1	head(9E) delay(xx) reset colB(07) colL(07) ?fractional period (0x05,0x08,0x55, period=250.0s) eff(color sequence 0x8b) timer(xx) eff(color sequence) op(0X0D)	head(9E) delay(xx) reset colB(07) colL(07) ?fractional period (0x02,0x08,0x55, period=100.0s) eff(color sequence 0x8b) timer(xx) eff(color sequence) op(0X0D)	2
1	head(9E) delay(xx) reset colB(07) colL(07) ?fractional period (0x02,0x08,0x55, period=100.0s) eff(color sequence 0x8b) timer(xx) eff(color sequence) op(0X0D)	head(9E) immediate reset colB(07) colL(07) ?fractional period (0x02,0x08,0x55, period=100.0s) eff(color sequence 0x8b) timer(xx) eff(color sequence) op(0X0D)	2
1	head(9E) immediate reset colB(07) colL(07) ?fractional period (0x02,0x08,0x55, period=100.0s) eff(color sequence 0x8b) timer(xx) eff(color sequence) op(0X0D)	head(9E) delay(xx) reset colB(07) colL(07) ?fractional period (0x01,0x08,0x55, period=50.0s) eff(color sequence 0x8b) timer(xx) eff(color sequence) op(0X0D)	2
1	head(9E) delay(xx) reset colB(07) colL(07) ?fractional period (0x01,0x08,0x55, period=50.0s) eff(color sequence 0x8b) timer(xx) eff(color sequence) op(0X0D)	head(91) delay(xx) reset	2
1	head(96) delay(xx) reset op(0X29) op(0X03) op(0X15) op(0X0D) op(0X19)	head(9C) delay(xx) reset op(0X09) op(0X00) op(0X11) op(0X15) group-pick op(0X95) op(0X02) op(0X29) op(0X02) op(0X15) op(0X12)	2
1	head(9C) delay(xx) reset op(0X09) op(0X00) op(0X11) op(0X15) group-pick op(0X95) op(0X02) op(0X29) op(0X02) op(0X15) op(0X12)	head(9B) delay(xx) reset D1(xx,xx,xx) eff(hard color transitions) D0(xx,xx) op(0X72)	2
1	head(95) delay(xx) op(0X97) op(0X71) D0(xx,xx)	head(95) immediate op(0X97) op(0X71) D0(xx,xx)	2
1	head(95) immediate op(0X97) op(0X71) D0(xx,xx)	head(95) delay(xx) op(0X97) op(0X71) D0(xx,xx)	2
1	head(94) ?clock tick 0x21 D0(xx,xx)	head(9A) op(0X93) op(0X00) op(0X00) D2(xx,xx,xx,xx) op(0X02) immediate colB(06)	2
1	head(94) ?clock tick 0x73 D0(xx,xx)	head(9A) op(0X93) op(0X00) op(0X00) D2(xx,xx,xx,xx) op(0X02) immediate colB(06)	2
0	head(98) stop op(0X0D) eff(quick flashing on one ear) D0(xx,xx) delay(xx) reset	head(9F) op(0X91) op(0X90) stop eff(color sequence 0x87) op(0X29) op(0X02) op(0X04) op(0X16) D1(xx,xx,xx) D0(xx,xx)	2
1	head(94) ?clock tick 0xc5 D0(xx,xx)	head(9A) op(0X93) op(0X00) op(0X00) D2(xx,xx,xx,xx) op(0X02) immediate colB(06)	2
1	head(94) ?clock tick 0x17 D0(xx,xx)	head(9A) op(0X93) op(0X00) op(0X00) D2(xx,xx,xx,xx) op(0X02) immediate colB(06)	2
1	head(94) ?clock tick 0x69 D0(xx,xx)	head(9A) op(0X93) op(0X00) op(0X00) D2(xx,xx,xx,xx) op(0X02) immediate colB(06)	2
1	head(94) ?clock tick 0xbb D0(xx,xx)	head(9A) op(0X93) op(0X00) op(0X00) D2(xx,xx,xx,xx) op(0X02) immediate colB(06)	2
1	head(94) ?clock tick 0x0d D0(xx,xx)	head(9A) op(0X93) op(0X00) op(0X00) D2(xx,xx,xx,xx) op(0X02) immediate colB(06)	2
1	head(94) ?clock tick 0x5f D0(xx,xx)	head(9A) op(0X93) op(0X00) op(0X00) D2(xx,xx,xx,xx) op(0X02) immediate colB(06)	2
1	head(94) ?clock tick 0xb1 D0(xx,xx)	head(9A) op(0X93) op(0X00) op(0X00) D2(xx,xx,xx,xx) op(0X02) immediate colB(06)	2
1	head(94) ?clock tick 0x55 D0(xx,xx)	head(9A) op(0X93) op(0X00) op(0X00) D2(xx,xx,xx,xx) op(0X02) immediate colB(06)	2
1	head(94) ?clock tick 0xa7 D0(xx,xx)	head(9A) op(0X93) op(0X00) op(0X00) D2(xx,xx,xx,xx) op(0X02) immediate colB(06)	2
1	head(94) ?clock tick 0xf9 D0(xx,xx)	head(9A) op(0X93) op(0X00) op(0X00) D2(xx,xx,xx,xx) op(0X02) immediate colB(06)	2
1	head(94) ?clock tick 0x4b D0(xx,xx)	head(9A) op(0X93) op(0X00) op(0X00) D2(xx,xx,xx,xx) op(0X02) immediate colB(06)	2
1	head(94) ?clock tick 0x9d D0(xx,xx)	head(9A) op(0X93) op(0X00) op(0X00) D2(xx,xx,xx,xx) op(0X02) immediate colB(06)	2
1	head(98) delay(xx) group-pick op(0X2C) op(0X83) delay(xx) eff(85) timer(xx)	head(98) immediate group-pick op(0X2C) op(0X83) delay(xx) eff(85) timer(xx)	2
1	head(96) delay(xx) reset eff(color sequence) delay(xx) reset colB(01)	head(96) delay(xx) reset eff(color sequence) delay(xx) reset colB(01)	2
1	head(9F) immediate reset colL(01) colB(07) delay(xx) D1(xx,xx,xx) D1(xx,xx,xx) D0(xx,xx)	head(9F) delay(xx) reset colL(01) colB(07) delay(xx) D1(xx,xx,xx) D1(xx,xx,xx) D0(xx,xx)	2
1	head(97) delay(xx) colB(01) paletteL eff(86) timer(xx)	head(97) delay(xx) colB(01) paletteL eff(86) timer(xx)	2
1	head(94) delay(xx) reset colB(04) delay(xx) colB(05)	head(94) delay(xx) reset colB(04) delay(xx) colB(05)	2
1	head(9A) delay(xx) reset eff(86) colB(07) colL(07) delay(xx) eff(85) timer(xx)	head(9A) immediate reset eff(86) colB(07) colL(07) delay(xx) eff(85) timer(xx)	2
1	head(9A) immediate reset eff(86) colB(07) colL(07) delay(xx) eff(85) timer(xx)	head(9A) delay(xx) reset eff(86) colB(07) colL(07) delay(xx) eff(85) timer(xx)	2
1	head(9A) delay(xx) reset eff(86) colB(07) colL(07) delay(xx) eff(85) timer(xx)	head(9C) delay(xx) reset op(0X0D) colB(01) paletteL timer(xx) eff(04) D0(xx,xx)	2
1	head(9A) reset group-pick op(0X1F) op(0X83) delay(xx) delay(xx) colB(01) timer(xx) eff(color sequence)	head(9A) reset group-pick op(0X1F) op(0X83) delay(xx) immediate colB(01) timer(xx) eff(color sequence)	2
1	head(9A) reset group-pick op(0X1F) op(0X83) delay(xx) immediate colB(01) timer(xx) eff(color sequence)	head(9A) reset group-pick op(0X1F) op(0X83) delay(xx) delay(xx) colB(01) timer(xx) eff(color sequence)	2
0	head(9A) reset group-pick op(0X1F) op(0X83) delay(xx) delay(xx) colB(01) timer(xx) eff(color sequence)	head(9A) reset group-pick op(0X00) op(0X83) op(0X1F) delay(xx) colB(01) timer(xx) eff(color sequence)	2
1	head(9A) reset group-pick op(0X00) op(0X83) op(0X1F) delay(xx) colB(01) timer(xx) eff(color sequence)	head(9A) reset group-pick op(0X00) op(0X83) op(0X1F) immediate colB(01) timer(xx) eff(color sequence)	2
1	head(9A) reset group-pick op(0X00) op(0X83) op(0X1F) immediate colB(01) timer(xx) eff(color sequence)	head(9A) reset group-pick op(0X00) op(0X83) op(0X1F) delay(xx) colB(01) timer(xx) eff(color sequence)	2
1	head(95) delay(xx) colB(05) timer(xx) eff(color sequence)	head(95) delay(xx) colB(05) timer(xx) eff(color sequence)	2
1	head(99) delay(xx) reset colB(04) colL(05) timer(xx) eff(0E) delay(xx) reset	head(99) immediate reset colB(04) colL(05) timer(xx) eff(0E) delay(xx) reset	2
1	head(97) delay(xx) reset paletteB eff(86) timer(xx)	head(97) delay(xx) reset paletteB eff(86) timer(xx)	2
1	head(9D) delay(xx) colB(07) eff(86) timer(xx) delay(xx) reset colL(04) delay(xx) eff(85) timer(xx)	head(9D) delay(xx) colB(07) eff(86) timer(xx) delay(xx) reset colL(04) delay(xx) eff(85) timer(xx)	2
1	head(9D) delay(xx) colB(07) eff(86) timer(xx) delay(xx) reset colL(04) delay(xx) eff(85) timer(xx)	head(9D) immediate colB(07) eff(86) timer(xx) delay(xx) reset colL(04) delay(xx) eff(85) timer(xx)	2
1	head(9D) immediate colB(07) eff(86) timer(xx) delay(xx) reset colL(04) delay(xx) eff(85) timer(xx)	head(9D) delay(xx) colB(07) eff(86) timer(xx) delay(xx) reset colL(04) delay(xx) eff(85) timer(xx)	2
1	head(9D) delay(xx) colB(07) eff(86) timer(xx) delay(xx) reset colL(04) delay(xx) eff(85) timer(xx)	head(9E) delay(xx) eff(86) timer(xx) delay(xx) reset paletteB ?left ear off delay(xx) eff(85) timer(xx)	2
1	head(9E) delay(xx) reset reset colB(04) delay(xx) colB(02) colL(01) timer(xx) eff(04) D0(xx,xx) op(0X0D)	head(9E) delay(xx) reset reset colB(04) delay(xx) colB(02) colL(01) timer(xx) eff(04) D0(xx,xx) op(0X0D)	2
1	head(99) immediate reset D2(xx,xx,xx,xx) op(0X02) immediate colB(06)	head(99) delay(xx) reset D2(xx,xx,xx,xx) op(0X02) immediate colB(06)	2
1	head(91) op(0X9A) reset	head(93) op(0X91) D0(xx,xx)	2
1	head(95) op(0X92) ?timer 200 ms granularity (0x02,0x14) eff(flashing sequence)	head(93) op(0X91) D0(xx,xx)	2
1	head(9B) delay(xx) group-close group-pick ?group range bound 0x40 op(0X0D) colB(01) ?timer 200 ms granularity (0x06,0x03) eff(flashing sequence)	head(9C) delay(xx) stop group-pick ?group range bound 0x40 paletteB paletteL timer(xx) eff(0E)	2
1	head(9A) delay(xx) reset eff(hard color transitions) D0(xx,xx) D0(xx,xx) op(0X0D)	head(98) delay(xx) reset colB(01) paletteL timer(xx) eff(0E)	2
1	head(97) delay(xx) eff(color sequence 0x87) ?timer 200 ms granularity (0x06,0x05) eff(90)	head(97) delay(xx) eff(color sequence 0x87) ?timer 200 ms granularity (0x06,0x05) eff(90)	2
1	head(9C) immediate colB(07) timer(xx) eff(strobe flashes into running program) ?four-arg group-select timer eff(1C)	head(9C) delay(xx) colB(07) timer(xx) eff(strobe flashes into running program) ?four-arg group-select timer eff(1C)	2
1	head(9C) delay(xx) reset D0(xx,xx) op(0X46) group-pick op(0XEC) op(0XAB) paletteB delay(xx) reset	head(9C) immediate reset D0(xx,xx) op(0X46) group-pick op(0XEC) op(0XAB) paletteB delay(xx) reset	2
1	head(9B) delay(xx) reset ?four-arg group-select timer eff(color sequence 0x89) colB(04) delay(xx) reset	head(95) delay(xx) reset colB(04) delay(xx) eff(85)	2
1	head(93) op(0X91) D0(xx,xx)	head(91) op(0X91) reset	2
1	head(93) op(0X91) D0(xx,xx)	head(9E) op(0X94) group-close colB(04) paletteL timer(xx) eff(04) D0(xx,xx) D0(xx,xx)	2
1	head(93) op(0X91) D0(xx,xx)	head(9E) op(0X95) group-close colB(01) paletteL timer(xx) eff(04) D0(xx,xx) D0(xx,xx)	2
1	head(9C) delay(xx) reset eff(86) timer(xx) colB(01) D0(xx,xx) D0(xx,xx)	head(9C) delay(xx) reset eff(86) timer(xx) colB(01) D0(xx,xx) D0(xx,xx)	2
1	head(9B) delay(xx) paletteB paletteL op(0X71) delay(xx) colB(02) colL(02) D0(xx,xx)	head(9B) immediate paletteB paletteL op(0X71) delay(xx) colB(02) colL(02) D0(xx,xx)	2
1	head(91) op(0X93) reset	head(93) op(0X91) D0(xx,xx)	2
1	head(9B) delay(xx) D0(xx,xx) group-pick ?group range bound 0x40 op(0X29) op(0X13) op(0X1D) op(0X01) op(0X1D)	head(9B) delay(xx) D0(xx,xx) group-pick ?group range bound 0x40 op(0X29) op(0X13) op(0X1D) op(0X01) op(0X1D)	2
1	head(94) delay(xx) eff(85) timer(xx)	head(91) delay(xx) reset	2
1	head(91) op(0X94) reset	head(93) op(0X91) D0(xx,xx)	2
1	head(9E) delay(xx) ?group range bound 0x46 group-pick op(0XEC) op(0XA9) op(0X0D) paletteB paletteL timer(xx) eff(04)	head(9E) delay(xx) ?group range bound 0x46 group-pick op(0XEC) op(0XA9) op(0X0D) paletteB paletteL timer(xx) eff(04)	2
1	head(98) delay(xx) reset group-pick ?group range bound 0x40 eff(color rotation) colB(07) colL(07)	head(9C) immediate reset group-pick op(0X1F) op(0XAB) op(0X3C) eff(color sequence) D0(xx,xx) delay(xx) reset	2
1	head(9C) immediate reset group-pick op(0X3C) op(0XAB) ?fractional period (0x48,0x13,0xd0) op(0X3D) op(0X01) delay(xx) reset	head(98) delay(xx) reset group-pick ?group range bound 0x40 eff(color rotation) colB(07) colL(07)	2
1	head(96) delay(xx) reset colL(07) timer(xx) eff(strobe flashes into running program)	head(96) immediate reset colL(07) timer(xx) eff(strobe flashes into running program)	2
1	head(96) immediate reset colL(07) timer(xx) eff(strobe flashes into running program)	head(96) delay(xx) reset colL(07) timer(xx) eff(strobe flashes into running program)	2
1	head(9D) delay(xx) group-pick op(0XAB) op(0X3C) reset op(0X0D) eff(crossfading transitions) D0(xx,xx) delay(xx) eff(85)	head(9D) immediate group-pick op(0XAB) op(0X3C) reset op(0X0D) eff(crossfading transitions) D0(xx,xx) delay(xx) eff(85)	2
1	head(9D) immediate group-pick op(0XAB) op(0X3C) reset op(0X0D) eff(crossfading transitions) D0(xx,xx) delay(xx) eff(85)	head(9D) delay(xx) group-pick op(0XAB) op(0X3C) reset op(0X0D) eff(crossfading transitions) D0(xx,xx) delay(xx) eff(85)	2
1	head(9C) delay(xx) eff(85) timer(xx) D2(xx,xx,xx,xx) op(0X02) immediate colB(06)	head(9C) immediate eff(85) timer(xx) D2(xx,xx,xx,xx) op(0X02) immediate colB(06)	2
1	head(9C) immediate eff(85) timer(xx) D2(xx,xx,xx,xx) op(0X02) immediate colB(06)	head(9C) delay(xx) eff(85) timer(xx) D2(xx,xx,xx,xx) op(0X02) immediate colB(06)	2
1	head(96) delay(xx) reset colB(04) group-pick op(0XAC) op(0X32) colB(02)	head(96) immediate reset colB(04) group-pick op(0XAC) op(0X32) colB(02)	2
1	head(96) immediate reset colB(04) group-pick op(0XAC) op(0X32) colB(02)	head(96) delay(xx) reset colB(04) group-pick op(0XAC) op(0X32) colB(02)	2
1	head(99) delay(xx) reset group-pick ?clock tick 0x83 op(0X19) colB(07) delay(xx) eff(85)	head(99) immediate reset group-pick ?clock tick 0x83 op(0X19) colB(07) delay(xx) eff(85)	2
1	head(9F) delay(xx) reset D2(xx,xx,xx,xx) eff(hard color transitions) D0(xx,xx) op(0X72) D0(xx,xx)	head(9F) delay(xx) reset D2(xx,xx,xx,xx) eff(hard color transitions) D0(xx,xx) op(0X72) D0(xx,xx)	2
1	head(99) delay(xx) ?group range bound 0xd0 op(0X39) op(0X0A) op(0X46) group-pick op(0XEC) op(0XAA) op(0X71)	head(99) delay(xx) ?group range bound 0xd0 op(0X39) op(0X0A) op(0X46) group-pick op(0XEC) op(0XAA) op(0X71)	2
1	head(9C) delay(xx) reset eff(hard color transitions) D0(xx,xx) D0(xx,xx) delay(xx) eff(85)	head(98) immediate D2(xx,xx,xx,xx) op(0X02) immediate colB(06)	2
1	head(98) delay(xx) D2(xx,xx,xx,xx) op(0X02) immediate colB(06)	head(9C) delay(xx) reset eff(hard color transitions) D0(xx,xx) D0(xx,xx) delay(xx) eff(85)	2
1	head(99) delay(xx) group-pick group-close op(0X83) op(0X40) reset colB(06) delay(xx) eff(85)	head(99) delay(xx) group-pick group-close op(0X83) op(0X40) reset colB(06) delay(xx) eff(85)	2
1	head(9D) delay(xx) reset colB(06) ?four-arg group-select timer eff(1C) D1(xx,xx,xx)	head(9D) immediate reset colB(06) ?four-arg group-select timer eff(1C) D1(xx,xx,xx)	2
1	head(9D) immediate reset colB(06) ?four-arg group-select timer eff(1C) D1(xx,xx,xx)	head(9D) delay(xx) reset colB(06) ?four-arg group-select timer eff(1C) D1(xx,xx,xx)	2
1	head(93) delay(xx) reset colB(02) colL(04)	head(93) immediate reset colB(02) colL(04)	2
1	head(9E) delay(xx) ?group range bound 0x64 colL(02) timer(xx) eff(04) timer(xx) eff(color sequence) D0(xx,xx)	head(9E) delay(xx) ?group range bound 0x64 colL(02) timer(xx) eff(04) timer(xx) eff(color sequence) D0(xx,xx)	2
1	head(96) op(0X19) op(0X06) op(0X2F) paletteB op(0X74) op(0X05)	head(97) reset eff(color rotation) D0(xx,xx) colB(07) colL(05)	1
1	head(97) reset eff(color rotation) D0(xx,xx) colB(07) colL(05)	head(96) op(0X19) op(0X06) op(0X2F) paletteB op(0X74) op(0X05)	1
1	head(96) op(0X19) op(0X06) op(0X2F) paletteB op(0X74) op(0X05)	head(9A) op(0X9A) op(0X90) group-close eff(crossfading transitions) D0(xx,xx) D0(xx,xx)	1
0	head(9A) op(0X9A) op(0X90) group-close eff(crossfading transitions) D0(xx,xx) D0(xx,xx)	head(9A) op(0X9A) op(0X90) group-close eff(crossfading transitions) D0(xx,xx) D0(xx,xx)	1
1	head(94) op(0X92) D1(xx,xx,xx)	head(94) op(0X93) D1(xx,xx,xx)	1
1	head(94) op(0X93) D1(xx,xx,xx)	head(96) op(0X94) op(0X06) op(0X2A) op(0XBA) op(0X06) op(0X2B) op(0X35)	1
1	head(96) op(0X94) op(0X06) op(0X2A) op(0XBA) op(0X06) op(0X2B) op(0X35)	head(96) op(0X95) op(0X06) op(0X2A) op(0XBA) op(0X06) op(0X2B) op(0X35)	1
1	head(96) op(0X95) op(0X06) op(0X2A) op(0XBA) op(0X06) op(0X2B) op(0X35)	head(94) op(0X96) D1(xx,xx,xx)	1
1	head(94) op(0X96) D1(xx,xx,xx)	head(94) op(0X97) D1(xx,xx,xx)	1
1	head(94) op(0X97) D1(xx,xx,xx)	head(96) op(0X98) op(0X06) op(0X2B) colB(00) op(0X06) op(0X2C) colB(00)	1
1	head(96) op(0X98) op(0X06) op(0X2B) colB(00) op(0X06) op(0X2C) colB(00)	head(96) op(0X99) op(0X06) op(0X2B) colB(00) op(0X06) op(0X2C) colB(00)	1
0	head(96) op(0X99) op(0X06) op(0X2B) colB(00) op(0X06) op(0X2C) colB(00)	head(94) op(0X9A) D1(xx,xx,xx)	1
1	head(94) op(0X9A) D1(xx,xx,xx)	head(94) op(0X9B) D1(xx,xx,xx)	1
1	head(94) op(0X9B) D1(xx,xx,xx)	head(96) op(0X9C) op(0X06) op(0X2A) op(0XBA) op(0X06) op(0X2B) op(0X35)	1
1	head(96) op(0X9C) op(0X06) op(0X2A) op(0XBA) op(0X06) op(0X2B) op(0X35)	head(96) op(0X9D) op(0X06) op(0X2A) op(0XBA) op(0X06) op(0X2B) op(0X35)	1
1	head(96) op(0X9D) op(0X06) op(0X2A) op(0XBA) op(0X06) op(0X2B) op(0X35)	head(94) op(0X9E) D1(xx,xx,xx)	1
1	head(94) op(0X9E) D1(xx,xx,xx)	head(94) op(0X9F) D1(xx,xx,xx)	1
1	head(94) op(0X9F) D1(xx,xx,xx)	head(96) op(0X90) op(0X06) op(0X2B) colB(00) op(0X06) op(0X2C) colB(00)	1
1	head(96) op(0X90) op(0X06) op(0X2B) colB(00) op(0X06) op(0X2C) colB(00)	head(96) op(0X91) op(0X06) op(0X2B) colB(00) op(0X06) op(0X2C) colB(00)	1
0	head(96) op(0X91) op(0X06) op(0X2B) colB(00) op(0X06) op(0X2C) colB(00)	head(9D) group-close eff(crossfading transitions) D0(xx,xx) ?timer 200 ms granularity (0x04,0x05) eff(flashing sequence) D0(xx,xx)	1
1	head(9D) group-close eff(crossfading transitions) D0(xx,xx) ?timer 200 ms granularity (0x04,0x05) eff(flashing sequence) D0(xx,xx)	head(96) op(0X19) op(0X09) delay(xx) op(0X0A) op(0X0A) op(0XB8) op(0X03)	1
0	head(96) op(0X19) op(0X09) delay(xx) op(0X0A) op(0X0A) op(0XB8) op(0X03)	head(96) op(0X19) op(0X09) delay(xx) op(0X0A) stop op(0XB8) op(0X03)	1
1	head(96) op(0X19) op(0X09) delay(xx) op(0X0A) stop op(0XB8) op(0X03)	head(9D) group-close eff(crossfading transitions) D0(xx,xx) ?timer 200 ms granularity (0x04,0x05) eff(flashing sequence) D0(xx,xx)	1
1	head(9D) group-close eff(crossfading transitions) D0(xx,xx) ?timer 200 ms granularity (0x04,0x05) eff(flashing sequence) D0(xx,xx)	head(96) op(0X19) op(0X09) delay(xx) op(0X0A) stop op(0XB8) op(0X03)	1
1	head(91) op(0X9F) reset	head(9A) delay(xx) op(0X00) op(0X00) D2(xx,xx,xx,xx) op(0X02) immediate colB(06)	1
1	head(91) op(0X9F) reset	head(9A) immediate op(0X00) op(0X00) D2(xx,xx,xx,xx) op(0X02) immediate colB(06)	1
1	head(9A) delay(xx) op(0X00) op(0X00) D2(xx,xx,xx,xx) op(0X02) immediate colB(06)	head(96) delay(xx) reset colB(07) timer(xx) eff(strobe flashes into running program)	1
1	head(99) delay(xx) reset colB(04) paletteL delay(xx) eff(85) timer(xx)	head(99) immediate reset colB(04) paletteL delay(xx) eff(85) timer(xx)	1
1	head(99) immediate reset colB(04) paletteL delay(xx) eff(85) timer(xx)	head(99) delay(xx) reset colB(04) paletteL delay(xx) eff(85) timer(xx)	1
1	head(99) delay(xx) reset paletteB colL(04) delay(xx) eff(85) timer(xx)	head(99) immediate reset paletteB colL(04) delay(xx) eff(85) timer(xx)	1
1	head(99) immediate reset paletteB colL(04) delay(xx) eff(85) timer(xx)	head(99) delay(xx) reset paletteB colL(04) delay(xx) eff(85) timer(xx)	1
1	head(99) delay(xx) reset paletteB colL(04) delay(xx) eff(85) timer(xx)	head(9B) delay(xx) reset colB(04) delay(xx) colB(06) delay(xx) colB(01) delay(xx) eff(85) timer(xx)	1
1	head(9B) immediate reset colB(04) delay(xx) colB(06) delay(xx) colB(01) delay(xx) eff(85) timer(xx)	head(9B) delay(xx) reset colB(04) delay(xx) colB(06) delay(xx) colB(01) delay(xx) eff(85) timer(xx)	1
1	head(9B) delay(xx) reset colB(04) delay(xx) colB(06) delay(xx) colB(01) delay(xx) eff(85) timer(xx)	head(9E) delay(xx) reset D0(xx,xx) group-pick op(0XAA) op(0X32) eff(86) eff(crossfading transitions) D0(xx,xx)	1
1	head(9E) delay(xx) reset D0(xx,xx) group-pick op(0XAA) op(0X32) eff(86) eff(crossfading transitions) D0(xx,xx)	head(9A) delay(xx) op(0X00) op(0X00) D2(xx,xx,xx,xx) op(0X02) immediate colB(06)	1
1	head(9A) delay(xx) op(0X00) op(0X00) D2(xx,xx,xx,xx) op(0X02) immediate colB(06)	head(9E) immediate reset D0(xx,xx) group-pick op(0XAA) op(0X32) eff(86) eff(crossfading transitions) D0(xx,xx)	1
1	head(9E) immediate reset D0(xx,xx) group-pick op(0XAA) op(0X32) eff(86) eff(crossfading transitions) D0(xx,xx)	head(9A) immediate op(0X00) op(0X00) D2(xx,xx,xx,xx) op(0X02) immediate colB(06)	1
1	head(9A) delay(xx) op(0X00) op(0X00) D2(xx,xx,xx,xx) op(0X02) immediate colB(06)	head(9E) delay(xx) reset D0(xx,xx) group-pick op(0XAA) op(0X10) eff(86) eff(crossfading transitions) D0(xx,xx)	1
1	head(9E) delay(xx) reset D0(xx,xx) group-pick op(0XAA) op(0X10) eff(86) eff(crossfading transitions) D0(xx,xx)	head(94) delay(xx) eff(85) timer(xx)	1
1	head(94) delay(xx) eff(85) timer(xx)	head(9E) delay(xx) reset D0(xx,xx) group-pick op(0XAA) op(0X10) eff(86) eff(crossfading transitions) D0(xx,xx)	1
1	head(9E) delay(xx) reset D0(xx,xx) group-pick op(0XAA) op(0X10) eff(86) eff(crossfading transitions) D0(xx,xx)	head(9C) delay(xx) reset D0(xx,xx) op(0X46) group-pick op(0XEC) op(0XAC) colB(06) op(0X0D) eff(flashing sequence)	1
1	head(9C) immediate reset D0(xx,xx) op(0X46) group-pick op(0XEC) op(0XAC) colB(06) op(0X0D) eff(flashing sequence)	head(9A) delay(xx) op(0X29) op(0X03) op(0X16) op(0X19) op(0X04) op(0X29) op(0X13) op(0X15) op(0X13) op(0X04)	1
1	head(9C) immediate reset eff(hard color transitions) D0(xx,xx) D0(xx,xx) delay(xx) eff(85)	head(9A) delay(xx) op(0X29) op(0X03) op(0X16) op(0X19) op(0X04) op(0X29) op(0X13) op(0X15) op(0X13) op(0X04)	1
1	head(95) delay(xx) op(0X29) op(0X03) op(0X12) op(0X16) op(0X08)	head(95) immediate op(0X29) op(0X03) op(0X12) op(0X16) op(0X08)	1
1	head(95) immediate op(0X29) op(0X03) op(0X12) op(0X16) op(0X08)	head(95) delay(xx) op(0X29) op(0X03) op(0X12) op(0X16) op(0X08)	1
1	head(95) delay(xx) op(0X29) op(0X03) op(0X12) op(0X16) op(0X08)	head(9C) delay(xx) reset eff(hard color transitions) D0(xx,xx) D0(xx,xx) delay(xx) eff(85)	1
1	head(9C) immediate reset eff(hard color transitions) D0(xx,xx) D0(xx,xx) delay(xx) eff(85)	head(97) group-pick op(0X00) op(0X83) op(0X15) delay(xx) reset paletteB	1
1	head(97) group-pick op(0X00) op(0X83) op(0X15) delay(xx) reset paletteB	head(96) group-pick op(0X16) op(0X83) op(0X2C) immediate reset colB(03)	1
1	head(96) group-pick op(0X16) op(0X83) op(0X2C) immediate reset colB(03)	head(96) group-pick op(0X16) op(0X83) op(0X2C) delay(xx) reset colB(03)	1
1	head(96) group-pick op(0X16) op(0X83) op(0X2C) delay(xx) reset colB(03)	head(96) group-pick op(0X16) op(0X83) op(0X2C) delay(xx) reset colB(03)	1
1	head(96) group-pick op(0X16) op(0X83) op(0X2C) delay(xx) reset colB(03)	head(97) group-pick op(0X00) op(0X83) op(0X15) immediate reset paletteB	1
1	head(97) group-pick op(0X00) op(0X83) op(0X15) immediate reset paletteB	head(97) group-pick op(0X00) op(0X83) op(0X15) delay(xx) reset paletteB	1
1	head(97) group-pick op(0X00) op(0X83) op(0X15) delay(xx) reset paletteB	head(92) delay(xx) eff(85)	1
1	head(92) delay(xx) eff(85)	head(97) group-pick op(0X2C) op(0X83) delay(xx) delay(xx) reset paletteB	1
1	head(97) group-pick op(0X2C) op(0X83) delay(xx) delay(xx) reset paletteB	head(97) group-pick op(0X2C) op(0X83) delay(xx) delay(xx) reset paletteB	1
1	head(97) group-pick op(0X2C) op(0X83) delay(xx) delay(xx) reset paletteB	head(92) immediate eff(85)	1
1	head(99) delay(xx) ?group range bound 0x29 op(0X02) op(0X04) op(0X15) eff(86) timer(xx)	head(9C) immediate reset op(0X29) op(0X01) op(0X1D) eff(crossfading transitions) D0(xx,xx) D0(xx,xx)	1
1	head(9C) delay(xx) reset op(0X29) op(0X01) op(0X1D) eff(crossfading transitions) D0(xx,xx) D0(xx,xx)	head(99) immediate ?group range bound 0x29 op(0X02) op(0X04) op(0X15) eff(86) timer(xx)	1
1	head(99) immediate ?group range bound 0x29 op(0X02) op(0X04) op(0X15) eff(86) timer(xx)	head(99) delay(xx) ?group range bound 0x29 op(0X02) op(0X04) op(0X15) eff(86) timer(xx)	1
1	head(99) delay(xx) ?group range bound 0x29 op(0X02) op(0X04) op(0X15) eff(86) timer(xx)	head(94) delay(xx) eff(85) timer(xx)	1
1	head(94) delay(xx) eff(85) timer(xx)	head(9C) delay(xx) reset op(0X29) op(0X01) op(0X1D) eff(crossfading transitions) D0(xx,xx) D0(xx,xx)	1
1	head(9C) immediate reset op(0X29) op(0X01) op(0X1D) eff(crossfading transitions) D0(xx,xx) D0(xx,xx)	head(99) delay(xx) ?group range bound 0x29 op(0X02) op(0X04) op(0X19) eff(86) timer(xx)	1
1	head(99) delay(xx) ?group range bound 0x29 op(0X02) op(0X04) op(0X19) eff(86) timer(xx)	head(99) delay(xx) ?group range bound 0x29 op(0X02) op(0X04) op(0X19) eff(86) timer(xx)	1
1	head(99) delay(xx) ?group range bound 0x29 op(0X02) op(0X04) op(0X19) eff(86) timer(xx)	head(99) immediate ?group range bound 0x29 op(0X02) op(0X04) op(0X19) eff(86) timer(xx)	1
1	head(99) immediate ?group range bound 0x29 op(0X02) op(0X04) op(0X19) eff(86) timer(xx)	head(99) delay(xx) ?group range bound 0x29 op(0X02) op(0X04) op(0X19) eff(86) timer(xx)	1
1	head(99) delay(xx) ?group range bound 0x29 op(0X02) op(0X04) op(0X19) eff(86) timer(xx)	head(94) delay(xx) eff(85) timer(xx)	1
1	head(9C) immediate reset D0(xx,xx) colB(04) eff(86) delay(xx) eff(85) timer(xx)	head(9C) delay(xx) reset D0(xx,xx) colB(01) eff(86) delay(xx) eff(85) timer(xx)	1
1	head(9C) immediate reset D0(xx,xx) colB(01) eff(86) delay(xx) eff(85) timer(xx)	head(9E) delay(xx) reset group-pick ?group range bound 0x40 D0(xx,xx) op(0X0D) colB(01) ?timer 200 ms granularity (0x02,0x19) eff(flashing sequence)	1
1	head(9E) delay(xx) reset group-pick ?group range bound 0x40 D0(xx,xx) op(0X0D) colB(01) ?timer 200 ms granularity (0x02,0x19) eff(flashing sequence)	head(9E) immediate reset group-pick ?group range bound 0x40 D0(xx,xx) op(0X0D) colB(01) ?timer 200 ms granularity (0x02,0x19) eff(flashing sequence)	1
1	head(9E) immediate reset group-pick ?group range bound 0x40 D0(xx,xx) op(0X0D) colB(01) ?timer 200 ms granularity (0x02,0x19) eff(flashing sequence)	head(99) delay(xx) group-pick ?group range bound 0x40 reset eff(86) timer(xx) colB(07)	1
1	head(99) delay(xx) group-pick ?group range bound 0x40 reset eff(86) timer(xx) colB(07)	head(99) immediate group-pick ?group range bound 0x40 reset eff(86) timer(xx) colB(07)	1
1	head(99) immediate group-pick ?group range bound 0x40 reset eff(86) timer(xx) colB(07)	head(99) delay(xx) group-pick ?group range bound 0x40 reset eff(86) timer(xx) colB(07)	1
1	head(98) immediate reset group-pick op(0X83) op(0X10) colB(06) delay(xx) eff(85)	head(99) immediate reset group-pick op(0X10) op(0X83) immediate colB(06) delay(xx) eff(85)	1
1	head(99) immediate reset group-pick op(0X10) op(0X83) immediate colB(06) delay(xx) eff(85)	head(99) delay(xx) reset group-pick op(0X10) op(0X83) immediate colB(06) delay(xx) eff(85)	1
1	head(99) delay(xx) reset group-pick op(0X10) op(0X83) immediate colB(06) delay(xx) eff(85)	head(99) immediate reset group-pick immediate op(0X83) op(0X30) colB(06) delay(xx) eff(85)	1
1	head(99) delay(xx) reset group-pick immediate op(0X83) op(0X30) colB(06) delay(xx) eff(85)	head(99) delay(xx) reset group-pick immediate op(0X83) op(0X30) colB(06) delay(xx) eff(85)	1
1	head(98) immediate reset group-pick op(0X83) immediate colB(06) delay(xx) eff(85)	head(91) op(0X93) reset	1
1	head(91) op(0X94) reset	head(91) op(0X93) reset	1
1	head(9F) delay(xx) reset op(0X46) group-pick op(0XEC) op(0X83) colB(06) colL(06) timer(xx) eff(04) D0(xx,xx) op(0X0D)	head(9F) immediate reset op(0X46) group-pick op(0XEC) op(0X83) colB(06) colL(06) timer(xx) eff(04) D0(xx,xx) op(0X0D)	1
1	head(9F) immediate reset op(0X46) group-pick op(0XEC) op(0X83) colB(06) colL(06) timer(xx) eff(04) D0(xx,xx) op(0X0D)	head(9F) delay(xx) reset op(0X46) group-pick op(0XEC) op(0X83) colB(06) colL(06) timer(xx) eff(04) D0(xx,xx) op(0X0D)	1
1	head(9F) delay(xx) reset op(0X46) group-pick op(0XEC) op(0X83) colB(06) colL(06) timer(xx) eff(04) D0(xx,xx) op(0X0D)	head(94) delay(xx) eff(85) timer(xx)	1
1	head(99) delay(xx) reset eff(crossfading transitions) D0(xx,xx) D0(xx,xx)	head(99) immediate reset eff(crossfading transitions) D0(xx,xx) D0(xx,xx)	1
1	head(99) immediate reset eff(crossfading transitions) D0(xx,xx) D0(xx,xx)	head(99) delay(xx) reset eff(crossfading transitions) D0(xx,xx) D0(xx,xx)	1
1	head(99) delay(xx) reset eff(crossfading transitions) D0(xx,xx) D0(xx,xx)	head(94) delay(xx) eff(85) timer(xx)	1
1	head(94) delay(xx) eff(85) timer(xx)	head(9A) delay(xx) reset op(0X29) op(0X04) op(0X19) op(0X1D) op(0X15) op(0X12) D0(xx,xx)	1
1	head(9A) delay(xx) reset op(0X29) op(0X04) op(0X19) op(0X1D) op(0X15) op(0X12) D0(xx,xx)	head(9A) immediate reset op(0X29) op(0X04) op(0X19) op(0X1D) op(0X15) op(0X12) D0(xx,xx)	1
1	head(9A) immediate reset op(0X29) op(0X04) op(0X19) op(0X1D) op(0X15) op(0X12) D0(xx,xx)	head(9A) delay(xx) reset op(0X29) op(0X04) op(0X19) op(0X1D) op(0X15) op(0X12) D0(xx,xx)	1
1	head(98) delay(xx) reset colL(06) paletteB eff(86) timer(xx)	head(98) immediate reset colL(06) paletteB eff(86) timer(xx)	1
1	head(98) immediate reset colL(06) paletteB eff(86) timer(xx)	head(98) delay(xx) reset colL(06) paletteB eff(86) timer(xx)	1
1	head(98) delay(xx) reset colL(06) paletteB eff(86) timer(xx)	head(9D) delay(xx) op(0X71) ?group range bound 0xd1 op(0X10) op(0X04) op(0X04) D0(xx,xx) D1(xx,xx,xx)	1
1	head(94) immediate reset paletteL colB(06)	head(94) delay(xx) reset paletteL colB(06)	1
1	head(9D) immediate op(0X71) ?group range bound 0xd1 op(0X10) op(0X04) op(0X04) D0(xx,xx) D1(xx,xx,xx)	head(9D) delay(xx) op(0X71) ?group range bound 0xd1 op(0X10) op(0X04) op(0X04) D0(xx,xx) D1(xx,xx,xx)	1
1	head(9D) delay(xx) op(0X71) ?group range bound 0xd1 op(0X10) op(0X04) op(0X04) D0(xx,xx) D1(xx,xx,xx)	head(91) delay(xx) stop	1
1	head(91) op(0X98) reset	head(9C) delay(xx) group-close op(0X0D) ?left ear off timer(xx) eff(04) ?timer 200 ms granularity (0x02,0x14) eff(flashing sequence)	1
1	head(95) immediate ?timer 200 ms granularity (0x02,0x14) eff(flashing sequence)	head(9B) immediate timer(xx) eff(04) paletteB paletteL D0(xx,xx)	1
1	head(95) op(0X91) ?timer 200 ms granularity (0x02,0x14) eff(flashing sequence)	head(9B) delay(xx) timer(xx) eff(04) paletteB paletteL D0(xx,xx)	1
1	head(9B) delay(xx) timer(xx) eff(04) paletteB paletteL D0(xx,xx)	head(9B) immediate timer(xx) eff(04) paletteB paletteL D0(xx,xx)	1
1	head(9C) delay(xx) reset ?group range bound 0x0e op(0X13) colL(02) timer(xx) eff(slow even pulse) D0(xx,xx)	head(9C) immediate reset ?group range bound 0x0e op(0X13) colL(02) timer(xx) eff(slow even pulse) D0(xx,xx)	1
1	head(9E) delay(xx) ?group range bound 0x62 colL(03) timer(xx) eff(slow even pulse) D0(xx,xx) eff(86) timer(xx)	head(9E) immediate ?group range bound 0x62 colL(03) timer(xx) eff(slow even pulse) D0(xx,xx) eff(86) timer(xx)	1
1	head(9E) immediate ?group range bound 0x62 colL(03) timer(xx) eff(slow even pulse) D0(xx,xx) eff(86) timer(xx)	head(9E) delay(xx) ?group range bound 0x62 colL(03) timer(xx) eff(slow even pulse) D0(xx,xx) eff(86) timer(xx)	1
1	head(9F) delay(xx) ?group range bound 0x0e op(0X01) colL(01) timer(xx) eff(slow even pulse) D0(xx,xx) eff(86) timer(xx)	head(9F) immediate ?group range bound 0x0e op(0X01) colL(01) timer(xx) eff(slow even pulse) D0(xx,xx) eff(86) timer(xx)	1
1	head(9F) immediate ?group range bound 0x0e op(0X01) colL(01) timer(xx) eff(slow even pulse) D0(xx,xx) eff(86) timer(xx)	head(9F) delay(xx) ?group range bound 0x0e op(0X01) colL(01) timer(xx) eff(slow even pulse) D0(xx,xx) eff(86) timer(xx)	1
1	head(9F) delay(xx) ?group range bound 0x0e op(0X01) colL(07) timer(xx) eff(slow even pulse) D0(xx,xx) eff(86) timer(xx)	head(9F) immediate ?group range bound 0x0e op(0X01) colL(07) timer(xx) eff(slow even pulse) D0(xx,xx) eff(86) timer(xx)	1
1	head(9F) immediate ?group range bound 0x0e op(0X01) colL(07) timer(xx) eff(slow even pulse) D0(xx,xx) eff(86) timer(xx)	head(9F) delay(xx) ?group range bound 0x0e op(0X01) colL(07) timer(xx) eff(slow even pulse) D0(xx,xx) eff(86) timer(xx)	1
1	head(9F) delay(xx) ?group range bound 0x0e op(0X13) colL(06) timer(xx) eff(slow even pulse) D0(xx,xx) eff(86) timer(xx)	head(9F) immediate ?group range bound 0x0e op(0X13) colL(06) timer(xx) eff(slow even pulse) D0(xx,xx) eff(86) timer(xx)	1
1	head(9F) immediate ?group range bound 0x0e op(0X13) colL(06) timer(xx) eff(slow even pulse) D0(xx,xx) eff(86) timer(xx)	head(9F) delay(xx) ?group range bound 0x0e op(0X13) colL(06) timer(xx) eff(slow even pulse) D0(xx,xx) eff(86) timer(xx)	1
1	head(9E) delay(xx) ?group range bound 0x64 colL(06) timer(xx) eff(slow even pulse) D0(xx,xx) eff(86) timer(xx)	head(9E) immediate ?group range bound 0x64 colL(06) timer(xx) eff(slow even pulse) D0(xx,xx) eff(86) timer(xx)	1
1	head(9E) immediate ?group range bound 0x64 colL(06) timer(xx) eff(slow even pulse) D0(xx,xx) eff(86) timer(xx)	head(9E) delay(xx) ?group range bound 0x64 colL(06) timer(xx) eff(slow even pulse) D0(xx,xx) eff(86) timer(xx)	1
1	head(9F) delay(xx) ?group range bound 0x0e op(0X08) colL(04) timer(xx) eff(slow even pulse) D0(xx,xx) eff(86) timer(xx)	head(9F) immediate ?group range bound 0x0e op(0X08) colL(04) timer(xx) eff(slow even pulse) D0(xx,xx) eff(86) timer(xx)	1
1	head(9F) immediate ?group range bound 0x0e op(0X08) colL(04) timer(xx) eff(slow even pulse) D0(xx,xx) eff(86) timer(xx)	head(9F) delay(xx) ?group range bound 0x0e op(0X08) colL(04) timer(xx) eff(slow even pulse) D0(xx,xx) eff(86) timer(xx)	1
1	head(9F) delay(xx) ?group range bound 0x64 paletteL timer(xx) eff(slow even pulse) D0(xx,xx) eff(86) timer(xx)	head(9F) immediate ?group range bound 0x64 paletteL timer(xx) eff(slow even pulse) D0(xx,xx) eff(86) timer(xx)	1
1	head(9F) immediate ?group range bound 0x64 paletteL timer(xx) eff(slow even pulse) D0(xx,xx) eff(86) timer(xx)	head(9F) delay(xx) ?group range bound 0x64 paletteL timer(xx) eff(slow even pulse) D0(xx,xx) eff(86) timer(xx)	1
1	head(9F) delay(xx) ?group range bound 0x0e op(0X01) colL(03) timer(xx) eff(slow even pulse) D0(xx,xx) eff(86) timer(xx)	head(9F) immediate ?group range bound 0x0e op(0X01) colL(03) timer(xx) eff(slow even pulse) D0(xx,xx) eff(86) timer(xx)	1
1	head(9F) immediate ?group range bound 0x0e op(0X01) colL(03) timer(xx) eff(slow even pulse) D0(xx,xx) eff(86) timer(xx)	head(9F) delay(xx) ?group range bound 0x0e op(0X01) colL(03) timer(xx) eff(slow even pulse) D0(xx,xx) eff(86) timer(xx)	1
1	head(9F) delay(xx) ?group range bound 0x0e op(0X13) colL(03) timer(xx) eff(slow even pulse) D0(xx,xx) eff(86) timer(xx)	head(9F) immediate ?group range bound 0x0e op(0X13) colL(03) timer(xx) eff(slow even pulse) D0(xx,xx) eff(86) timer(xx)	1
1	head(9F) immediate ?group range bound 0x0e op(0X13) colL(03) timer(xx) eff(slow even pulse) D0(xx,xx) eff(86) timer(xx)	head(9F) delay(xx) ?group range bound 0x0e op(0X13) colL(03) timer(xx) eff(slow even pulse) D0(xx,xx) eff(86) timer(xx)	1
1	head(9E) delay(xx) ?group range bound 0x64 colL(02) timer(xx) eff(slow even pulse) D0(xx,xx) eff(86) timer(xx)	head(9E) immediate ?group range bound 0x64 colL(02) timer(xx) eff(slow even pulse) D0(xx,xx) eff(86) timer(xx)	1
1	head(9E) immediate ?group range bound 0x64 colL(02) timer(xx) eff(slow even pulse) D0(xx,xx) eff(86) timer(xx)	head(9E) delay(xx) ?group range bound 0x64 colL(02) timer(xx) eff(slow even pulse) D0(xx,xx) eff(86) timer(xx)	1
1	head(9A) delay(xx) op(0X00) op(0X00) D2(xx,xx,xx,xx) op(0X02) immediate colB(06)	head(97) delay(xx) reset group-pick op(0X00) op(0X83) op(0X15) paletteB	1
1	head(97) delay(xx) reset group-pick op(0X00) op(0X83) op(0X15) paletteB	head(97) immediate reset group-pick op(0X00) op(0X83) op(0X15) paletteB	1
1	head(97) immediate reset group-pick op(0X00) op(0X83) op(0X15) paletteB	head(97) delay(xx) reset group-pick op(0X00) op(0X83) op(0X15) paletteB	1
1	head(97) delay(xx) reset group-pick op(0X00) op(0X83) op(0X15) paletteB	head(96) group-pick op(0X16) op(0X83) op(0X2A) delay(xx) paletteB	1
1	head(96) group-pick op(0X16) op(0X83) op(0X2A) delay(xx) paletteB	head(96) group-pick op(0X16) op(0X83) op(0X2A) immediate paletteB	1
1	head(96) group-pick op(0X16) op(0X83) op(0X2A) immediate paletteB	head(96) group-pick op(0X16) op(0X83) op(0X2A) delay(xx) paletteB	1
1	head(96) group-pick op(0X16) op(0X83) op(0X2A) delay(xx) paletteB	head(95) group-pick op(0X2B) op(0X83) delay(xx) delay(xx) colB(06)	1
1	head(95) group-pick op(0X2B) op(0X83) delay(xx) delay(xx) colB(06)	head(95) group-pick op(0X2B) op(0X83) delay(xx) immediate colB(06)	1
1	head(95) group-pick op(0X2B) op(0X83) delay(xx) immediate colB(06)	head(95) group-pick op(0X2B) op(0X83) delay(xx) delay(xx) colB(06)	1
1	head(95) group-pick op(0X2B) op(0X83) delay(xx) delay(xx) colB(06)	head(94) delay(xx) paletteB paletteL	1
1	head(94) delay(xx) paletteB paletteL	head(94) immediate paletteB paletteL	1
1	head(94) immediate paletteB paletteL	head(9D) delay(xx) group-close ?group range bound 0x0e op(0X08) paletteL timer(xx) eff(slow even pulse) D0(xx,xx)	1
1	head(9D) delay(xx) group-close ?group range bound 0x0e op(0X08) paletteL timer(xx) eff(slow even pulse) D0(xx,xx)	head(9D) delay(xx) group-close ?group range bound 0x0e op(0X08) paletteL timer(xx) eff(slow even pulse) D0(xx,xx)	1
1	head(9D) delay(xx) group-close ?group range bound 0x0e op(0X08) paletteL timer(xx) eff(slow even pulse) D0(xx,xx)	head(9D) immediate group-close ?group range bound 0x0e op(0X08) paletteL timer(xx) eff(slow even pulse) D0(xx,xx)	1
1	head(9D) immediate group-close ?group range bound 0x0e op(0X08) paletteL timer(xx) eff(slow even pulse) D0(xx,xx)	head(9D) delay(xx) group-close ?group range bound 0x0e op(0X08) paletteL timer(xx) eff(slow even pulse) D0(xx,xx)	1
1	head(98) delay(xx) op(0X29) op(0X13) op(0X03) op(0X18) op(0X16) D0(xx,xx)	head(98) immediate op(0X29) op(0X13) op(0X03) op(0X18) op(0X16) D0(xx,xx)	1
1	head(98) immediate op(0X29) op(0X13) op(0X03) op(0X18) op(0X16) D0(xx,xx)	head(98) delay(xx) op(0X29) op(0X13) op(0X03) op(0X18) op(0X16) D0(xx,xx)	1
1	head(98) delay(xx) op(0X29) op(0X13) op(0X03) op(0X18) op(0X16) D0(xx,xx)	head(9F) delay(xx) reset eff(86) timer(xx) eff(crossfading transitions) D0(xx,xx) D0(xx,xx) delay(xx) op(0X0D)	1
1	head(9F) delay(xx) reset eff(86) timer(xx) eff(crossfading transitions) D0(xx,xx) D0(xx,xx) delay(xx) op(0X0D)	head(9F) immediate reset eff(86) timer(xx) eff(crossfading transitions) D0(xx,xx) D0(xx,xx) delay(xx) op(0X0D)	1
1	head(9F) immediate reset eff(86) timer(xx) eff(crossfading transitions) D0(xx,xx) D0(xx,xx) delay(xx) op(0X0D)	head(98) op(0X92) eff(crossfading transitions) D0(xx,xx) D0(xx,xx)	1
1	head(98) delay(xx) reset paletteL delay(xx) eff(85) timer(xx)	head(98) immediate reset paletteL delay(xx) eff(85) timer(xx)	1
1	head(98) immediate reset paletteL delay(xx) eff(85) timer(xx)	head(98) delay(xx) reset paletteL delay(xx) eff(85) timer(xx)	1
1	head(96) op(0X19) op(0X03) op(0X82) colB(05) op(0X23) op(0X8A) op(0X1D)	head(96) op(0X19) op(0X03) op(0X82) colB(05) op(0X23) op(0X8A) op(0X1D)	1
1	head(96) op(0X19) op(0X03) op(0X82) colB(05) op(0X23) op(0X8A) op(0X1D)	head(9E) reset eff(hard color transitions) D0(xx,xx) D0(xx,xx) ?fractional period (0x17,0x08,0x32) eff(91)	1
1	head(96) op(0X19) op(0X03) op(0X82) colB(05) op(0X10) op(0X8A) op(0X1D)	head(96) op(0X19) op(0X03) op(0X82) colB(05) op(0X10) op(0X8A) op(0X1D)	1
1	head(96) op(0X19) op(0X03) op(0X82) colB(05) op(0X10) op(0X8A) op(0X1D)	head(9E) reset eff(hard color transitions) D0(xx,xx) D0(xx,xx) ?fractional period (0x17,0x08,0x32) eff(91)	1
1	head(94) delay(xx) eff(85) timer(xx)	head(91) op(0X9C) reset	1
1	head(91) op(0X9E) reset	head(9A) delay(xx) reset D1(xx,xx,xx) D2(xx,xx,xx,xx)	1
1	head(95) immediate colB(07) timer(xx) eff(strobe flashes into running program)	head(91) delay(xx) reset	1
1	head(91) delay(xx) reset	head(91) op(0X9F) reset	1
1	head(91) op(0X90) reset	head(91) op(0X90) reset	1
1	head(91) op(0X91) reset	head(98) delay(xx) op(0X29) op(0X03) op(0X16) op(0X0D) op(0X04) D0(xx,xx)	1
1	head(98) immediate op(0X29) op(0X03) op(0X16) op(0X0D) op(0X04) D0(xx,xx)	head(98) delay(xx) op(0X29) op(0X03) op(0X16) op(0X0D) op(0X04) D0(xx,xx)	1
1	head(98) delay(xx) op(0X29) op(0X03) op(0X16) op(0X0D) op(0X04) D0(xx,xx)	head(9D) group-pick op(0X00) op(0X83) ?clock tick 0xf5 eff(hard color transitions) D0(xx,xx) timer(xx) eff(04)	1
1	head(9D) group-pick op(0X00) op(0X83) ?clock tick 0xf5 eff(hard color transitions) D0(xx,xx) timer(xx) eff(04)	head(9D) group-pick op(0X00) op(0X83) ?clock tick 0xf4 eff(hard color transitions) D0(xx,xx) timer(xx) eff(04)	1
1	head(9D) group-pick op(0X00) op(0X83) ?clock tick 0xf4 eff(hard color transitions) D0(xx,xx) timer(xx) eff(04)	head(9D) group-pick op(0X00) op(0X83) ?clock tick 0xf2 eff(hard color transitions) D0(xx,xx) timer(xx) eff(04)	1
1	head(9D) group-pick op(0X00) op(0X83) ?clock tick 0xf2 eff(hard color transitions) D0(xx,xx) timer(xx) eff(04)	head(9D) group-pick op(0X00) op(0X83) ?clock tick 0xf3 eff(hard color transitions) D0(xx,xx) timer(xx) eff(04)	1
1	head(9D) group-pick op(0X00) op(0X83) ?clock tick 0xf3 eff(hard color transitions) D0(xx,xx) timer(xx) eff(04)	head(94) delay(xx) eff(85) timer(xx)	1
1	head(94) delay(xx) eff(85) timer(xx)	head(9D) group-pick op(0X00) op(0X83) ?clock tick 0x20 eff(hard color transitions) D0(xx,xx) timer(xx) eff(04)	1
1	head(9D) group-pick op(0X00) op(0X83) ?clock tick 0x20 eff(hard color transitions) D0(xx,xx) timer(xx) eff(04)	head(94) immediate eff(85) timer(xx)	1
1	head(94) delay(xx) eff(85) timer(xx)	head(9D) group-pick op(0X0D) op(0X83) op(0X19) delay(xx) eff(hard color transitions) D0(xx,xx) timer(xx) eff(04)	1
1	head(9D) group-pick op(0X0D) op(0X83) op(0X19) delay(xx) eff(hard color transitions) D0(xx,xx) timer(xx) eff(04)	head(94) immediate eff(85) timer(xx)	1
1	head(94) delay(xx) eff(85) timer(xx)	head(9D) group-pick op(0X19) op(0X83) stop delay(xx) eff(hard color transitions) D0(xx,xx) timer(xx) eff(04)	1
1	head(9D) group-pick op(0X19) op(0X83) stop delay(xx) eff(hard color transitions) D0(xx,xx) timer(xx) eff(04)	head(9D) group-pick op(0X19) op(0X83) stop delay(xx) eff(hard color transitions) D0(xx,xx) timer(xx) eff(04)	1
1	head(9D) group-pick op(0X19) op(0X83) stop delay(xx) eff(hard color transitions) D0(xx,xx) timer(xx) eff(04)	head(9D) group-pick op(0X19) op(0X83) stop immediate eff(hard color transitions) D0(xx,xx) timer(xx) eff(04)	1
1	head(9D) group-pick op(0X19) op(0X83) stop immediate eff(hard color transitions) D0(xx,xx) timer(xx) eff(04)	head(9D) group-pick op(0X19) op(0X83) stop delay(xx) eff(hard color transitions) D0(xx,xx) timer(xx) eff(04)	1
1	head(9D) group-pick op(0X19) op(0X83) stop delay(xx) eff(hard color transitions) D0(xx,xx) timer(xx) eff(04)	head(94) delay(xx) eff(85) timer(xx)	1
1	head(94) immediate eff(85) timer(xx)	head(9D) group-pick group-close op(0X83) op(0X32) delay(xx) eff(hard color transitions) D0(xx,xx) timer(xx) eff(04)	1
1	head(9D) group-pick group-close op(0X83) op(0X32) delay(xx) eff(hard color transitions) D0(xx,xx) timer(xx) eff(04)	head(9D) group-pick group-close op(0X83) op(0X32) immediate eff(hard color transitions) D0(xx,xx) timer(xx) eff(04)	1
1	head(9D) group-pick group-close op(0X83) op(0X32) immediate eff(hard color transitions) D0(xx,xx) timer(xx) eff(04)	head(94) delay(xx) eff(85) timer(xx)	1
1	head(94) delay(xx) eff(85) timer(xx)	head(9D) group-pick op(0X32) op(0X83) delay(xx) delay(xx) eff(hard color transitions) D0(xx,xx) timer(xx) eff(04)	1
1	head(9D) group-pick op(0X32) op(0X83) delay(xx) delay(xx) eff(hard color transitions) D0(xx,xx) timer(xx) eff(04)	head(9D) group-pick op(0X32) op(0X83) delay(xx) immediate eff(hard color transitions) D0(xx,xx) timer(xx) eff(04)	1
1	head(9D) group-pick op(0X32) op(0X83) delay(xx) immediate eff(hard color transitions) D0(xx,xx) timer(xx) eff(04)	head(9D) group-pick op(0X32) op(0X83) delay(xx) delay(xx) eff(hard color transitions) D0(xx,xx) timer(xx) eff(04)	1
1	head(9D) group-pick op(0X32) op(0X83) delay(xx) delay(xx) eff(hard color transitions) D0(xx,xx) timer(xx) eff(04)	head(94) delay(xx) eff(85) timer(xx)	1
1	head(94) delay(xx) eff(85) timer(xx)	head(9D) group-pick op(0X2C) op(0X83) delay(xx) delay(xx) eff(hard color transitions) D0(xx,xx) timer(xx) eff(04)	1
1	head(9D) group-pick op(0X2C) op(0X83) delay(xx) delay(xx) eff(hard color transitions) D0(xx,xx) timer(xx) eff(04)	head(9D) group-pick op(0X2C) op(0X83) delay(xx) immediate eff(hard color transitions) D0(xx,xx) timer(xx) eff(04)	1
1	head(9D) group-pick op(0X2C) op(0X83) delay(xx) immediate eff(hard color transitions) D0(xx,xx) timer(xx) eff(04)	head(9D) group-pick op(0X2C) op(0X83) delay(xx) delay(xx) eff(hard color transitions) D0(xx,xx) timer(xx) eff(04)	1
1	head(9D) group-pick op(0X2C) op(0X83) delay(xx) delay(xx) eff(hard color transitions) D0(xx,xx) timer(xx) eff(04)	head(94) immediate eff(85) timer(xx)	1
1	head(91) op(0X93) reset	head(91) op(0X93) reset	1
1	head(98) delay(xx) colB(04) paletteL op(0X0D) timer(xx) eff(04)	head(98) immediate colB(04) paletteL op(0X0D) timer(xx) eff(04)	1
1	head(94) delay(xx) eff(85) timer(xx)	head(91) op(0X95) reset	1
1	head(9C) delay(xx) reset D1(xx,xx,xx) D0(xx,xx) D1(xx,xx,xx)	head(9C) immediate reset D1(xx,xx,xx) D0(xx,xx) D1(xx,xx,xx)	1
1	head(9C) immediate reset D1(xx,xx,xx) D0(xx,xx) D1(xx,xx,xx)	head(9C) delay(xx) reset D1(xx,xx,xx) D0(xx,xx) D1(xx,xx,xx)	1
1	head(98) delay(xx) colB(04) paletteL op(0X0D) timer(xx) eff(04)	head(94) delay(xx) eff(85) timer(xx)	1
1	head(94) delay(xx) eff(85) timer(xx)	head(98) immediate colB(04) paletteL op(0X0D) timer(xx) eff(04)	1
1	head(96) delay(xx) op(0X29) op(0X04) op(0X16) op(0X0D) op(0X04) op(0X13)	head(96) immediate op(0X29) op(0X04) op(0X16) op(0X0D) op(0X04) op(0X13)	1
1	head(96) immediate op(0X29) op(0X04) op(0X16) op(0X0D) op(0X04) op(0X13)	head(96) delay(xx) op(0X29) op(0X04) op(0X16) op(0X0D) op(0X04) op(0X13)	1
1	head(96) delay(xx) op(0X29) op(0X04) op(0X16) op(0X0D) op(0X04) op(0X13)	head(9F) delay(xx) eff(86) eff(hard color transitions) D0(xx,xx) timer(xx) eff(04) D0(xx,xx) op(0X0D)	1
1	head(9F) delay(xx) eff(86) eff(hard color transitions) D0(xx,xx) timer(xx) eff(04) D0(xx,xx) op(0X0D)	head(9F) immediate eff(86) eff(hard color transitions) D0(xx,xx) timer(xx) eff(04) D0(xx,xx) op(0X0D)	1
1	head(9F) immediate eff(86) eff(hard color transitions) D0(xx,xx) timer(xx) eff(04) D0(xx,xx) op(0X0D)	head(9F) delay(xx) eff(86) eff(hard color transitions) D0(xx,xx) timer(xx) eff(04) D0(xx,xx) op(0X0D)	1
1	head(94) delay(xx) eff(85) timer(xx)	head(9A) delay(xx) op(0X00) op(0X00) D2(xx,xx,xx,xx) op(0X02) immediate colB(06)	1
1	head(9A) delay(xx) op(0X00) op(0X00) D2(xx,xx,xx,xx) op(0X02) immediate colB(06)	head(94) delay(xx) group-close D0(xx,xx)	1
1	head(94) delay(xx) group-close D0(xx,xx)	head(94) immediate group-close D0(xx,xx)	1
1	head(94) immediate group-close D0(xx,xx)	head(9E) delay(xx) eff(86) timer(xx) colB(01) paletteL timer(xx) eff(04) D0(xx,xx)	1
1	head(9E) delay(xx) eff(86) timer(xx) colB(01) paletteL timer(xx) eff(04) D0(xx,xx)	head(9E) immediate eff(86) timer(xx) colB(01) paletteL timer(xx) eff(04) D0(xx,xx)	1
1	head(9E) immediate eff(86) timer(xx) colB(01) paletteL timer(xx) eff(04) D0(xx,xx)	head(9E) delay(xx) eff(86) timer(xx) colB(01) paletteL timer(xx) eff(04) D0(xx,xx)	1
1	head(9D) delay(xx) group-close colB(04) colL(05) timer(xx) eff(04) D0(xx,xx) D0(xx,xx)	head(9D) immediate group-close colB(04) colL(05) timer(xx) eff(04) D0(xx,xx) D0(xx,xx)	1
1	head(9D) immediate group-close colB(04) colL(05) timer(xx) eff(04) D0(xx,xx) D0(xx,xx)	head(9D) immediate group-close colB(04) colL(05) timer(xx) eff(04) D0(xx,xx) D0(xx,xx)	1
1	head(9E) immediate group-close colB(01) paletteL timer(xx) eff(04) D0(xx,xx) D0(xx,xx)	head(9E) immediate group-close colB(01) paletteL timer(xx) eff(04) D0(xx,xx) D0(xx,xx)	1
1	head(9E) immediate group-close colB(05) paletteL timer(xx) eff(04) D0(xx,xx) D0(xx,xx)	head(9E) delay(xx) group-close colB(05) paletteL timer(xx) eff(04) D0(xx,xx) D0(xx,xx)	1
1	head(96) delay(xx) op(0X29) op(0X04) op(0X15) op(0X15) op(0X04) op(0X12)	head(96) immediate op(0X29) op(0X04) op(0X15) op(0X15) op(0X04) op(0X12)	1
1	head(96) immediate op(0X29) op(0X04) op(0X15) op(0X15) op(0X04) op(0X12)	head(96) delay(xx) op(0X29) op(0X04) op(0X15) op(0X15) op(0X04) op(0X12)	1
1	head(96) delay(xx) op(0X29) op(0X04) op(0X15) op(0X15) op(0X04) op(0X12)	head(9F) delay(xx) group-close op(0X0D) eff(hard color transitions) D0(xx,xx) D0(xx,xx) ?timer 200 ms granularity (0x09,0x0b) eff(flashing sequence)	1
1	head(9F) delay(xx) group-close op(0X0D) eff(hard color transitions) D0(xx,xx) D0(xx,xx) ?timer 200 ms granularity (0x09,0x0b) eff(flashing sequence)	head(9F) immediate group-close op(0X0D) eff(hard color transitions) D0(xx,xx) D0(xx,xx) ?timer 200 ms granularity (0x09,0x0b) eff(flashing sequence)	1
1	head(9F) immediate group-close op(0X0D) eff(hard color transitions) D0(xx,xx) D0(xx,xx) ?timer 200 ms granularity (0x09,0x0b) eff(flashing sequence)	head(9F) delay(xx) group-close op(0X0D) eff(hard color transitions) D0(xx,xx) D0(xx,xx) ?timer 200 ms granularity (0x09,0x0b) eff(flashing sequence)	1
1	head(9A) immediate reset D1(xx,xx,xx) D2(xx,xx,xx,xx)	head(9A) delay(xx) reset D1(xx,xx,xx) D2(xx,xx,xx,xx)	1
1	head(95) delay(xx) colB(07) timer(xx) eff(strobe flashes into running program)	head(9C) immediate colB(07) timer(xx) eff(strobe flashes into running program) ?four-arg group-select timer eff(1C)	1
1	head(9C) immediate colB(07) timer(xx) eff(strobe flashes into running program) ?four-arg group-select timer eff(1C)	head(95) delay(xx) colB(07) timer(xx) eff(strobe flashes into running program)	1
1	head(95) immediate colB(07) timer(xx) eff(strobe flashes into running program)	head(9C) immediate colB(07) timer(xx) eff(strobe flashes into running program) ?four-arg group-select timer eff(1C)	1
1	head(91) op(0X90) reset	head(91) op(0X9E) reset	1
1	head(99) delay(xx) colB(05) colL(05) op(0X71) delay(xx) colB(02) colL(02) D0(xx,xx)	head(99) immediate colB(05) colL(05) op(0X71) delay(xx) colB(02) colL(02) D0(xx,xx)	1
1	head(99) immediate colB(05) colL(05) op(0X71) delay(xx) colB(02) colL(02) D0(xx,xx)	head(9B) immediate paletteB paletteL op(0X71) delay(xx) colB(02) colL(02) D0(xx,xx)	1
1	head(9B) immediate paletteB paletteL op(0X71) delay(xx) colB(02) colL(02) D0(xx,xx)	head(9D) immediate group-close D0(xx,xx) colB(02) colL(02) timer(xx) eff(04) D0(xx,xx)	1
1	head(9C) immediate colB(07) timer(xx) eff(strobe flashes into running program) ?four-arg group-select timer eff(1C)	head(9A) delay(xx) reset D1(xx,xx,xx) D2(xx,xx,xx,xx)	1
1	head(9A) immediate reset D1(xx,xx,xx) D2(xx,xx,xx,xx)	head(9C) immediate colB(07) timer(xx) eff(strobe flashes into running program) ?four-arg group-select timer eff(1C)	1
1	head(9D) delay(xx) reset op(0X29) op(0X02) op(0X19) op(0X1D) eff(hard color transitions) D0(xx,xx) D0(xx,xx)	head(9D) immediate reset op(0X29) op(0X02) op(0X19) op(0X1D) eff(hard color transitions) D0(xx,xx) D0(xx,xx)	1
1	head(9D) immediate reset op(0X29) op(0X02) op(0X19) op(0X1D) eff(hard color transitions) D0(xx,xx) D0(xx,xx)	head(9D) delay(xx) reset op(0X29) op(0X02) op(0X19) op(0X1D) eff(hard color transitions) D0(xx,xx) D0(xx,xx)	1
1	head(9D) delay(xx) reset op(0X29) op(0X02) op(0X19) op(0X1D) eff(hard color transitions) D0(xx,xx) D0(xx,xx)	head(92) delay(xx) eff(85)	1
1	head(92) delay(xx) eff(85)	head(97) delay(xx) reset colB(07) delay(xx) eff(85) timer(xx)	1
1	head(97) delay(xx) reset colB(07) delay(xx) eff(85) timer(xx)	head(97) delay(xx) reset colB(02) delay(xx) eff(85) timer(xx)	1
1	head(97) delay(xx) reset colB(07) delay(xx) eff(85) timer(xx)	head(91) op(0X91) reset	1
1	head(96) delay(xx) op(0X29) op(0X14) op(0X04) op(0X1D) op(0X13) op(0X1D)	head(96) immediate op(0X29) op(0X14) op(0X04) op(0X1D) op(0X13) op(0X1D)	1
1	head(96) immediate op(0X29) op(0X14) op(0X04) op(0X1D) op(0X13) op(0X1D)	head(96) delay(xx) op(0X29) op(0X14) op(0X04) op(0X1D) op(0X13) op(0X1D)	1
1	head(96) delay(xx) op(0X29) op(0X14) op(0X04) op(0X1D) op(0X13) op(0X1D)	head(9D) delay(xx) reset group-close eff(crossfading transitions) D0(xx,xx) D0(xx,xx) D0(xx,xx)	1
1	head(91) delay(xx) reset	head(91) op(0X94) reset	1
1	head(91) op(0X95) reset	head(91) op(0X95) reset	1
1	head(9D) delay(xx) reset op(0X29) op(0X11) op(0X1D) eff(color sequence 0x88) D0(xx,xx) D0(xx,xx) op(0X76)	head(9F) delay(xx) D0(xx,xx) group-pick ?group range bound 0x40 op(0X29) op(0X13) op(0X04) op(0X1D) op(0X1D) eff(86) timer(xx)	1
1	head(9F) delay(xx) D0(xx,xx) group-pick ?group range bound 0x40 op(0X29) op(0X13) op(0X1D) op(0X01) op(0X1D) eff(86) timer(xx)	head(9F) delay(xx) D0(xx,xx) group-pick ?group range bound 0x40 op(0X29) op(0X13) op(0X1D) op(0X01) op(0X1D) eff(86) timer(xx)	1
1	head(9F) delay(xx) D0(xx,xx) group-pick ?group range bound 0x40 op(0X29) op(0X13) op(0X1D) op(0X01) op(0X1D) eff(86) timer(xx)	head(9F) immediate D0(xx,xx) group-pick ?group range bound 0x40 op(0X29) op(0X13) op(0X1D) op(0X01) op(0X1D) eff(86) timer(xx)	1
1	head(9F) immediate D0(xx,xx) group-pick ?group range bound 0x40 op(0X29) op(0X13) op(0X1D) op(0X01) op(0X1D) eff(86) timer(xx)	head(9F) delay(xx) D0(xx,xx) group-pick ?group range bound 0x40 op(0X29) op(0X13) op(0X1D) op(0X01) op(0X1D) eff(86) timer(xx)	1
1	head(9B) delay(xx) reset eff(color sequence 0x88) D0(xx,xx) D0(xx,xx) op(0X76) op(0X72)	head(9B) immediate reset eff(color sequence 0x88) D0(xx,xx) D0(xx,xx) op(0X76) op(0X72)	1
1	head(9B) immediate reset eff(color sequence 0x88) D0(xx,xx) D0(xx,xx) op(0X76) op(0X72)	head(9B) delay(xx) group-pick ?group range bound 0x64 reset paletteB delay(xx) eff(85) timer(xx)	1
1	head(9B) delay(xx) group-pick ?group range bound 0x64 reset paletteB delay(xx) eff(85) timer(xx)	head(96) immediate group-pick op(0X13) ?group range bound 0x2a eff(86)	1
1	head(96) immediate group-pick op(0X13) ?group range bound 0x2a eff(86)	head(9B) delay(xx) group-pick ?group range bound 0x64 reset paletteB delay(xx) eff(85) timer(xx)	1
1	head(9B) delay(xx) group-pick ?group range bound 0x64 reset paletteB delay(xx) eff(85) timer(xx)	head(96) immediate group-pick op(0X3D) ?group range bound 0x54 eff(86)	1
1	head(96) immediate group-pick op(0X3D) ?group range bound 0x54 eff(86)	head(96) delay(xx) group-pick op(0X3D) ?group range bound 0x54 eff(86)	1
1	head(9B) immediate group-pick ?group range bound 0x64 reset paletteB delay(xx) eff(85) timer(xx)	head(96) delay(xx) group-pick op(0X28) ?group range bound 0x3f eff(86)	1
1	head(96) delay(xx) group-pick op(0X28) ?group range bound 0x3f eff(86)	head(96) immediate group-pick op(0X28) ?group range bound 0x3f eff(86)	1
1	head(96) immediate group-pick op(0X28) ?group range bound 0x3f eff(86)	head(9B) immediate group-pick ?group range bound 0x64 reset paletteB delay(xx) eff(85) timer(xx)	1
1	head(9B) immediate group-pick ?group range bound 0x64 reset paletteB delay(xx) eff(85) timer(xx)	head(9B) immediate group-pick ?group range bound 0x64 reset paletteB delay(xx) eff(85) timer(xx)	1
1	head(96) delay(xx) group-pick op(0X52) ?group range bound 0x69 eff(86)	head(96) immediate group-pick op(0X52) ?group range bound 0x69 eff(86)	1
1	head(9F) delay(xx) reset D0(xx,xx) colL(01) ?four-arg group-select timer eff(1D) D0(xx,xx)	head(9F) immediate reset D0(xx,xx) colL(01) ?four-arg group-select timer eff(1D) D0(xx,xx)	1
1	head(9F) immediate reset D0(xx,xx) colL(01) ?four-arg group-select timer eff(1D) D0(xx,xx)	head(9F) delay(xx) reset D0(xx,xx) colL(01) ?four-arg group-select timer eff(1D) D0(xx,xx)	1
1	head(91) immediate reset	head(91) op(0X97) reset	1
1	head(91) op(0X99) reset	head(9D) delay(xx) reset op(0X29) op(0X02) op(0X15) op(0X1D) eff(hard color transitions) D0(xx,xx) D0(xx,xx)	1
1	head(9D) delay(xx) reset op(0X29) op(0X02) op(0X15) op(0X1D) eff(hard color transitions) D0(xx,xx) D0(xx,xx)	head(94) delay(xx) eff(85) timer(xx)	1
1	head(91) op(0X9C) reset	head(96) op(0X9C) op(0X06) op(0X2A) op(0XBA) op(0X06) op(0X2B) op(0X35)	1
1	head(91) op(0X9C) reset	head(96) op(0X9D) op(0X06) op(0X2A) op(0XBA) op(0X06) op(0X2B) op(0X35)	1
1	head(91) op(0X9C) reset	head(94) op(0X9E) D1(xx,xx,xx)	1
1	head(94) op(0X9E) D1(xx,xx,xx)	head(91) op(0X9A) reset	1
1	head(91) op(0X9C) reset	head(91) op(0X9B) reset	1
1	head(91) op(0X9B) reset	head(91) op(0X9A) reset	1
1	head(9E) delay(xx) reset D1(xx,xx,xx) D0(xx,xx) D0(xx,xx) D0(xx,xx)	head(9D) delay(xx) ?group range bound 0x46 group-pick op(0XEC) op(0XAC) paletteB paletteL timer(xx) eff(04)	1
1	head(9F) delay(xx) D1(xx,xx,xx) paletteB paletteL timer(xx) eff(04) D0(xx,xx)	head(9F) immediate D1(xx,xx,xx) paletteB paletteL timer(xx) eff(04) D0(xx,xx)	1
1	head(9F) immediate D1(xx,xx,xx) paletteB paletteL timer(xx) eff(04) D0(xx,xx)	head(9F) delay(xx) D1(xx,xx,xx) paletteB paletteL timer(xx) eff(04) D0(xx,xx)	1
1	head(9C) immediate ?group range bound 0xd0 op(0X39) op(0X28) op(0X46) group-pick op(0XEC) op(0XAB) eff(85) timer(xx)	head(9C) delay(xx) ?group range bound 0xd0 op(0X39) op(0X28) op(0X46) group-pick op(0XEC) op(0XAB) eff(85) timer(xx)	1
1	head(94) delay(xx) op(0X29) op(0X12) op(0X16) op(0X03)	head(94) immediate op(0X29) op(0X12) op(0X16) op(0X03)	1
1	head(94) immediate op(0X29) op(0X12) op(0X16) op(0X03)	head(94) delay(xx) op(0X29) op(0X12) op(0X16) op(0X03)	1
1	head(94) delay(xx) op(0X29) op(0X12) op(0X16) op(0X03)	head(9C) delay(xx) reset eff(crossfading transitions) D0(xx,xx) D0(xx,xx) D0(xx,xx)	1
1	head(94) delay(xx) eff(85) timer(xx)	head(98) delay(xx) reset eff(color sequence) D0(xx,xx) delay(xx) reset	1
1	head(98) delay(xx) reset eff(color sequence) D0(xx,xx) delay(xx) reset	head(9C) immediate reset group-pick op(0X10) op(0XAA) immediate eff(color sequence) D0(xx,xx) delay(xx) reset	1
1	head(98) delay(xx) reset group-pick ?group range bound 0x40 eff(color rotation) colB(07) colL(07)	head(9C) immediate reset group-pick immediate op(0XAA) op(0X30) eff(color sequence) D0(xx,xx) delay(xx) reset	1
1	head(9C) immediate reset group-pick immediate op(0XAA) op(0X30) eff(color sequence) D0(xx,xx) delay(xx) reset	head(9C) immediate reset group-pick op(0X00) op(0XAA) op(0X10) eff(color sequence) D0(xx,xx) delay(xx) reset	1
1	head(9C) immediate reset group-pick immediate op(0XAA) op(0X30) eff(color sequence) D0(xx,xx) delay(xx) reset	head(98) immediate reset group-pick ?group range bound 0x40 eff(color rotation) colB(07) colL(07)	1
1	head(98) immediate reset group-pick ?group range bound 0x40 eff(color rotation) colB(07) colL(07)	head(98) delay(xx) reset eff(color sequence) D0(xx,xx) delay(xx) reset	1
1	head(98) immediate reset eff(color sequence) D0(xx,xx) delay(xx) reset	head(9C) immediate colB(07) timer(xx) eff(strobe flashes into running program) ?four-arg group-select timer eff(1C)	1
1	head(9C) immediate colB(07) timer(xx) eff(strobe flashes into running program) ?four-arg group-select timer eff(1C)	head(91) delay(xx) reset	1
1	head(91) delay(xx) reset	head(97) delay(xx) reset colB(06) op(0X0D) timer(xx) eff(color sequence)	1
1	head(97) delay(xx) reset colB(06) op(0X0D) timer(xx) eff(color sequence)	head(97) immediate reset colB(06) op(0X0D) timer(xx) eff(color sequence)	1
1	head(97) immediate reset colB(06) op(0X0D) timer(xx) eff(color sequence)	head(97) delay(xx) reset colB(06) op(0X0D) timer(xx) eff(color sequence)	1
1	head(97) delay(xx) reset colB(06) op(0X0D) timer(xx) eff(color sequence)	head(94) delay(xx) eff(85) timer(xx)	1
1	head(91) op(0X9F) reset	head(9E) delay(xx) reset D0(xx,xx) op(0X46) group-pick op(0XEC) op(0XAC) op(0X0D) eff(color rotation) delay(xx) eff(85)	1
1	head(9E) delay(xx) reset D0(xx,xx) op(0X46) group-pick op(0XEC) op(0XAC) op(0X0D) eff(color rotation) delay(xx) eff(85)	head(97) delay(xx) reset colL(07) timer(xx) eff(strobe flashes into running program) op(0X0D)	1
0	head(97) immediate reset colL(07) timer(xx) eff(strobe flashes into running program) op(0X0D)	head(9E) delay(xx) reset D0(xx,xx) op(0X46) group-pick op(0XEC) op(0XAA) op(0X0D) colB(07) timer(xx) eff(strobe flashes into running program)	1
1	head(9E) delay(xx) reset D0(xx,xx) op(0X46) group-pick op(0XEC) op(0XAA) op(0X0D) colB(07) timer(xx) eff(strobe flashes into running program)	head(97) delay(xx) reset colL(07) timer(xx) eff(strobe flashes into running program) op(0X0D)	1
1	head(97) delay(xx) reset colL(07) timer(xx) eff(strobe flashes into running program) op(0X0D)	head(9E) immediate reset D0(xx,xx) op(0X46) group-pick op(0XEC) op(0XAA) op(0X0D) colB(07) timer(xx) eff(strobe flashes into running program)	1
1	head(9E) immediate reset D0(xx,xx) op(0X46) group-pick op(0XEC) op(0XAA) op(0X0D) colB(07) timer(xx) eff(strobe flashes into running program)	head(9E) delay(xx) reset D0(xx,xx) op(0X46) group-pick op(0XEC) op(0XAA) op(0X0D) colB(07) timer(xx) eff(strobe flashes into running program)	1
1	head(9E) delay(xx) reset D0(xx,xx) op(0X46) group-pick op(0XEC) op(0XAA) op(0X0D) colB(07) timer(xx) eff(strobe flashes into running program)	head(97) immediate reset colL(07) timer(xx) eff(strobe flashes into running program) op(0X0D)	1
1	head(97) delay(xx) reset colL(07) timer(xx) eff(strobe flashes into running program) op(0X0D)	head(9E) delay(xx) reset D0(xx,xx) op(0X46) group-pick op(0XEC) op(0XA9) op(0X0D) colB(07) timer(xx) eff(strobe flashes into running program)	1
1	head(9E) delay(xx) reset D0(xx,xx) op(0X46) group-pick op(0XEC) op(0XA9) op(0X0D) colB(07) timer(xx) eff(strobe flashes into running program)	head(97) delay(xx) reset colL(07) timer(xx) eff(strobe flashes into running program) op(0X0D)	1
1	head(97) delay(xx) reset colL(07) timer(xx) eff(strobe flashes into running program) op(0X0D)	head(92) delay(xx) eff(85)	1
1	head(92) delay(xx) eff(85)	head(9A) delay(xx) group-pick op(0X83) op(0X15) reset colL(07) op(0X0D) timer(xx) eff(color sequence)	1
1	head(9A) immediate group-pick op(0X83) op(0X15) reset colL(07) op(0X0D) timer(xx) eff(color sequence)	head(9A) delay(xx) group-pick op(0X83) op(0X15) reset colL(07) op(0X0D) timer(xx) eff(color sequence)	1
1	head(9A) delay(xx) group-pick op(0X83) op(0X15) reset colL(07) op(0X0D) timer(xx) eff(color sequence)	head(9B) delay(xx) group-pick op(0X15) op(0X83) op(0X2B) reset colL(07) op(0X0D) timer(xx) eff(color sequence)	1
1	head(9B) delay(xx) group-pick op(0X15) op(0X83) op(0X2B) reset colL(07) op(0X0D) timer(xx) eff(color sequence)	head(9B) immediate group-pick op(0X15) op(0X83) op(0X2B) reset colL(07) op(0X0D) timer(xx) eff(color sequence)	1
1	head(9B) delay(xx) group-pick op(0X15) op(0X83) op(0X2B) reset colL(07) op(0X0D) timer(xx) eff(color sequence)	head(9A) delay(xx) group-pick op(0X83) op(0X2B) reset colL(07) op(0X0D) timer(xx) eff(color sequence)	1
1	head(92) delay(xx) eff(85)	head(9D) delay(xx) reset op(0X0D) timer(xx) eff(color sequence) colB(07) group-pick op(0X15) op(0X83) op(0X2B) paletteB	1
1	head(9D) delay(xx) reset op(0X0D) timer(xx) eff(color sequence) colB(07) group-pick op(0X15) op(0X83) op(0X2B) paletteB	head(9D) immediate reset op(0X0D) timer(xx) eff(color sequence) colB(07) group-pick op(0X15) op(0X83) op(0X2B) paletteB	1
1	head(9D) immediate reset op(0X0D) timer(xx) eff(color sequence) colB(07) group-pick op(0X15) op(0X83) op(0X2B) paletteB	head(9D) delay(xx) reset op(0X0D) timer(xx) eff(color sequence) colB(07) group-pick op(0X15) op(0X83) op(0X2B) paletteB	1
0	head(91) delay(xx) reset	head(97) delay(xx) reset colB(05) delay(xx) eff(85) timer(xx)	1
1	head(97) delay(xx) reset colB(05) delay(xx) eff(85) timer(xx)	head(97) immediate reset colB(05) delay(xx) eff(85) timer(xx)	1
1	head(97) immediate reset colB(05) delay(xx) eff(85) timer(xx)	head(97) delay(xx) reset colB(06) delay(xx) eff(85) timer(xx)	1
1	head(97) delay(xx) reset colB(06) delay(xx) eff(85) timer(xx)	head(97) immediate reset colB(06) delay(xx) eff(85) timer(xx)	1
0	head(97) delay(xx) reset colB(06) delay(xx) eff(85) timer(xx)	head(9A) delay(xx) reset colB(05) colL(06) timer(xx) eff(slow even pulse) D0(xx,xx)	1
1	head(9A) delay(xx) reset colB(05) colL(06) timer(xx) eff(slow even pulse) D0(xx,xx)	head(9A) immediate reset colB(05) colL(06) timer(xx) eff(slow even pulse) D0(xx,xx)	1
1	head(9A) immediate reset colB(05) colL(06) timer(xx) eff(slow even pulse) D0(xx,xx)	head(9A) delay(xx) reset colB(05) colL(06) timer(xx) eff(slow even pulse) D0(xx,xx)	1
0	head(9A) delay(xx) reset colB(05) colL(06) timer(xx) eff(slow even pulse) D0(xx,xx)	head(9F) delay(xx) eff(crossfading transitions) D0(xx,xx) ?four-arg group-select timer eff(1C) D0(xx,xx)	1
0	head(9F) delay(xx) eff(crossfading transitions) D0(xx,xx) ?four-arg group-select timer eff(1C) D0(xx,xx)	head(97) delay(xx) reset colB(07) delay(xx) eff(85) timer(xx)	1
0	head(97) delay(xx) reset colB(07) delay(xx) eff(85) timer(xx)	head(98) delay(xx) reset paletteB delay(xx) eff(85) timer(xx)	1
0	head(98) delay(xx) reset paletteB delay(xx) eff(85) timer(xx)	head(97) delay(xx) reset colB(03) delay(xx) eff(85) timer(xx)	1
1	head(97) delay(xx) reset colB(03) delay(xx) eff(85) timer(xx)	head(97) immediate reset colB(03) delay(xx) eff(85) timer(xx)	1
1	head(9A) delay(xx) reset eff(crossfading transitions) D0(xx,xx) D0(xx,xx) op(0X72)	head(96) delay(xx) group-pick op(0X22) op(0XA9) op(0X30) eff(86)	1
1	head(96) delay(xx) group-pick op(0X22) op(0XA9) op(0X30) eff(86)	head(96) immediate group-pick op(0X22) op(0XA9) op(0X30) eff(86)	1
1	head(96) immediate group-pick op(0X22) op(0XA9) op(0X30) eff(86)	head(96) delay(xx) group-pick op(0X22) op(0XA9) op(0X30) eff(86)	1
1	head(96) delay(xx) group-pick op(0X22) op(0XA9) op(0X30) eff(86)	head(95) delay(xx) group-pick op(0XA9) immediate eff(86)	1
1	head(95) delay(xx) group-pick op(0XA9) immediate eff(86)	head(95) immediate group-pick op(0XA9) immediate eff(86)	1
1	head(95) immediate group-pick op(0XA9) immediate eff(86)	head(97) delay(xx) group-pick op(0XA9) op(0X31) eff(86) eff(86)	1
1	head(97) delay(xx) group-pick op(0XA9) op(0X31) eff(86) eff(86)	head(97) immediate group-pick op(0XA9) op(0X31) eff(86) eff(86)	1
1	head(97) immediate group-pick op(0XA9) op(0X31) eff(86) eff(86)	head(97) delay(xx) group-pick op(0XA9) op(0X31) eff(86) eff(86)	1
1	head(97) delay(xx) group-pick op(0XA9) op(0X31) eff(86) eff(86)	head(9E) delay(xx) reset eff(crossfading transitions) D0(xx,xx) D2(xx,xx,xx,xx) D0(xx,xx)	1
0	head(9E) delay(xx) reset eff(crossfading transitions) D0(xx,xx) D2(xx,xx,xx,xx) D0(xx,xx)	head(9C) delay(xx) eff(85) op(0X00) op(0X00) D2(xx,xx,xx,xx) op(0X02) immediate colB(06)	1
1	head(9C) delay(xx) eff(85) op(0X00) op(0X00) D2(xx,xx,xx,xx) op(0X02) immediate colB(06)	head(9D) delay(xx) group-pick op(0XAA) immediate reset op(0X0D) eff(crossfading transitions) D0(xx,xx) delay(xx) eff(85)	1
1	head(9D) delay(xx) group-pick op(0XAA) immediate reset op(0X0D) eff(crossfading transitions) D0(xx,xx) delay(xx) eff(85)	head(9D) immediate group-pick op(0XAA) immediate reset op(0X0D) eff(crossfading transitions) D0(xx,xx) delay(xx) eff(85)	1
1	head(9D) immediate group-pick op(0XAA) immediate reset op(0X0D) eff(crossfading transitions) D0(xx,xx) delay(xx) eff(85)	head(9D) delay(xx) group-pick op(0XAA) immediate reset op(0X0D) eff(crossfading transitions) D0(xx,xx) delay(xx) eff(85)	1
1	head(9D) delay(xx) group-pick op(0XAA) immediate reset op(0X0D) eff(crossfading transitions) D0(xx,xx) delay(xx) eff(85)	head(97) delay(xx) reset D0(xx,xx) D0(xx,xx)	1
1	head(97) delay(xx) reset D0(xx,xx) D0(xx,xx)	head(9D) immediate group-pick op(0XAA) immediate reset op(0X0D) eff(crossfading transitions) D0(xx,xx) delay(xx) eff(85)	1
1	head(9D) immediate group-pick op(0XAA) immediate reset op(0X0D) eff(crossfading transitions) D0(xx,xx) delay(xx) eff(85)	head(97) immediate reset D0(xx,xx) D0(xx,xx)	1
1	head(9B) immediate ?group range bound 0x46 group-pick op(0XEC) op(0XAC) eff(crossfading transitions) D0(xx,xx) op(0X0D)	head(9B) delay(xx) ?group range bound 0x46 group-pick op(0XEC) op(0XAC) eff(crossfading transitions) D0(xx,xx) op(0X0D)	1
0	head(9B) delay(xx) ?group range bound 0x46 group-pick op(0XEC) op(0XAC) eff(crossfading transitions) D0(xx,xx) op(0X0D)	head(95) delay(xx) reset colB(07) delay(xx) eff(85)	1
1	head(95) delay(xx) reset colB(07) delay(xx) eff(85)	head(95) immediate reset colB(07) delay(xx) eff(85)	1
1	head(95) immediate reset colB(07) delay(xx) eff(85)	head(95) delay(xx) reset colB(07) delay(xx) eff(85)	1
1	head(95) delay(xx) reset colB(07) delay(xx) eff(85)	head(9B) group-pick op(0X00) op(0X83) op(0X15) delay(xx) reset colB(06) delay(xx) eff(85) timer(xx)	1
1	head(9B) group-pick op(0X00) op(0X83) op(0X15) delay(xx) reset colB(06) delay(xx) eff(85) timer(xx)	head(9B) group-pick op(0X00) op(0X83) op(0X15) immediate reset colB(06) delay(xx) eff(85) timer(xx)	1
1	head(9B) group-pick op(0X00) op(0X83) op(0X15) immediate reset colB(06) delay(xx) eff(85) timer(xx)	head(9B) group-pick op(0X16) op(0X83) op(0X2B) immediate reset colB(06) delay(xx) eff(85) timer(xx)	1
1	head(9B) group-pick op(0X16) op(0X83) op(0X2B) immediate reset colB(06) delay(xx) eff(85) timer(xx)	head(9B) group-pick op(0X2B) op(0X83) delay(xx) delay(xx) reset colB(06) delay(xx) eff(85) timer(xx)	1
1	head(9B) group-pick op(0X2B) op(0X83) delay(xx) delay(xx) reset colB(06) delay(xx) eff(85) timer(xx)	head(9B) group-pick op(0X2B) op(0X83) delay(xx) immediate reset colB(06) delay(xx) eff(85) timer(xx)	1
1	head(9B) group-pick op(0X2B) op(0X83) delay(xx) immediate reset colB(06) delay(xx) eff(85) timer(xx)	head(94) delay(xx) eff(85) delay(xx) reset	1
0	head(94) immediate eff(85) delay(xx) reset	head(9F) group-pick op(0X00) op(0X83) op(0X15) delay(xx) reset eff(hard color transitions) D0(xx,xx) D0(xx,xx) delay(xx) reset	1
1	head(9F) group-pick op(0X00) op(0X83) op(0X15) delay(xx) reset eff(hard color transitions) D0(xx,xx) D0(xx,xx) delay(xx) reset	head(9F) group-pick op(0X00) op(0X83) op(0X15) immediate reset eff(hard color transitions) D0(xx,xx) D0(xx,xx) delay(xx) reset	1
1	head(9F) group-pick op(0X00) op(0X83) op(0X15) immediate reset eff(hard color transitions) D0(xx,xx) D0(xx,xx) delay(xx) reset	head(9F) group-pick op(0X16) op(0X83) op(0X2B) immediate reset eff(hard color transitions) D0(xx,xx) D0(xx,xx) delay(xx) reset	1
1	head(9F) group-pick op(0X16) op(0X83) op(0X2B) immediate reset eff(hard color transitions) D0(xx,xx) D0(xx,xx) delay(xx) reset	head(9F) group-pick op(0X2B) op(0X83) delay(xx) immediate reset eff(hard color transitions) D0(xx,xx) D0(xx,xx) delay(xx) reset	1
1	head(9F) group-pick op(0X2B) op(0X83) delay(xx) immediate reset eff(hard color transitions) D0(xx,xx) D0(xx,xx) delay(xx) reset	head(9F) group-pick op(0X2B) op(0X83) delay(xx) delay(xx) reset eff(hard color transitions) D0(xx,xx) D0(xx,xx) delay(xx) reset	1
0	head(9F) group-pick op(0X2B) op(0X83) delay(xx) delay(xx) reset eff(hard color transitions) D0(xx,xx) D0(xx,xx) delay(xx) reset	head(9C) delay(xx) reset D0(xx,xx) op(0X46) group-pick op(0XEC) op(0XAC) colB(06) op(0X0D) eff(flashing sequence)	1
0	head(9C) immediate reset D0(xx,xx) op(0X46) group-pick op(0XEC) op(0XAC) colB(06) op(0X0D) eff(flashing sequence)	head(92) delay(xx) eff(85)	1
0	head(9B) immediate ?group range bound 0x46 group-pick op(0XEC) op(0XAC) eff(crossfading transitions) D0(xx,xx) op(0X0D)	head(9B) delay(xx) reset colB(07) delay(xx) eff(85) op(0X29) op(0X04) op(0X08) op(0X02) op(0X19) op(0X1D)	1
1	head(9B) immediate reset colB(07) delay(xx) eff(85) op(0X29) op(0X04) op(0X08) op(0X02) op(0X19) op(0X1D)	head(9F) delay(xx) reset D0(xx,xx) op(0X46) group-pick op(0XEC) op(0XAA) paletteB eff(86) delay(xx) eff(85)	1
1	head(9F) delay(xx) reset D0(xx,xx) op(0X46) group-pick op(0XEC) op(0XAA) paletteB eff(86) delay(xx) eff(85)	head(9F) delay(xx) reset D0(xx,xx) op(0X46) group-pick op(0XEC) op(0XAA) paletteB eff(86) delay(xx) eff(85)	1
1	head(9F) delay(xx) reset D0(xx,xx) op(0X46) group-pick op(0XEC) op(0XAA) paletteB eff(86) delay(xx) eff(85)	head(9F) immediate reset D0(xx,xx) op(0X46) group-pick op(0XEC) op(0XAA) paletteB eff(86) delay(xx) eff(85)	1
1	head(9F) immediate reset D0(xx,xx) op(0X46) group-pick op(0XEC) op(0XAA) paletteB eff(86) delay(xx) eff(85)	head(9F) delay(xx) reset D0(xx,xx) op(0X46) group-pick op(0XEC) op(0XA9) paletteB eff(86) delay(xx) eff(85)	1
1	head(9F) delay(xx) reset D0(xx,xx) op(0X46) group-pick op(0XEC) op(0XA9) paletteB eff(86) delay(xx) eff(85)	head(9F) delay(xx) reset D0(xx,xx) op(0X46) group-pick op(0XEC) op(0XA9) paletteB eff(86) delay(xx) eff(85)	1
1	head(9F) delay(xx) reset D0(xx,xx) op(0X46) group-pick op(0XEC) op(0XA9) paletteB eff(86) delay(xx) eff(85)	head(9F) immediate reset D0(xx,xx) op(0X46) group-pick op(0XEC) op(0XA9) paletteB eff(86) delay(xx) eff(85)	1
1	head(9F) immediate reset D0(xx,xx) op(0X46) group-pick op(0XEC) op(0XA9) paletteB eff(86) delay(xx) eff(85)	head(9C) delay(xx) reset eff(hard color transitions) D0(xx,xx) D0(xx,xx) D0(xx,xx)	1
1	head(9C) immediate reset eff(hard color transitions) D0(xx,xx) D0(xx,xx) D0(xx,xx)	head(9C) delay(xx) reset eff(hard color transitions) D0(xx,xx) D0(xx,xx) D0(xx,xx)	1
0	head(9C) delay(xx) reset eff(hard color transitions) D0(xx,xx) D0(xx,xx) D0(xx,xx)	head(98) delay(xx) reset paletteB delay(xx) eff(85) timer(xx)	1
1	head(98) delay(xx) reset paletteB delay(xx) eff(85) timer(xx)	head(9B) delay(xx) reset eff(color rotation) D0(xx,xx) colB(02) colL(02) delay(xx) eff(85)	1
0	head(9B) immediate reset eff(color rotation) D0(xx,xx) colB(02) colL(02) delay(xx) eff(85)	head(95) op(0X44) op(0X17) op(0X97) op(0X0A) op(0X00) op(0X11)	1
1	head(95) op(0X44) op(0X16) op(0X97) op(0X0A) op(0X00) op(0X11)	head(95) op(0X44) op(0X15) op(0X97) op(0X0A) op(0X00) op(0X11)	1
1	head(95) op(0X44) op(0X15) op(0X97) op(0X0A) op(0X00) op(0X11)	head(95) op(0X44) op(0X13) op(0X97) op(0X0A) op(0X00) op(0X11)	1
1	head(95) op(0X44) op(0X13) op(0X97) op(0X0A) op(0X00) op(0X11)	head(95) op(0X44) op(0X14) op(0X97) op(0X0A) op(0X00) op(0X11)	1
1	head(95) op(0X44) op(0X14) op(0X97) op(0X0A) op(0X00) op(0X11)	head(94) delay(xx) op(0X97) op(0X0A) op(0X00) op(0X11)	1
1	head(95) op(0X44) op(0X11) op(0X97) op(0X0A) op(0X00) op(0X11)	head(95) op(0X44) op(0X12) op(0X97) op(0X0A) op(0X00) op(0X11)	1
1	head(95) op(0X44) op(0X12) op(0X97) op(0X0A) op(0X00) op(0X11)	head(94) delay(xx) op(0X97) op(0X0A) op(0X00) op(0X11)	1
1	head(94) delay(xx) op(0X97) op(0X0A) op(0X00) op(0X11)	head(9C) op(0X44) op(0X17) op(0X09) op(0X00) op(0X11) op(0X15) op(0X88) op(0X95) delay(xx) op(0X07) op(0X00) op(0X11) op(0X01)	1
1	head(9C) op(0X44) op(0X17) op(0X09) op(0X00) op(0X11) op(0X15) op(0X88) op(0X95) delay(xx) op(0X07) op(0X00) op(0X11) op(0X01)	head(9C) op(0X44) op(0X16) op(0X09) op(0X00) op(0X11) op(0X15) op(0X88) op(0X95) delay(xx) op(0X07) op(0X00) op(0X11) op(0X01)	1
1	head(9C) op(0X44) op(0X16) op(0X09) op(0X00) op(0X11) op(0X15) op(0X88) op(0X95) delay(xx) op(0X07) op(0X00) op(0X11) op(0X01)	head(9C) op(0X44) op(0X13) op(0X09) op(0X00) op(0X11) op(0X15) op(0X88) op(0X95) delay(xx) op(0X07) op(0X00) op(0X11) op(0X01)	1
1	head(9C) op(0X44) op(0X13) op(0X09) op(0X00) op(0X11) op(0X15) op(0X88) op(0X95) delay(xx) op(0X07) op(0X00) op(0X11) op(0X01)	head(9C) op(0X44) op(0X14) op(0X09) op(0X00) op(0X11) op(0X15) op(0X88) op(0X95) delay(xx) op(0X07) op(0X00) op(0X11) op(0X01)	1
1	head(9C) op(0X44) op(0X14) op(0X09) op(0X00) op(0X11) op(0X15) op(0X88) op(0X95) delay(xx) op(0X07) op(0X00) op(0X11) op(0X01)	head(9C) op(0X44) op(0X15) op(0X09) op(0X00) op(0X11) op(0X15) op(0X88) op(0X95) delay(xx) op(0X07) op(0X00) op(0X11) op(0X01)	1
1	head(9C) op(0X44) op(0X15) op(0X09) op(0X00) op(0X11) op(0X15) op(0X88) op(0X95) delay(xx) op(0X07) op(0X00) op(0X11) op(0X01)	head(9B) delay(xx) op(0X09) op(0X00) op(0X11) op(0X15) op(0X88) op(0X95) delay(xx) op(0X07) op(0X00) op(0X11) op(0X01)	1
1	head(9B) delay(xx) op(0X09) op(0X00) op(0X11) op(0X15) op(0X88) op(0X95) delay(xx) op(0X07) op(0X00) op(0X11) op(0X01)	head(9C) op(0X44) op(0X10) op(0X09) op(0X00) op(0X11) op(0X15) op(0X88) op(0X95) delay(xx) op(0X07) op(0X00) op(0X11) op(0X01)	1
1	head(9C) op(0X44) op(0X10) op(0X09) op(0X00) op(0X11) op(0X15) op(0X88) op(0X95) delay(xx) op(0X07) op(0X00) op(0X11) op(0X01)	head(9C) op(0X44) op(0X11) op(0X09) op(0X00) op(0X11) op(0X15) op(0X88) op(0X95) delay(xx) op(0X07) op(0X00) op(0X11) op(0X01)	1
1	head(9C) op(0X44) op(0X11) op(0X09) op(0X00) op(0X11) op(0X15) op(0X88) op(0X95) delay(xx) op(0X07) op(0X00) op(0X11) op(0X01)	head(9C) op(0X44) op(0X12) op(0X09) op(0X00) op(0X11) op(0X15) op(0X88) op(0X95) delay(xx) op(0X07) op(0X00) op(0X11) op(0X01)	1
1	head(9C) op(0X44) op(0X12) op(0X09) op(0X00) op(0X11) op(0X15) op(0X88) op(0X95) delay(xx) op(0X07) op(0X00) op(0X11) op(0X01)	head(9B) delay(xx) op(0X09) op(0X00) op(0X11) op(0X15) op(0X88) op(0X95) delay(xx) op(0X07) op(0X00) op(0X11) op(0X01)	1
1	head(9B) delay(xx) op(0X09) op(0X00) op(0X11) op(0X15) op(0X88) op(0X95) delay(xx) op(0X07) op(0X00) op(0X11) op(0X01)	head(9B) immediate op(0X09) op(0X00) op(0X11) op(0X15) op(0X88) op(0X95) delay(xx) op(0X07) op(0X00) op(0X11) op(0X01)	1
0	head(9B) immediate op(0X09) op(0X00) op(0X11) op(0X15) op(0X88) op(0X95) delay(xx) op(0X07) op(0X00) op(0X11) op(0X01)	head(9D) delay(xx) reset eff(color rotation) D0(xx,xx) paletteB paletteL delay(xx) eff(85)	1
1	head(9D) delay(xx) reset eff(color rotation) D0(xx,xx) paletteB paletteL delay(xx) eff(85)	head(9D) immediate reset eff(color rotation) D0(xx,xx) paletteB paletteL delay(xx) eff(85)	1
1	head(9D) immediate reset eff(color rotation) D0(xx,xx) paletteB paletteL delay(xx) eff(85)	head(9D) delay(xx) reset eff(color rotation) D0(xx,xx) paletteB paletteL delay(xx) eff(85)	1
0	head(9D) delay(xx) reset eff(color rotation) D0(xx,xx) paletteB paletteL delay(xx) eff(85)	head(9B) delay(xx) reset eff(color rotation) D0(xx,xx) colB(05) colL(05) delay(xx) eff(85)	1
1	head(9B) delay(xx) reset eff(color rotation) D0(xx,xx) colB(05) colL(05) delay(xx) eff(85)	head(9B) immediate reset eff(color rotation) D0(xx,xx) colB(05) colL(05) delay(xx) eff(85)	1
0	head(9B) immediate reset eff(color rotation) D0(xx,xx) colB(05) colL(05) delay(xx) eff(85)	head(9B) delay(xx) reset eff(color rotation) D0(xx,xx) colB(02) colL(02) delay(xx) eff(85)	1
1	head(9B) delay(xx) reset eff(color rotation) D0(xx,xx) colB(02) colL(02) delay(xx) eff(85)	head(9C) delay(xx) reset colB(02) delay(xx) colB(01) delay(xx) paletteB delay(xx) eff(85) timer(xx)	1
0	head(9C) delay(xx) reset colB(02) delay(xx) colB(01) delay(xx) paletteB delay(xx) eff(85) timer(xx)	head(96) delay(xx) reset op(0X29) op(0X03) op(0X15) op(0X0D) op(0X19)	1
1	head(9F) delay(xx) reset eff(hard color transitions) D0(xx,xx) ?timer 200 ms granularity (0x09,0x02) eff(flashing sequence) op(0X0D) D0(xx,xx)	head(9F) immediate reset eff(hard color transitions) D0(xx,xx) ?timer 200 ms granularity (0x09,0x02) eff(flashing sequence) op(0X0D) D0(xx,xx)	1
1	head(9F) immediate reset eff(hard color transitions) D0(xx,xx) ?timer 200 ms granularity (0x09,0x02) eff(flashing sequence) op(0X0D) D0(xx,xx)	head(9F) delay(xx) reset eff(hard color transitions) D0(xx,xx) ?timer 200 ms granularity (0x09,0x02) eff(flashing sequence) op(0X0D) D0(xx,xx)	1
0	head(9F) delay(xx) reset eff(hard color transitions) D0(xx,xx) ?timer 200 ms granularity (0x09,0x02) eff(flashing sequence) op(0X0D) D0(xx,xx)	head(92) delay(xx) eff(85)	1
0	head(92) delay(xx) eff(85)	head(9A) delay(xx) reset op(0X0D) colB(06) D1(xx,xx,xx) D0(xx,xx)	1
1	head(9A) delay(xx) reset op(0X0D) colB(06) D1(xx,xx,xx) D0(xx,xx)	head(9A) immediate reset op(0X0D) colB(06) D1(xx,xx,xx) D0(xx,xx)	1
1	head(9A) immediate reset op(0X0D) colB(06) D1(xx,xx,xx) D0(xx,xx)	head(9A) delay(xx) reset op(0X0D) colB(06) D1(xx,xx,xx) D0(xx,xx)	1
0	head(9A) delay(xx) reset op(0X0D) colB(06) D1(xx,xx,xx) D0(xx,xx)	head(9E) delay(xx) reset colB(07) colL(07) ?fractional period (0x05,0x08,0x55, period=250.0s) eff(color sequence 0x8b) timer(xx) eff(color sequence) op(0X0D)	1
1	head(9E) delay(xx) reset colB(07) colL(07) ?fractional period (0x05,0x08,0x55, period=250.0s) eff(color sequence 0x8b) timer(xx) eff(color sequence) op(0X0D)	head(9E) immediate reset colB(07) colL(07) ?fractional period (0x05,0x08,0x55, period=250.0s) eff(color sequence 0x8b) timer(xx) eff(color sequence) op(0X0D)	1
1	head(9E) immediate reset colB(07) colL(07) ?fractional period (0x05,0x08,0x55, period=250.0s) eff(color sequence 0x8b) timer(xx) eff(color sequence) op(0X0D)	head(9E) delay(xx) reset colB(07) colL(07) ?fractional period (0x05,0x08,0x55, period=250.0s) eff(color sequence 0x8b) timer(xx) eff(color sequence) op(0X0D)	1
1	head(9E) delay(xx) reset colB(07) colL(07) ?fractional period (0x01,0x08,0x55, period=50.0s) eff(color sequence 0x8b) timer(xx) eff(color sequence) op(0X0D)	head(9E) immediate reset colB(07) colL(07) ?fractional period (0x01,0x08,0x55, period=50.0s) eff(color sequence 0x8b) timer(xx) eff(color sequence) op(0X0D)	1
1	head(9E) immediate reset colB(07) colL(07) ?fractional period (0x01,0x08,0x55, period=50.0s) eff(color sequence 0x8b) timer(xx) eff(color sequence) op(0X0D)	head(9E) delay(xx) reset colB(07) colL(07) ?fractional period (0x01,0x08,0x55, period=50.0s) eff(color sequence 0x8b) timer(xx) eff(color sequence) op(0X0D)	1
1	head(91) delay(xx) reset	head(96) delay(xx) reset op(0X29) op(0X03) op(0X15) op(0X0D) op(0X19)	1
1	head(9C) delay(xx) reset op(0X09) op(0X00) op(0X11) op(0X15) group-pick op(0X95) op(0X02) op(0X29) op(0X02) op(0X15) op(0X12)	head(9C) immediate reset op(0X09) op(0X00) op(0X11) op(0X15) group-pick op(0X95) op(0X02) op(0X29) op(0X02) op(0X15) op(0X12)	1
1	head(9C) immediate reset op(0X09) op(0X00) op(0X11) op(0X15) group-pick op(0X95) op(0X02) op(0X29) op(0X02) op(0X15) op(0X12)	head(9C) op(0X44) op(0X11) reset D1(xx,xx,xx) eff(hard color transitions) D0(xx,xx) op(0X72)	1
1	head(9C) op(0X44) op(0X11) reset D1(xx,xx,xx) eff(hard color transitions) D0(xx,xx) op(0X72)	head(9C) delay(xx) reset op(0X09) op(0X00) op(0X11) op(0X15) group-pick op(0X95) op(0X02) op(0X29) op(0X02) op(0X15) op(0X12)	1
1	head(9B) delay(xx) reset D1(xx,xx,xx) eff(hard color transitions) D0(xx,xx) op(0X72)	head(9B) immediate reset D1(xx,xx,xx) eff(hard color transitions) D0(xx,xx) op(0X72)	1
1	head(9B) immediate reset D1(xx,xx,xx) eff(hard color transitions) D0(xx,xx) op(0X72)	head(9B) delay(xx) reset D1(xx,xx,xx) eff(hard color transitions) D0(xx,xx) op(0X72)	1
1	head(9B) delay(xx) reset D1(xx,xx,xx) eff(hard color transitions) D0(xx,xx) op(0X72)	head(9F) op(0X44) op(0X11) op(0X09) op(0X00) op(0X11) op(0X15) group-pick op(0X95) op(0X02) eff(color sequence 0x87) D1(xx,xx,xx) op(0X72)	1
1	head(9F) op(0X44) op(0X11) op(0X09) op(0X00) op(0X11) op(0X15) group-pick op(0X95) op(0X02) eff(color sequence 0x87) D1(xx,xx,xx) op(0X72)	head(9E) delay(xx) op(0X09) op(0X00) op(0X11) op(0X15) group-pick op(0X95) op(0X02) eff(color sequence 0x87) D1(xx,xx,xx) op(0X72)	1
1	head(9E) delay(xx) op(0X09) op(0X00) op(0X11) op(0X15) group-pick op(0X95) op(0X02) eff(color sequence 0x87) D1(xx,xx,xx) op(0X72)	head(9F) op(0X44) op(0X10) op(0X09) op(0X00) op(0X11) op(0X15) group-pick op(0X95) op(0X02) eff(color sequence 0x87) D1(xx,xx,xx) op(0X72)	1
1	head(9F) op(0X44) op(0X10) op(0X09) op(0X00) op(0X11) op(0X15) group-pick op(0X95) op(0X02) eff(color sequence 0x87) D1(xx,xx,xx) op(0X72)	head(9E) delay(xx) op(0X09) op(0X00) op(0X11) op(0X15) group-pick op(0X95) op(0X02) eff(color sequence 0x87) D1(xx,xx,xx) op(0X72)	1
1	head(9E) delay(xx) op(0X09) op(0X00) op(0X11) op(0X15) group-pick op(0X95) op(0X02) eff(color sequence 0x87) D1(xx,xx,xx) op(0X72)	head(96) op(0X44) op(0X11) op(0X97) op(0X71) D0(xx,xx)	1
1	head(96) op(0X44) op(0X11) op(0X97) op(0X71) D0(xx,xx)	head(96) op(0X44) op(0X10) op(0X97) op(0X71) D0(xx,xx)	1
1	head(96) op(0X44) op(0X10) op(0X97) op(0X71) D0(xx,xx)	head(95) delay(xx) op(0X97) op(0X71) D0(xx,xx)	1
1	head(94) ?clock tick 0x7b D0(xx,xx)	head(9A) op(0X93) op(0X00) op(0X00) D2(xx,xx,xx,xx) op(0X02) immediate colB(06)	1
0	head(9E) op(0X91) op(0X90) stop op(0X29) op(0X02) op(0X15) op(0X19) eff(hard color transitions) D0(xx,xx) D0(xx,xx)	head(94) ?clock tick 0xa4 D0(xx,xx)	1
1	head(94) ?clock tick 0xa4 D0(xx,xx)	head(9E) op(0X91) op(0X90) stop op(0X29) op(0X02) op(0X15) op(0X19) eff(hard color transitions) D0(xx,xx) D0(xx,xx)	1
0	head(9E) op(0X91) op(0X90) stop op(0X29) op(0X02) op(0X15) op(0X19) eff(hard color transitions) D0(xx,xx) D0(xx,xx)	head(94) ?clock tick 0xcd D0(xx,xx)	1
1	head(94) ?clock tick 0xcd D0(xx,xx)	head(9A) op(0X93) op(0X00) op(0X00) D2(xx,xx,xx,xx) op(0X02) immediate colB(06)	1
0	head(9E) op(0X91) op(0X90) stop op(0X29) op(0X02) op(0X15) op(0X19) eff(hard color transitions) D0(xx,xx) D0(xx,xx)	head(94) ?clock tick 0xf6 D0(xx,xx)	1
1	head(94) ?clock tick 0xf6 D0(xx,xx)	head(9E) op(0X91) op(0X90) stop op(0X29) op(0X02) op(0X15) op(0X19) eff(hard color transitions) D0(xx,xx) D0(xx,xx)	1
0	head(9E) op(0X91) op(0X90) stop op(0X29) op(0X02) op(0X15) op(0X19) eff(hard color transitions) D0(xx,xx) D0(xx,xx)	head(94) ?clock tick 0x1f D0(xx,xx)	1
1	head(94) ?clock tick 0x1f D0(xx,xx)	head(9A) op(0X93) op(0X00) op(0X00) D2(xx,xx,xx,xx) op(0X02) immediate colB(06)	1
0	head(9E) op(0X91) op(0X90) stop op(0X29) op(0X02) op(0X15) op(0X19) eff(hard color transitions) D0(xx,xx) D0(xx,xx)	head(94) ?clock tick 0x48 D0(xx,xx)	1
1	head(94) ?clock tick 0x48 D0(xx,xx)	head(9E) op(0X91) op(0X90) stop op(0X29) op(0X02) op(0X15) op(0X19) eff(hard color transitions) D0(xx,xx) D0(xx,xx)	1
0	head(9E) op(0X91) op(0X90) stop op(0X29) op(0X02) op(0X15) op(0X19) eff(hard color transitions) D0(xx,xx) D0(xx,xx)	head(94) ?clock tick 0x71 D0(xx,xx)	1
1	head(94) ?clock tick 0x71 D0(xx,xx)	head(9A) op(0X93) op(0X00) op(0X00) D2(xx,xx,xx,xx) op(0X02) immediate colB(06)	1
0	head(9E) op(0X91) op(0X90) stop op(0X29) op(0X02) op(0X15) op(0X19) eff(hard color transitions) D0(xx,xx) D0(xx,xx)	head(94) ?clock tick 0x9a D0(xx,xx)	1
1	head(94) ?clock tick 0x9a D0(xx,xx)	head(9E) op(0X91) op(0X90) stop op(0X29) op(0X02) op(0X15) op(0X19) eff(hard color transitions) D0(xx,xx) D0(xx,xx)	1
0	head(9E) op(0X91) op(0X90) stop op(0X29) op(0X02) op(0X15) op(0X19) eff(hard color transitions) D0(xx,xx) D0(xx,xx)	head(94) ?clock tick 0xc3 D0(xx,xx)	1
1	head(94) ?clock tick 0xc3 D0(xx,xx)	head(9A) op(0X93) op(0X00) op(0X00) D2(xx,xx,xx,xx) op(0X02) immediate colB(06)	1
0	head(9E) op(0X91) op(0X90) stop op(0X29) op(0X02) op(0X15) op(0X19) eff(hard color transitions) D0(xx,xx) D0(xx,xx)	head(94) ?clock tick 0xec D0(xx,xx)	1
1	head(94) ?clock tick 0xec D0(xx,xx)	head(9E) op(0X91) op(0X90) stop op(0X29) op(0X02) op(0X15) op(0X19) eff(hard color transitions) D0(xx,xx) D0(xx,xx)	1
0	head(9E) op(0X91) op(0X90) stop op(0X29) op(0X02) op(0X15) op(0X19) eff(hard color transitions) D0(xx,xx) D0(xx,xx)	head(94) ?clock tick 0x15 D0(xx,xx)	1
1	head(94) ?clock tick 0x15 D0(xx,xx)	head(9A) op(0X93) op(0X00) op(0X00) D2(xx,xx,xx,xx) op(0X02) immediate colB(06)	1
0	head(9E) op(0X91) op(0X90) stop op(0X29) op(0X02) op(0X15) op(0X19) eff(hard color transitions) D0(xx,xx) D0(xx,xx)	head(94) ?clock tick 0x3e D0(xx,xx)	1
1	head(94) ?clock tick 0x3e D0(xx,xx)	head(9E) op(0X91) op(0X90) stop op(0X29) op(0X02) op(0X15) op(0X19) eff(hard color transitions) D0(xx,xx) D0(xx,xx)	1
0	head(9E) op(0X91) op(0X90) stop op(0X29) op(0X02) op(0X15) op(0X19) eff(hard color transitions) D0(xx,xx) D0(xx,xx)	head(94) ?clock tick 0x67 D0(xx,xx)	1
1	head(94) ?clock tick 0x67 D0(xx,xx)	head(9A) op(0X93) op(0X00) op(0X00) D2(xx,xx,xx,xx) op(0X02) immediate colB(06)	1
0	head(9E) op(0X91) op(0X90) stop op(0X29) op(0X02) op(0X15) op(0X19) eff(hard color transitions) D0(xx,xx) D0(xx,xx)	head(94) ?clock tick 0x90 D0(xx,xx)	1
1	head(94) ?clock tick 0x90 D0(xx,xx)	head(9E) op(0X91) op(0X90) stop op(0X29) op(0X02) op(0X15) op(0X19) eff(hard color transitions) D0(xx,xx) D0(xx,xx)	1
0	head(9E) op(0X91) op(0X90) stop op(0X29) op(0X02) op(0X15) op(0X19) eff(hard color transitions) D0(xx,xx) D0(xx,xx)	head(94) ?clock tick 0xb9 D0(xx,xx)	1
1	head(94) ?clock tick 0xb9 D0(xx,xx)	head(9A) op(0X93) op(0X00) op(0X00) D2(xx,xx,xx,xx) op(0X02) immediate colB(06)	1
0	head(9E) op(0X91) op(0X90) stop op(0X29) op(0X02) op(0X15) op(0X19) eff(hard color transitions) D0(xx,xx) D0(xx,xx)	head(94) ?clock tick 0xe2 D0(xx,xx)	1
1	head(94) ?clock tick 0xe2 D0(xx,xx)	head(9E) op(0X91) op(0X90) stop op(0X29) op(0X02) op(0X15) op(0X19) eff(hard color transitions) D0(xx,xx) D0(xx,xx)	1
0	head(9E) op(0X91) op(0X90) stop op(0X29) op(0X02) op(0X15) op(0X19) eff(hard color transitions) D0(xx,xx) D0(xx,xx)	head(94) ?clock tick 0x0b D0(xx,xx)	1
1	head(94) ?clock tick 0x0b D0(xx,xx)	head(9A) op(0X93) op(0X00) op(0X00) D2(xx,xx,xx,xx) op(0X02) immediate colB(06)	1
0	head(9E) op(0X91) op(0X90) stop op(0X29) op(0X02) op(0X15) op(0X19) eff(hard color transitions) D0(xx,xx) D0(xx,xx)	head(94) ?clock tick 0x34 D0(xx,xx)	1
1	head(94) ?clock tick 0x34 D0(xx,xx)	head(9E) op(0X91) op(0X90) stop op(0X29) op(0X02) op(0X15) op(0X19) eff(hard color transitions) D0(xx,xx) D0(xx,xx)	1
0	head(9E) op(0X91) op(0X90) stop op(0X29) op(0X02) op(0X15) op(0X19) eff(hard color transitions) D0(xx,xx) D0(xx,xx)	head(94) ?clock tick 0x5d D0(xx,xx)	1
1	head(94) ?clock tick 0x5d D0(xx,xx)	head(9A) op(0X93) op(0X00) op(0X00) D2(xx,xx,xx,xx) op(0X02) immediate colB(06)	1
0	head(9E) op(0X91) op(0X90) stop op(0X29) op(0X02) op(0X15) op(0X19) eff(hard color transitions) D0(xx,xx) D0(xx,xx)	head(94) ?clock tick 0x86 D0(xx,xx)	1
1	head(94) ?clock tick 0x86 D0(xx,xx)	head(9E) op(0X91) op(0X90) stop op(0X29) op(0X02) op(0X15) op(0X19) eff(hard color transitions) D0(xx,xx) D0(xx,xx)	1
0	head(9E) op(0X91) op(0X90) stop op(0X29) op(0X02) op(0X15) op(0X19) eff(hard color transitions) D0(xx,xx) D0(xx,xx)	head(94) ?clock tick 0xaf D0(xx,xx)	1
1	head(94) ?clock tick 0xaf D0(xx,xx)	head(9A) op(0X93) op(0X00) op(0X00) D2(xx,xx,xx,xx) op(0X02) immediate colB(06)	1
0	head(9E) op(0X91) op(0X90) stop op(0X29) op(0X02) op(0X15) op(0X19) eff(hard color transitions) D0(xx,xx) D0(xx,xx)	head(94) ?clock tick 0xd8 D0(xx,xx)	1
1	head(94) ?clock tick 0xd8 D0(xx,xx)	head(9E) op(0X91) op(0X90) stop op(0X29) op(0X02) op(0X15) op(0X19) eff(hard color transitions) D0(xx,xx) D0(xx,xx)	1
0	head(9E) op(0X91) op(0X90) stop op(0X29) op(0X02) op(0X15) op(0X19) eff(hard color transitions) D0(xx,xx) D0(xx,xx)	head(94) ?clock tick 0x01 D0(xx,xx)	1
1	head(94) ?clock tick 0x01 D0(xx,xx)	head(9A) op(0X93) op(0X00) op(0X00) D2(xx,xx,xx,xx) op(0X02) immediate colB(06)	1
0	head(9E) op(0X91) op(0X90) stop op(0X29) op(0X02) op(0X15) op(0X19) eff(hard color transitions) D0(xx,xx) D0(xx,xx)	head(94) ?clock tick 0x2a D0(xx,xx)	1
1	head(94) ?clock tick 0x2a D0(xx,xx)	head(9E) op(0X91) op(0X90) stop op(0X29) op(0X02) op(0X15) op(0X19) eff(hard color transitions) D0(xx,xx) D0(xx,xx)	1
0	head(9E) op(0X91) op(0X90) stop op(0X29) op(0X02) op(0X15) op(0X19) eff(hard color transitions) D0(xx,xx) D0(xx,xx)	head(94) ?clock tick 0x53 D0(xx,xx)	1
1	head(94) ?clock tick 0x53 D0(xx,xx)	head(9A) op(0X93) op(0X00) op(0X00) D2(xx,xx,xx,xx) op(0X02) immediate colB(06)	1
0	head(9E) op(0X91) op(0X90) stop op(0X29) op(0X02) op(0X15) op(0X19) eff(hard color transitions) D0(xx,xx) D0(xx,xx)	head(94) ?clock tick 0x7c D0(xx,xx)	1
1	head(94) ?clock tick 0x7c D0(xx,xx)	head(9E) op(0X91) op(0X90) stop op(0X29) op(0X02) op(0X15) op(0X19) eff(hard color transitions) D0(xx,xx) D0(xx,xx)	1
0	head(9E) op(0X91) op(0X90) stop op(0X29) op(0X02) op(0X15) op(0X19) eff(hard color transitions) D0(xx,xx) D0(xx,xx)	head(94) ?clock tick 0xa5 D0(xx,xx)	1
1	head(94) ?clock tick 0xa5 D0(xx,xx)	head(9A) op(0X93) op(0X00) op(0X00) D2(xx,xx,xx,xx) op(0X02) immediate colB(06)	1
0	head(9E) op(0X91) op(0X90) stop op(0X29) op(0X02) op(0X15) op(0X19) eff(hard color transitions) D0(xx,xx) D0(xx,xx)	head(94) ?clock tick 0xce D0(xx,xx)	1
1	head(94) ?clock tick 0xce D0(xx,xx)	head(96) op(0X19) op(0X07) op(0X1B) op(0X08) D0(xx,xx)	1
1	head(96) op(0X19) op(0X07) op(0X1B) op(0X08) D0(xx,xx)	head(9B) group-close ?clock tick 0xbc colB(03) colL(03) timer(xx) eff(04) D0(xx,xx)	1
1	head(9B) group-close ?clock tick 0xbc colB(03) colL(03) timer(xx) eff(04) D0(xx,xx)	head(96) op(0X19) op(0X07) op(0X1B) op(0X08) D0(xx,xx)	1
1	head(96) op(0X19) op(0X07) op(0X1B) op(0X08) D0(xx,xx)	head(9E) op(0X91) op(0X90) stop op(0X29) op(0X02) op(0X15) op(0X19) eff(hard color transitions) D0(xx,xx) D0(xx,xx)	1
1	head(9E) op(0X91) op(0X90) stop op(0X29) op(0X02) op(0X15) op(0X19) eff(hard color transitions) D0(xx,xx) D0(xx,xx)	head(96) op(0X19) op(0X07) op(0X1B) op(0X08) op(0X00) op(0X3B) op(0X04)	1
1	head(96) op(0X19) op(0X07) op(0X1B) op(0X08) op(0X00) op(0X3B) op(0X04)	head(96) op(0X19) op(0X07) op(0X1B) op(0X08) op(0X00) op(0X3B) op(0X04)	1
1	head(96) op(0X19) op(0X07) op(0X1B) op(0X08) op(0X00) op(0X3B) op(0X04)	head(9B) group-close ?clock tick 0xbd colB(03) colL(03) timer(xx) eff(04) D0(xx,xx)	1
0	head(9B) group-close ?clock tick 0xbd colB(03) colL(03) timer(xx) eff(04) D0(xx,xx)	head(94) ?clock tick 0xf7 D0(xx,xx)	1
1	head(94) ?clock tick 0xf7 D0(xx,xx)	head(9A) op(0X93) op(0X00) op(0X00) D2(xx,xx,xx,xx) op(0X02) immediate colB(06)	1
0	head(9E) op(0X91) op(0X90) stop op(0X29) op(0X02) op(0X15) op(0X19) eff(hard color transitions) D0(xx,xx) D0(xx,xx)	head(94) ?clock tick 0x20 D0(xx,xx)	1
1	head(94) ?clock tick 0x20 D0(xx,xx)	head(9E) op(0X91) op(0X90) stop op(0X29) op(0X02) op(0X15) op(0X19) eff(hard color transitions) D0(xx,xx) D0(xx,xx)	1
0	head(9E) op(0X91) op(0X90) stop op(0X29) op(0X02) op(0X15) op(0X19) eff(hard color transitions) D0(xx,xx) D0(xx,xx)	head(94) ?clock tick 0x49 D0(xx,xx)	1
1	head(94) ?clock tick 0x49 D0(xx,xx)	head(9A) op(0X93) op(0X00) op(0X00) D2(xx,xx,xx,xx) op(0X02) immediate colB(06)	1
0	head(9E) op(0X91) op(0X90) stop op(0X29) op(0X02) op(0X15) op(0X19) eff(hard color transitions) D0(xx,xx) D0(xx,xx)	head(94) ?clock tick 0x72 D0(xx,xx)	1
1	head(94) ?clock tick 0x72 D0(xx,xx)	head(9E) op(0X91) op(0X90) stop op(0X29) op(0X02) op(0X15) op(0X19) eff(hard color transitions) D0(xx,xx) D0(xx,xx)	1
0	head(9E) op(0X91) op(0X90) stop op(0X29) op(0X02) op(0X15) op(0X19) eff(hard color transitions) D0(xx,xx) D0(xx,xx)	head(94) ?clock tick 0x9b D0(xx,xx)	1
1	head(94) ?clock tick 0x9b D0(xx,xx)	head(9A) op(0X93) op(0X00) op(0X00) D2(xx,xx,xx,xx) op(0X02) immediate colB(06)	1
0	head(9E) op(0X91) op(0X90) stop op(0X29) op(0X02) op(0X15) op(0X19) eff(hard color transitions) D0(xx,xx) D0(xx,xx)	head(94) ?clock tick 0xc4 D0(xx,xx)	1
1	head(94) ?clock tick 0xc4 D0(xx,xx)	head(9E) op(0X91) op(0X90) stop op(0X29) op(0X02) op(0X15) op(0X19) eff(hard color transitions) D0(xx,xx) D0(xx,xx)	1
0	head(9E) op(0X91) op(0X90) stop op(0X29) op(0X02) op(0X15) op(0X19) eff(hard color transitions) D0(xx,xx) D0(xx,xx)	head(94) ?clock tick 0xed D0(xx,xx)	1
1	head(94) ?clock tick 0xed D0(xx,xx)	head(9A) op(0X93) op(0X00) op(0X00) D2(xx,xx,xx,xx) op(0X02) immediate colB(06)	1
0	head(9E) op(0X91) op(0X90) stop op(0X29) op(0X02) op(0X15) op(0X19) eff(hard color transitions) D0(xx,xx) D0(xx,xx)	head(94) ?clock tick 0x16 D0(xx,xx)	1
1	head(94) ?clock tick 0x16 D0(xx,xx)	head(9E) op(0X91) op(0X90) stop op(0X29) op(0X02) op(0X15) op(0X19) eff(hard color transitions) D0(xx,xx) D0(xx,xx)	1
0	head(9E) op(0X91) op(0X90) stop op(0X29) op(0X02) op(0X15) op(0X19) eff(hard color transitions) D0(xx,xx) D0(xx,xx)	head(94) ?clock tick 0x3f D0(xx,xx)	1
1	head(94) ?clock tick 0x3f D0(xx,xx)	head(9A) op(0X93) op(0X00) op(0X00) D2(xx,xx,xx,xx) op(0X02) immediate colB(06)	1
0	head(9E) op(0X91) op(0X90) stop op(0X29) op(0X02) op(0X15) op(0X19) eff(hard color transitions) D0(xx,xx) D0(xx,xx)	head(94) ?clock tick 0x68 D0(xx,xx)	1
1	head(94) ?clock tick 0x68 D0(xx,xx)	head(9E) op(0X91) op(0X90) stop op(0X29) op(0X02) op(0X15) op(0X19) eff(hard color transitions) D0(xx,xx) D0(xx,xx)	1
0	head(9E) op(0X91) op(0X90) stop op(0X29) op(0X02) op(0X15) op(0X19) eff(hard color transitions) D0(xx,xx) D0(xx,xx)	head(94) ?clock tick 0x91 D0(xx,xx)	1
1	head(94) ?clock tick 0x91 D0(xx,xx)	head(9A) op(0X93) op(0X00) op(0X00) D2(xx,xx,xx,xx) op(0X02) immediate colB(06)	1
0	head(9E) op(0X91) op(0X90) stop op(0X29) op(0X02) op(0X15) op(0X19) eff(hard color transitions) D0(xx,xx) D0(xx,xx)	head(94) ?clock tick 0xba D0(xx,xx)	1
1	head(94) ?clock tick 0xba D0(xx,xx)	head(9E) op(0X91) op(0X90) stop op(0X29) op(0X02) op(0X15) op(0X19) eff(hard color transitions) D0(xx,xx) D0(xx,xx)	1
0	head(9E) op(0X91) op(0X90) stop op(0X29) op(0X02) op(0X15) op(0X19) eff(hard color transitions) D0(xx,xx) D0(xx,xx)	head(94) ?clock tick 0xe3 D0(xx,xx)	1
1	head(94) ?clock tick 0xe3 D0(xx,xx)	head(9A) op(0X93) op(0X00) op(0X00) D2(xx,xx,xx,xx) op(0X02) immediate colB(06)	1
0	head(9E) op(0X91) op(0X90) stop op(0X29) op(0X02) op(0X15) op(0X19) eff(hard color transitions) D0(xx,xx) D0(xx,xx)	head(94) ?clock tick 0x0c D0(xx,xx)	1
1	head(94) ?clock tick 0x0c D0(xx,xx)	head(9E) op(0X91) op(0X90) stop op(0X29) op(0X02) op(0X15) op(0X19) eff(hard color transitions) D0(xx,xx) D0(xx,xx)	1
0	head(9E) op(0X91) op(0X90) stop op(0X29) op(0X02) op(0X15) op(0X19) eff(hard color transitions) D0(xx,xx) D0(xx,xx)	head(94) ?clock tick 0x35 D0(xx,xx)	1
1	head(94) ?clock tick 0x35 D0(xx,xx)	head(9A) op(0X93) op(0X00) op(0X00) D2(xx,xx,xx,xx) op(0X02) immediate colB(06)	1
0	head(9E) op(0X91) op(0X90) stop op(0X29) op(0X02) op(0X15) op(0X19) eff(hard color transitions) D0(xx,xx) D0(xx,xx)	head(94) ?clock tick 0x5e D0(xx,xx)	1
1	head(94) ?clock tick 0x5e D0(xx,xx)	head(9E) op(0X91) op(0X90) stop op(0X29) op(0X02) op(0X15) op(0X19) eff(hard color transitions) D0(xx,xx) D0(xx,xx)	1
0	head(9E) op(0X91) op(0X90) stop op(0X29) op(0X02) op(0X15) op(0X19) eff(hard color transitions) D0(xx,xx) D0(xx,xx)	head(94) ?clock tick 0x87 D0(xx,xx)	1
1	head(94) ?clock tick 0x87 D0(xx,xx)	head(9A) op(0X93) op(0X00) op(0X00) D2(xx,xx,xx,xx) op(0X02) immediate colB(06)	1
0	head(9E) op(0X91) op(0X90) stop op(0X29) op(0X02) op(0X15) op(0X19) eff(hard color transitions) D0(xx,xx) D0(xx,xx)	head(94) ?clock tick 0xb0 D0(xx,xx)	1
1	head(94) ?clock tick 0xb0 D0(xx,xx)	head(9E) op(0X91) op(0X90) stop op(0X29) op(0X02) op(0X15) op(0X19) eff(hard color transitions) D0(xx,xx) D0(xx,xx)	1
0	head(9E) op(0X91) op(0X90) stop op(0X29) op(0X02) op(0X15) op(0X19) eff(hard color transitions) D0(xx,xx) D0(xx,xx)	head(94) ?clock tick 0xd9 D0(xx,xx)	1
1	head(94) ?clock tick 0xd9 D0(xx,xx)	head(9A) op(0X93) op(0X00) op(0X00) D2(xx,xx,xx,xx) op(0X02) immediate colB(06)	1
0	head(9E) op(0X91) op(0X90) stop op(0X29) op(0X02) op(0X15) op(0X19) eff(hard color transitions) D0(xx,xx) D0(xx,xx)	head(94) ?clock tick 0x02 D0(xx,xx)	1
1	head(94) ?clock tick 0x02 D0(xx,xx)	head(9E) op(0X91) op(0X90) stop op(0X29) op(0X02) op(0X15) op(0X19) eff(hard color transitions) D0(xx,xx) D0(xx,xx)	1
0	head(9E) op(0X91) op(0X90) stop op(0X29) op(0X02) op(0X15) op(0X19) eff(hard color transitions) D0(xx,xx) D0(xx,xx)	head(94) ?clock tick 0x2b D0(xx,xx)	1
1	head(94) ?clock tick 0x2b D0(xx,xx)	head(9A) op(0X93) op(0X00) op(0X00) D2(xx,xx,xx,xx) op(0X02) immediate colB(06)	1
0	head(9E) op(0X91) op(0X90) stop op(0X29) op(0X02) op(0X15) op(0X19) eff(hard color transitions) D0(xx,xx) D0(xx,xx)	head(94) ?clock tick 0x54 D0(xx,xx)	1
1	head(94) ?clock tick 0x54 D0(xx,xx)	head(9E) op(0X91) op(0X90) stop op(0X29) op(0X02) op(0X15) op(0X19) eff(hard color transitions) D0(xx,xx) D0(xx,xx)	1
0	head(9E) op(0X91) op(0X90) stop op(0X29) op(0X02) op(0X15) op(0X19) eff(hard color transitions) D0(xx,xx) D0(xx,xx)	head(94) ?clock tick 0x7d D0(xx,xx)	1
1	head(94) ?clock tick 0x7d D0(xx,xx)	head(9A) op(0X93) op(0X00) op(0X00) D2(xx,xx,xx,xx) op(0X02) immediate colB(06)	1
0	head(9E) op(0X91) op(0X90) stop op(0X29) op(0X02) op(0X15) op(0X19) eff(hard color transitions) D0(xx,xx) D0(xx,xx)	head(94) ?clock tick 0xa6 D0(xx,xx)	1
1	head(94) ?clock tick 0xa6 D0(xx,xx)	head(9E) op(0X91) op(0X90) stop op(0X29) op(0X02) op(0X15) op(0X19) eff(hard color transitions) D0(xx,xx) D0(xx,xx)	1
0	head(9E) op(0X91) op(0X90) stop op(0X29) op(0X02) op(0X15) op(0X19) eff(hard color transitions) D0(xx,xx) D0(xx,xx)	head(94) ?clock tick 0xcf D0(xx,xx)	1
1	head(94) ?clock tick 0xcf D0(xx,xx)	head(9A) op(0X93) op(0X00) op(0X00) D2(xx,xx,xx,xx) op(0X02) immediate colB(06)	1
0	head(9E) op(0X91) op(0X90) stop op(0X29) op(0X02) op(0X15) op(0X19) eff(hard color transitions) D0(xx,xx) D0(xx,xx)	head(94) ?clock tick 0xf8 D0(xx,xx)	1
1	head(94) ?clock tick 0xf8 D0(xx,xx)	head(9E) op(0X91) op(0X90) stop op(0X29) op(0X02) op(0X15) op(0X19) eff(hard color transitions) D0(xx,xx) D0(xx,xx)	1
0	head(9E) op(0X91) op(0X90) stop op(0X29) op(0X02) op(0X15) op(0X19) eff(hard color transitions) D0(xx,xx) D0(xx,xx)	head(94) ?clock tick 0x21 D0(xx,xx)	1
0	head(9A) op(0X93) op(0X00) op(0X00) D2(xx,xx,xx,xx) op(0X02) immediate colB(06)	head(94) ?clock tick 0x4a D0(xx,xx)	1
0	head(94) ?clock tick 0x4a D0(xx,xx)	head(94) ?clock tick 0x73 D0(xx,xx)	1
0	head(9A) op(0X93) op(0X00) op(0X00) D2(xx,xx,xx,xx) op(0X02) immediate colB(06)	head(94) ?clock tick 0x9c D0(xx,xx)	1
1	head(94) ?clock tick 0x9c D0(xx,xx)	head(98) stop op(0X0D) eff(quick flashing on one ear) D0(xx,xx) delay(xx) reset	1
1	head(9F) op(0X91) op(0X90) stop eff(color sequence 0x87) op(0X29) op(0X02) op(0X04) op(0X16) D1(xx,xx,xx) D0(xx,xx)	head(94) ?clock tick 0xc5 D0(xx,xx)	1
1	head(9F) op(0X91) op(0X90) stop eff(color sequence 0x87) op(0X29) op(0X02) op(0X04) op(0X16) D1(xx,xx,xx) D0(xx,xx)	head(94) ?clock tick 0xee D0(xx,xx)	1
0	head(94) ?clock tick 0xee D0(xx,xx)	head(9F) op(0X91) op(0X90) stop eff(color sequence 0x87) op(0X29) op(0X02) op(0X04) op(0X16) D1(xx,xx,xx) D0(xx,xx)	1
1	head(9F) op(0X91) op(0X90) stop eff(color sequence 0x87) op(0X29) op(0X02) op(0X04) op(0X16) D1(xx,xx,xx) D0(xx,xx)	head(94) ?clock tick 0x17 D0(xx,xx)	1
1	head(9F) op(0X91) op(0X90) stop eff(color sequence 0x87) op(0X29) op(0X02) op(0X04) op(0X16) D1(xx,xx,xx) D0(xx,xx)	head(94) ?clock tick 0x40 D0(xx,xx)	1
0	head(94) ?clock tick 0x40 D0(xx,xx)	head(9F) op(0X91) op(0X90) stop eff(color sequence 0x87) op(0X29) op(0X02) op(0X04) op(0X16) D1(xx,xx,xx) D0(xx,xx)	1
1	head(9F) op(0X91) op(0X90) stop eff(color sequence 0x87) op(0X29) op(0X02) op(0X04) op(0X16) D1(xx,xx,xx) D0(xx,xx)	head(94) ?clock tick 0x69 D0(xx,xx)	1
1	head(9F) op(0X91) op(0X90) stop eff(color sequence 0x87) op(0X29) op(0X02) op(0X04) op(0X16) D1(xx,xx,xx) D0(xx,xx)	head(94) ?clock tick 0x92 D0(xx,xx)	1
0	head(94) ?clock tick 0x92 D0(xx,xx)	head(9F) op(0X91) op(0X90) stop eff(color sequence 0x87) op(0X29) op(0X02) op(0X04) op(0X16) D1(xx,xx,xx) D0(xx,xx)	1
1	head(9F) op(0X91) op(0X90) stop eff(color sequence 0x87) op(0X29) op(0X02) op(0X04) op(0X16) D1(xx,xx,xx) D0(xx,xx)	head(94) ?clock tick 0xbb D0(xx,xx)	1
1	head(9F) op(0X91) op(0X90) stop eff(color sequence 0x87) op(0X29) op(0X02) op(0X04) op(0X16) D1(xx,xx,xx) D0(xx,xx)	head(94) ?clock tick 0xe4 D0(xx,xx)	1
0	head(94) ?clock tick 0xe4 D0(xx,xx)	head(9F) op(0X91) op(0X90) stop eff(color sequence 0x87) op(0X29) op(0X02) op(0X04) op(0X16) D1(xx,xx,xx) D0(xx,xx)	1
1	head(9F) op(0X91) op(0X90) stop eff(color sequence 0x87) op(0X29) op(0X02) op(0X04) op(0X16) D1(xx,xx,xx) D0(xx,xx)	head(94) ?clock tick 0x0d D0(xx,xx)	1
1	head(9F) op(0X91) op(0X90) stop eff(color sequence 0x87) op(0X29) op(0X02) op(0X04) op(0X16) D1(xx,xx,xx) D0(xx,xx)	head(94) ?clock tick 0x36 D0(xx,xx)	1
0	head(94) ?clock tick 0x36 D0(xx,xx)	head(9F) op(0X91) op(0X90) stop eff(color sequence 0x87) op(0X29) op(0X02) op(0X04) op(0X16) D1(xx,xx,xx) D0(xx,xx)	1
1	head(9F) op(0X91) op(0X90) stop eff(color sequence 0x87) op(0X29) op(0X02) op(0X04) op(0X16) D1(xx,xx,xx) D0(xx,xx)	head(94) ?clock tick 0x5f D0(xx,xx)	1
1	head(9F) op(0X91) op(0X90) stop eff(color sequence 0x87) op(0X29) op(0X02) op(0X04) op(0X16) D1(xx,xx,xx) D0(xx,xx)	head(94) ?clock tick 0x88 D0(xx,xx)	1
0	head(94) ?clock tick 0x88 D0(xx,xx)	head(9F) op(0X91) op(0X90) stop eff(color sequence 0x87) op(0X29) op(0X02) op(0X04) op(0X16) D1(xx,xx,xx) D0(xx,xx)	1
1	head(9F) op(0X91) op(0X90) stop eff(color sequence 0x87) op(0X29) op(0X02) op(0X04) op(0X16) D1(xx,xx,xx) D0(xx,xx)	head(94) ?clock tick 0xb1 D0(xx,xx)	1
1	head(9F) op(0X91) op(0X90) stop eff(color sequence 0x87) op(0X29) op(0X02) op(0X04) op(0X16) D1(xx,xx,xx) D0(xx,xx)	head(94) ?clock tick 0xda D0(xx,xx)	1
0	head(94) ?clock tick 0xda D0(xx,xx)	head(9F) op(0X91) op(0X90) stop eff(color sequence 0x87) op(0X29) op(0X02) op(0X04) op(0X16) D1(xx,xx,xx) D0(xx,xx)	1
1	head(9F) op(0X91) op(0X90) stop eff(color sequence 0x87) op(0X29) op(0X02) op(0X04) op(0X16) D1(xx,xx,xx) D0(xx,xx)	head(94) ?clock tick 0x03 D0(xx,xx)	1
0	head(94) ?clock tick 0x03 D0(xx,xx)	head(9F) op(0X91) op(0X90) stop eff(color sequence 0x87) op(0X29) op(0X02) op(0X04) op(0X16) D1(xx,xx,xx) D0(xx,xx)	1
1	head(9F) op(0X91) op(0X90) stop eff(color sequence 0x87) op(0X29) op(0X02) op(0X04) op(0X16) D1(xx,xx,xx) D0(xx,xx)	head(94) ?clock tick 0x2c D0(xx,xx)	1
0	head(94) ?clock tick 0x2c D0(xx,xx)	head(9F) op(0X91) op(0X90) stop eff(color sequence 0x87) op(0X29) op(0X02) op(0X04) op(0X16) D1(xx,xx,xx) D0(xx,xx)	1
1	head(9F) op(0X91) op(0X90) stop eff(color sequence 0x87) op(0X29) op(0X02) op(0X04) op(0X16) D1(xx,xx,xx) D0(xx,xx)	head(94) ?clock tick 0x55 D0(xx,xx)	1
1	head(9F) op(0X91) op(0X90) stop eff(color sequence 0x87) op(0X29) op(0X02) op(0X04) op(0X16) D1(xx,xx,xx) D0(xx,xx)	head(94) ?clock tick 0x7e D0(xx,xx)	1
0	head(94) ?clock tick 0x7e D0(xx,xx)	head(9F) op(0X91) op(0X90) stop eff(color sequence 0x87) op(0X29) op(0X02) op(0X04) op(0X16) D1(xx,xx,xx) D0(xx,xx)	1
1	head(9F) op(0X91) op(0X90) stop eff(color sequence 0x87) op(0X29) op(0X02) op(0X04) op(0X16) D1(xx,xx,xx) D0(xx,xx)	head(94) ?clock tick 0xa7 D0(xx,xx)	1
1	head(9F) op(0X91) op(0X90) stop eff(color sequence 0x87) op(0X29) op(0X02) op(0X04) op(0X16) D1(xx,xx,xx) D0(xx,xx)	head(94) ?clock tick 0xd0 D0(xx,xx)	1
0	head(94) ?clock tick 0xd0 D0(xx,xx)	head(9F) op(0X91) op(0X90) stop eff(color sequence 0x87) op(0X29) op(0X02) op(0X04) op(0X16) D1(xx,xx,xx) D0(xx,xx)	1
1	head(9F) op(0X91) op(0X90) stop eff(color sequence 0x87) op(0X29) op(0X02) op(0X04) op(0X16) D1(xx,xx,xx) D0(xx,xx)	head(94) ?clock tick 0xf9 D0(xx,xx)	1
1	head(9F) op(0X91) op(0X90) stop eff(color sequence 0x87) op(0X29) op(0X02) op(0X04) op(0X16) D1(xx,xx,xx) D0(xx,xx)	head(94) ?clock tick 0x22 D0(xx,xx)	1
0	head(94) ?clock tick 0x22 D0(xx,xx)	head(9F) op(0X91) op(0X90) stop eff(color sequence 0x87) op(0X29) op(0X02) op(0X04) op(0X16) D1(xx,xx,xx) D0(xx,xx)	1
1	head(9F) op(0X91) op(0X90) stop eff(color sequence 0x87) op(0X29) op(0X02) op(0X04) op(0X16) D1(xx,xx,xx) D0(xx,xx)	head(94) ?clock tick 0x4b D0(xx,xx)	1
1	head(9F) op(0X91) op(0X90) stop eff(color sequence 0x87) op(0X29) op(0X02) op(0X04) op(0X16) D1(xx,xx,xx) D0(xx,xx)	head(94) ?clock tick 0x74 D0(xx,xx)	1
0	head(94) ?clock tick 0x74 D0(xx,xx)	head(9F) op(0X91) op(0X90) stop eff(color sequence 0x87) op(0X29) op(0X02) op(0X04) op(0X16) D1(xx,xx,xx) D0(xx,xx)	1
1	head(9F) op(0X91) op(0X90) stop eff(color sequence 0x87) op(0X29) op(0X02) op(0X04) op(0X16) D1(xx,xx,xx) D0(xx,xx)	head(94) ?clock tick 0x9d D0(xx,xx)	1
1	head(9F) op(0X91) op(0X90) stop eff(color sequence 0x87) op(0X29) op(0X02) op(0X04) op(0X16) D1(xx,xx,xx) D0(xx,xx)	head(94) ?clock tick 0xc6 D0(xx,xx)	1
0	head(94) ?clock tick 0xc6 D0(xx,xx)	head(9F) op(0X91) op(0X90) stop eff(color sequence 0x87) op(0X29) op(0X02) op(0X04) op(0X16) D1(xx,xx,xx) D0(xx,xx)	1
1	head(9F) op(0X91) op(0X90) stop eff(color sequence 0x87) op(0X29) op(0X02) op(0X04) op(0X16) D1(xx,xx,xx) D0(xx,xx)	head(94) ?clock tick 0xef D0(xx,xx)	1
1	head(94) ?clock tick 0xef D0(xx,xx)	head(9A) op(0X93) op(0X00) op(0X00) D2(xx,xx,xx,xx) op(0X02) immediate colB(06)	1
1	head(9F) op(0X91) op(0X90) stop eff(color sequence 0x87) op(0X29) op(0X02) op(0X04) op(0X16) D1(xx,xx,xx) D0(xx,xx)	head(94) ?clock tick 0x18 D0(xx,xx)	1
0	head(94) ?clock tick 0x18 D0(xx,xx)	head(9F) op(0X91) op(0X90) stop eff(color sequence 0x87) op(0X29) op(0X02) op(0X04) op(0X16) D1(xx,xx,xx) D0(xx,xx)	1
1	head(9F) op(0X91) op(0X90) stop eff(color sequence 0x87) op(0X29) op(0X02) op(0X04) op(0X16) D1(xx,xx,xx) D0(xx,xx)	head(94) ?clock tick 0x41 D0(xx,xx)	1
1	head(94) ?clock tick 0x41 D0(xx,xx)	head(9A) op(0X93) op(0X00) op(0X00) D2(xx,xx,xx,xx) op(0X02) immediate colB(06)	1
0	head(9F) op(0X91) op(0X90) stop eff(color sequence 0x87) op(0X29) op(0X02) op(0X04) op(0X16) D1(xx,xx,xx) D0(xx,xx)	head(96) op(0X19) op(0X01) op(0X80) op(0X06) op(0X22) ?left ear off op(0X08)	1
1	head(96) op(0X19) op(0X01) op(0X80) op(0X06) op(0X22) ?left ear off op(0X08)	head(9A) group-close ?clock tick 0x22 eff(crossfading transitions) D0(xx,xx) D0(xx,xx)	1
1	head(9A) group-close ?clock tick 0x22 eff(crossfading transitions) D0(xx,xx) D0(xx,xx)	head(96) op(0X19) op(0X01) op(0X80) op(0X06) op(0X22) ?left ear off op(0X08)	1
0	head(96) op(0X19) op(0X01) op(0X80) op(0X06) op(0X22) ?left ear off op(0X08)	head(98) delay(xx) group-pick op(0X16) op(0X83) op(0X2C) eff(85) timer(xx)	1
0	head(98) delay(xx) group-pick op(0X16) op(0X83) op(0X2C) eff(85) timer(xx)	head(98) delay(xx) group-pick op(0X2C) op(0X83) delay(xx) eff(85) timer(xx)	1
1	head(98) immediate group-pick op(0X2C) op(0X83) delay(xx) eff(85) timer(xx)	head(98) delay(xx) group-pick op(0X2C) op(0X83) delay(xx) eff(85) timer(xx)	1
0	head(98) delay(xx) group-pick op(0X2C) op(0X83) delay(xx) eff(85) timer(xx)	head(9B) delay(xx) reset eff(85) paletteB delay(xx) ?group range bound 0xf4 ?group range bound 0xf4 op(0XA0)	1
1	head(9B) delay(xx) reset eff(85) paletteB delay(xx) ?group range bound 0xf4 ?group range bound 0xf4 op(0XA0)	head(9B) immediate reset eff(color sequence) delay(xx) reset colB(07) delay(xx) eff(85) timer(xx)	1
1	head(9B) immediate reset eff(color sequence) delay(xx) reset colB(07) delay(xx) eff(85) timer(xx)	head(9B) immediate reset eff(85) paletteB delay(xx) ?group range bound 0xf4 ?group range bound 0xf4 op(0XA0)	1
1	head(9B) immediate reset eff(85) paletteB delay(xx) ?group range bound 0xf4 ?group range bound 0xf4 op(0XA0)	head(9B) delay(xx) reset eff(color sequence) delay(xx) reset colB(07) delay(xx) eff(85) timer(xx)	1
1	head(9B) delay(xx) reset eff(color sequence) delay(xx) reset colB(07) delay(xx) eff(85) timer(xx)	head(9B) delay(xx) reset eff(color sequence) delay(xx) reset colB(07) delay(xx) eff(85) timer(xx)	1
0	head(9B) delay(xx) reset eff(color sequence) delay(xx) reset colB(07) delay(xx) eff(85) timer(xx)	head(96) delay(xx) reset colB(05) delay(xx) colB(04) delay(xx) reset	1
0	head(96) delay(xx) reset colB(05) delay(xx) colB(04) delay(xx) reset	head(96) delay(xx) reset eff(color sequence) delay(xx) reset colB(01)	1
1	head(96) delay(xx) reset eff(color sequence) delay(xx) reset colB(01)	head(96) immediate reset eff(color sequence) delay(xx) reset colB(01)	1
1	head(96) immediate reset eff(color sequence) delay(xx) reset colB(01)	head(96) delay(xx) reset eff(color sequence) delay(xx) reset colB(01)	1
1	head(96) delay(xx) reset eff(color sequence) delay(xx) reset colB(01)	head(9F) delay(xx) reset colL(01) colB(07) delay(xx) D1(xx,xx,xx) D1(xx,xx,xx) D0(xx,xx)	1
1	head(9F) immediate reset colL(01) colB(07) delay(xx) D1(xx,xx,xx) D1(xx,xx,xx) D0(xx,xx)	head(97) delay(xx) colB(01) paletteL eff(86) timer(xx)	1
1	head(97) delay(xx) colB(01) paletteL eff(86) timer(xx)	head(97) immediate colB(01) paletteL eff(86) timer(xx)	1
1	head(97) immediate colB(01) paletteL eff(86) timer(xx)	head(97) delay(xx) colB(01) paletteL eff(86) timer(xx)	1
0	head(97) delay(xx) colB(01) paletteL eff(86) timer(xx)	head(94) delay(xx) eff(85) timer(xx)	1
0	head(94) delay(xx) eff(85) timer(xx)	head(92) delay(xx) colB(07) colL(07)	1
1	head(92) delay(xx) colB(07) colL(07)	head(92) immediate colB(07) colL(07)	1
1	head(92) immediate colB(07) colL(07)	head(9C) delay(xx) eff(86) timer(xx) delay(xx) reset colL(04) delay(xx) eff(85) timer(xx)	1
1	head(9C) delay(xx) eff(86) timer(xx) delay(xx) reset colL(04) delay(xx) eff(85) timer(xx)	head(9C) delay(xx) eff(86) timer(xx) delay(xx) reset colL(04) delay(xx) eff(85) timer(xx)	1
1	head(9C) delay(xx) eff(86) timer(xx) delay(xx) reset colL(04) delay(xx) eff(85) timer(xx)	head(9C) immediate eff(86) timer(xx) delay(xx) reset colL(04) delay(xx) eff(85) timer(xx)	1
1	head(9C) immediate eff(86) timer(xx) delay(xx) reset colL(04) delay(xx) eff(85) timer(xx)	head(9C) delay(xx) eff(86) timer(xx) delay(xx) reset colL(04) delay(xx) eff(85) timer(xx)	1
1	head(9C) delay(xx) eff(86) timer(xx) delay(xx) reset colL(04) delay(xx) eff(85) timer(xx)	head(9E) delay(xx) eff(86) timer(xx) delay(xx) reset paletteB ?left ear off delay(xx) eff(85) timer(xx)	1
0	head(9F) delay(xx) op(0X0D) colB(04) paletteL timer(xx) eff(04) D0(xx,xx) timer(xx) eff(color sequence)	head(9B) delay(xx) reset colB(07) colL(07) delay(xx) reset colL(04) delay(xx) eff(85) timer(xx)	1
1	head(9B) delay(xx) reset colB(07) colL(07) delay(xx) reset colL(04) delay(xx) eff(85) timer(xx)	head(9B) delay(xx) reset colB(07) colL(07) delay(xx) reset colL(04) delay(xx) eff(85) timer(xx)	1
1	head(9B) delay(xx) reset colB(07) colL(07) delay(xx) reset colL(04) delay(xx) eff(85) timer(xx)	head(9B) immediate reset colB(07) colL(07) delay(xx) reset colL(04) delay(xx) eff(85) timer(xx)	1
1	head(9B) immediate reset colB(07) colL(07) delay(xx) reset colL(04) delay(xx) eff(85) timer(xx)	head(9B) delay(xx) reset colB(07) colL(07) delay(xx) reset colL(04) delay(xx) eff(85) timer(xx)	1
1	head(9B) delay(xx) reset colB(07) colL(07) delay(xx) reset colL(04) delay(xx) eff(85) timer(xx)	head(9E) delay(xx) eff(86) timer(xx) delay(xx) reset paletteB ?left ear off delay(xx) eff(85) timer(xx)	1
0	head(9F) delay(xx) op(0X0D) colB(04) paletteL timer(xx) eff(04) D0(xx,xx) timer(xx) eff(color sequence)	head(94) delay(xx) reset colB(04) delay(xx) colB(05)	1
1	head(94) delay(xx) reset colB(04) delay(xx) colB(05)	head(94) immediate reset colB(04) delay(xx) colB(05)	1
1	head(94) immediate reset colB(04) delay(xx) colB(05)	head(94) delay(xx) reset colB(04) delay(xx) colB(05)	1
1	head(94) delay(xx) reset colB(04) delay(xx) colB(05)	head(9C) delay(xx) reset op(0X0D) colB(01) paletteL timer(xx) eff(04) D0(xx,xx)	1
0	head(9C) immediate reset op(0X0D) colB(01) paletteL timer(xx) eff(04) D0(xx,xx)	head(9A) delay(xx) reset eff(86) colB(07) colL(07) delay(xx) eff(85) timer(xx)	1
0	head(9C) delay(xx) reset op(0X0D) colB(01) paletteL timer(xx) eff(04) D0(xx,xx)	head(9C) delay(xx) reset eff(86) paletteB paletteL delay(xx) eff(85) timer(xx)	1
1	head(9C) delay(xx) reset eff(86) paletteB paletteL delay(xx) eff(85) timer(xx)	head(9C) delay(xx) reset eff(86) paletteB paletteL delay(xx) eff(85) timer(xx)	1
1	head(9C) delay(xx) reset eff(86) paletteB paletteL delay(xx) eff(85) timer(xx)	head(9C) immediate reset eff(86) paletteB paletteL delay(xx) eff(85) timer(xx)	1
1	head(9C) immediate reset eff(86) paletteB paletteL delay(xx) eff(85) timer(xx)	head(9C) delay(xx) reset eff(86) paletteB paletteL delay(xx) eff(85) timer(xx)	1
1	head(9C) delay(xx) reset eff(86) paletteB paletteL delay(xx) eff(85) timer(xx)	head(9C) delay(xx) reset op(0X0D) colB(01) paletteL timer(xx) eff(04) D0(xx,xx)	1
0	head(9C) delay(xx) reset op(0X0D) colB(01) paletteL timer(xx) eff(04) D0(xx,xx)	head(9A) delay(xx) reset eff(86) colB(07) colL(07) delay(xx) eff(85) timer(xx)	1
0	head(9C) delay(xx) reset op(0X0D) colB(01) paletteL timer(xx) eff(04) D0(xx,xx)	head(9A) reset group-pick op(0X1F) op(0X83) delay(xx) delay(xx) colB(01) timer(xx) eff(color sequence)	1
0	head(9A) reset group-pick op(0X00) op(0X83) op(0X1F) delay(xx) colB(01) timer(xx) eff(color sequence)	head(9A) reset group-pick op(0X1F) op(0X83) delay(xx) delay(xx) colB(01) timer(xx) eff(color sequence)	1
1	head(9A) reset group-pick op(0X00) op(0X83) op(0X1F) delay(xx) colB(01) timer(xx) eff(color sequence)	head(95) delay(xx) colB(05) timer(xx) eff(color sequence)	1
1	head(95) delay(xx) colB(05) timer(xx) eff(color sequence)	head(95) immediate colB(05) timer(xx) eff(color sequence)	1
1	head(95) immediate colB(05) timer(xx) eff(color sequence)	head(95) delay(xx) colB(05) timer(xx) eff(color sequence)	1
1	head(95) delay(xx) colB(05) timer(xx) eff(color sequence)	head(9C) delay(xx) reset op(0X0D) paletteB colL(04) timer(xx) eff(04) D0(xx,xx)	1
1	head(9C) delay(xx) reset op(0X0D) paletteB colL(04) timer(xx) eff(04) D0(xx,xx)	head(9C) delay(xx) reset op(0X0D) paletteB colL(04) timer(xx) eff(04) D0(xx,xx)	1
1	head(9C) delay(xx) reset op(0X0D) paletteB colL(04) timer(xx) eff(04) D0(xx,xx)	head(9C) immediate reset op(0X0D) paletteB colL(04) timer(xx) eff(04) D0(xx,xx)	1
1	head(9C) immediate reset op(0X0D) paletteB colL(04) timer(xx) eff(04) D0(xx,xx)	head(9C) delay(xx) reset op(0X0D) paletteB colL(04) timer(xx) eff(04) D0(xx,xx)	1
0	head(9C) delay(xx) reset op(0X0D) paletteB colL(04) timer(xx) eff(04) D0(xx,xx)	head(94) delay(xx) eff(85) timer(xx)	1
0	head(94) delay(xx) eff(85) timer(xx)	head(99) delay(xx) reset colB(04) colL(05) timer(xx) eff(0E) delay(xx) reset	1
0	head(99) immediate reset colB(04) colL(05) timer(xx) eff(0E) delay(xx) reset	head(99) delay(xx) reset colB(04) colL(05) timer(xx) eff(0E) delay(xx) reset	1
1	head(99) immediate reset colB(04) colL(05) timer(xx) eff(0E) delay(xx) reset	head(97) delay(xx) reset paletteB eff(86) timer(xx)	1
1	head(97) delay(xx) reset paletteB eff(86) timer(xx)	head(97) immediate reset paletteB eff(86) timer(xx)	1
1	head(97) immediate reset paletteB eff(86) timer(xx)	head(97) delay(xx) reset paletteB eff(86) timer(xx)	1
0	head(97) delay(xx) reset paletteB eff(86) timer(xx)	head(94) delay(xx) eff(85) timer(xx)	1
0	head(94) delay(xx) eff(85) timer(xx)	head(9B) delay(xx) reset colB(04) colL(05) timer(xx) eff(0E) delay(xx) reset delay(xx) colB(01)	1
1	head(9B) delay(xx) reset colB(04) colL(05) timer(xx) eff(0E) delay(xx) reset delay(xx) colB(01)	head(9B) delay(xx) reset colB(04) colL(05) timer(xx) eff(0E) delay(xx) reset delay(xx) colB(01)	1
1	head(9B) delay(xx) reset colB(04) colL(05) timer(xx) eff(0E) delay(xx) reset delay(xx) colB(01)	head(9B) immediate reset colB(04) colL(05) timer(xx) eff(0E) delay(xx) reset delay(xx) colB(01)	1
1	head(9B) immediate reset colB(04) colL(05) timer(xx) eff(0E) delay(xx) reset delay(xx) colB(01)	head(9B) delay(xx) reset colB(04) colL(05) timer(xx) eff(0E) delay(xx) reset delay(xx) colB(01)	1
1	head(9B) delay(xx) reset colB(04) colL(05) timer(xx) eff(0E) delay(xx) reset delay(xx) colB(01)	head(98) delay(xx) group-pick op(0X00) op(0X83) op(0X15) eff(85) timer(xx)	1
1	head(98) delay(xx) group-pick op(0X00) op(0X83) op(0X15) eff(85) timer(xx)	head(98) immediate group-pick op(0X00) op(0X83) op(0X15) eff(85) timer(xx)	1
0	head(98) immediate group-pick op(0X00) op(0X83) op(0X15) eff(85) timer(xx)	head(98) delay(xx) group-pick op(0X16) op(0X83) op(0X2C) eff(85) timer(xx)	1
1	head(98) delay(xx) group-pick op(0X16) op(0X83) op(0X2C) eff(85) timer(xx)	head(98) immediate group-pick op(0X16) op(0X83) op(0X2C) eff(85) timer(xx)	1
0	head(98) immediate group-pick op(0X16) op(0X83) op(0X2C) eff(85) timer(xx)	head(98) delay(xx) group-pick op(0X2C) op(0X83) delay(xx) eff(85) timer(xx)	1
0	head(98) immediate group-pick op(0X2C) op(0X83) delay(xx) eff(85) timer(xx)	head(9D) delay(xx) colB(07) eff(86) timer(xx) delay(xx) reset colL(04) delay(xx) eff(85) timer(xx)	1
0	head(9F) delay(xx) op(0X0D) colB(04) paletteL timer(xx) eff(04) D0(xx,xx) timer(xx) eff(color sequence)	head(9D) delay(xx) colB(07) eff(86) timer(xx) delay(xx) reset colL(04) delay(xx) eff(85) timer(xx)	1
0	head(9F) delay(xx) op(0X0D) colB(04) paletteL timer(xx) eff(04) D0(xx,xx) timer(xx) eff(color sequence)	head(9E) delay(xx) reset colL(04) paletteB timer(xx) eff(slow even pulse) D0(xx,xx) D0(xx,xx)	1
1	head(9E) delay(xx) reset colL(04) paletteB timer(xx) eff(slow even pulse) D0(xx,xx) D0(xx,xx)	head(9E) delay(xx) reset colL(04) paletteB timer(xx) eff(slow even pulse) D0(xx,xx) D0(xx,xx)	1
1	head(9E) delay(xx) reset colL(04) paletteB timer(xx) eff(slow even pulse) D0(xx,xx) D0(xx,xx)	head(9E) immediate reset colL(04) paletteB timer(xx) eff(slow even pulse) D0(xx,xx) D0(xx,xx)	1
1	head(9E) immediate reset colL(04) paletteB timer(xx) eff(slow even pulse) D0(xx,xx) D0(xx,xx)	head(9E) delay(xx) reset colL(04) paletteB timer(xx) eff(slow even pulse) D0(xx,xx) D0(xx,xx)	1
0	head(9E) delay(xx) reset colL(04) paletteB timer(xx) eff(slow even pulse) D0(xx,xx) D0(xx,xx)	head(92) delay(xx) reset colB(07)	1
1	head(92) delay(xx) reset colB(07)	head(92) immediate reset colB(07)	1
1	head(92) immediate reset colB(07)	head(9B) delay(xx) op(0X44) colB(04) eff(85) timer(xx) delay(xx) delay(xx) D0(xx,xx)	1
1	head(9B) delay(xx) op(0X44) colB(04) eff(85) timer(xx) delay(xx) delay(xx) D0(xx,xx)	head(9B) delay(xx) op(0X44) colB(04) eff(85) timer(xx) delay(xx) delay(xx) D0(xx,xx)	1
1	head(9B) delay(xx) op(0X44) colB(04) eff(85) timer(xx) delay(xx) delay(xx) D0(xx,xx)	head(9B) immediate op(0X44) colB(04) eff(85) timer(xx) delay(xx) delay(xx) D0(xx,xx)	1
1	head(9B) immediate op(0X44) colB(04) eff(85) timer(xx) delay(xx) delay(xx) D0(xx,xx)	head(9B) delay(xx) op(0X44) colB(04) eff(85) timer(xx) delay(xx) delay(xx) D0(xx,xx)	1
0	head(9B) delay(xx) op(0X44) colB(04) eff(85) timer(xx) delay(xx) delay(xx) D0(xx,xx)	head(98) stop op(0X0D) eff(quick flashing on one ear) D0(xx,xx) delay(xx) reset	1
1	head(98) stop op(0X0D) eff(quick flashing on one ear) D0(xx,xx) delay(xx) reset	head(94) ?clock tick 0x21 D0(xx,xx)	1
0	head(9E) op(0X91) op(0X90) stop op(0X29) op(0X02) op(0X15) op(0X19) eff(hard color transitions) D0(xx,xx) D0(xx,xx)	head(94) ?clock tick 0x4a D0(xx,xx)	1
1	head(94) ?clock tick 0x4a D0(xx,xx)	head(9E) op(0X91) op(0X90) stop op(0X29) op(0X02) op(0X15) op(0X19) eff(hard color transitions) D0(xx,xx) D0(xx,xx)	1
0	head(9E) op(0X91) op(0X90) stop op(0X29) op(0X02) op(0X15) op(0X19) eff(hard color transitions) D0(xx,xx) D0(xx,xx)	head(94) ?clock tick 0x73 D0(xx,xx)	1
0	head(9E) op(0X91) op(0X90) stop op(0X29) op(0X02) op(0X15) op(0X19) eff(hard color transitions) D0(xx,xx) D0(xx,xx)	head(94) ?clock tick 0x9c D0(xx,xx)	1
1	head(94) ?clock tick 0x9c D0(xx,xx)	head(9E) op(0X91) op(0X90) stop op(0X29) op(0X02) op(0X15) op(0X19) eff(hard color transitions) D0(xx,xx) D0(xx,xx)	1
0	head(9E) op(0X91) op(0X90) stop op(0X29) op(0X02) op(0X15) op(0X19) eff(hard color transitions) D0(xx,xx) D0(xx,xx)	head(94) ?clock tick 0xc5 D0(xx,xx)	1
0	head(9E) op(0X91) op(0X90) stop op(0X29) op(0X02) op(0X15) op(0X19) eff(hard color transitions) D0(xx,xx) D0(xx,xx)	head(94) ?clock tick 0xee D0(xx,xx)	1
1	head(94) ?clock tick 0xee D0(xx,xx)	head(9E) op(0X91) op(0X90) stop op(0X29) op(0X02) op(0X15) op(0X19) eff(hard color transitions) D0(xx,xx) D0(xx,xx)	1
0	head(9E) op(0X91) op(0X90) stop op(0X29) op(0X02) op(0X15) op(0X19) eff(hard color transitions) D0(xx,xx) D0(xx,xx)	head(94) ?clock tick 0x17 D0(xx,xx)	1
0	head(9E) op(0X91) op(0X90) stop op(0X29) op(0X02) op(0X15) op(0X19) eff(hard color transitions) D0(xx,xx) D0(xx,xx)	head(94) ?clock tick 0x40 D0(xx,xx)	1
1	head(94) ?clock tick 0x40 D0(xx,xx)	head(9E) op(0X91) op(0X90) stop op(0X29) op(0X02) op(0X15) op(0X19) eff(hard color transitions) D0(xx,xx) D0(xx,xx)	1
0	head(9E) op(0X91) op(0X90) stop op(0X29) op(0X02) op(0X15) op(0X19) eff(hard color transitions) D0(xx,xx) D0(xx,xx)	head(94) ?clock tick 0x69 D0(xx,xx)	1
0	head(9E) op(0X91) op(0X90) stop op(0X29) op(0X02) op(0X15) op(0X19) eff(hard color transitions) D0(xx,xx) D0(xx,xx)	head(94) ?clock tick 0x92 D0(xx,xx)	1
1	head(94) ?clock tick 0x92 D0(xx,xx)	head(9E) op(0X91) op(0X90) stop op(0X29) op(0X02) op(0X15) op(0X19) eff(hard color transitions) D0(xx,xx) D0(xx,xx)	1
0	head(9E) op(0X91) op(0X90) stop op(0X29) op(0X02) op(0X15) op(0X19) eff(hard color transitions) D0(xx,xx) D0(xx,xx)	head(94) ?clock tick 0xbb D0(xx,xx)	1
0	head(9E) op(0X91) op(0X90) stop op(0X29) op(0X02) op(0X15) op(0X19) eff(hard color transitions) D0(xx,xx) D0(xx,xx)	head(94) ?clock tick 0xe4 D0(xx,xx)	1
1	head(94) ?clock tick 0xe4 D0(xx,xx)	head(9E) op(0X91) op(0X90) stop op(0X29) op(0X02) op(0X15) op(0X19) eff(hard color transitions) D0(xx,xx) D0(xx,xx)	1
0	head(9E) op(0X91) op(0X90) stop op(0X29) op(0X02) op(0X15) op(0X19) eff(hard color transitions) D0(xx,xx) D0(xx,xx)	head(94) ?clock tick 0x0d D0(xx,xx)	1
0	head(9E) op(0X91) op(0X90) stop op(0X29) op(0X02) op(0X15) op(0X19) eff(hard color transitions) D0(xx,xx) D0(xx,xx)	head(94) ?clock tick 0x36 D0(xx,xx)	1
1	head(94) ?clock tick 0x36 D0(xx,xx)	head(9E) op(0X91) op(0X90) stop op(0X29) op(0X02) op(0X15) op(0X19) eff(hard color transitions) D0(xx,xx) D0(xx,xx)	1
0	head(9E) op(0X91) op(0X90) stop op(0X29) op(0X02) op(0X15) op(0X19) eff(hard color transitions) D0(xx,xx) D0(xx,xx)	head(94) ?clock tick 0x5f D0(xx,xx)	1
0	head(9E) op(0X91) op(0X90) stop op(0X29) op(0X02) op(0X15) op(0X19) eff(hard color transitions) D0(xx,xx) D0(xx,xx)	head(94) ?clock tick 0x88 D0(xx,xx)	1
1	head(94) ?clock tick 0x88 D0(xx,xx)	head(9E) op(0X91) op(0X90) stop op(0X29) op(0X02) op(0X15) op(0X19) eff(hard color transitions) D0(xx,xx) D0(xx,xx)	1
0	head(9E) op(0X91) op(0X90) stop op(0X29) op(0X02) op(0X15) op(0X19) eff(hard color transitions) D0(xx,xx) D0(xx,xx)	head(94) ?clock tick 0xb1 D0(xx,xx)	1
0	head(9E) op(0X91) op(0X90) stop op(0X29) op(0X02) op(0X15) op(0X19) eff(hard color transitions) D0(xx,xx) D0(xx,xx)	head(94) ?clock tick 0xda D0(xx,xx)	1
1	head(94) ?clock tick 0xda D0(xx,xx)	head(9E) op(0X91) op(0X90) stop op(0X29) op(0X02) op(0X15) op(0X19) eff(hard color transitions) D0(xx,xx) D0(xx,xx)	1
0	head(9E) op(0X91) op(0X90) stop op(0X29) op(0X02) op(0X15) op(0X19) eff(hard color transitions) D0(xx,xx) D0(xx,xx)	head(94) ?clock tick 0x03 D0(xx,xx)	1
1	head(94) ?clock tick 0x03 D0(xx,xx)	head(9A) op(0X93) op(0X00) op(0X00) D2(xx,xx,xx,xx) op(0X02) immediate colB(06)	1
0	head(9E) op(0X91) op(0X90) stop op(0X29) op(0X02) op(0X15) op(0X19) eff(hard color transitions) D0(xx,xx) D0(xx,xx)	head(94) ?clock tick 0x2c D0(xx,xx)	1
1	head(94) ?clock tick 0x2c D0(xx,xx)	head(9E) op(0X91) op(0X90) stop op(0X29) op(0X02) op(0X15) op(0X19) eff(hard color transitions) D0(xx,xx) D0(xx,xx)	1
0	head(9E) op(0X91) op(0X90) stop op(0X29) op(0X02) op(0X15) op(0X19) eff(hard color transitions) D0(xx,xx) D0(xx,xx)	head(94) ?clock tick 0x55 D0(xx,xx)	1
0	head(9E) op(0X91) op(0X90) stop op(0X29) op(0X02) op(0X15) op(0X19) eff(hard color transitions) D0(xx,xx) D0(xx,xx)	head(94) ?clock tick 0x7e D0(xx,xx)	1
1	head(94) ?clock tick 0x7e D0(xx,xx)	head(9E) op(0X91) op(0X90) stop op(0X29) op(0X02) op(0X15) op(0X19) eff(hard color transitions) D0(xx,xx) D0(xx,xx)	1
0	head(9E) op(0X91) op(0X90) stop op(0X29) op(0X02) op(0X15) op(0X19) eff(hard color transitions) D0(xx,xx) D0(xx,xx)	head(94) ?clock tick 0xa7 D0(xx,xx)	1
0	head(9E) op(0X91) op(0X90) stop op(0X29) op(0X02) op(0X15) op(0X19) eff(hard color transitions) D0(xx,xx) D0(xx,xx)	head(94) ?clock tick 0xd0 D0(xx,xx)	1
0	head(94) ?clock tick 0xd0 D0(xx,xx)	head(94) ?clock tick 0xf9 D0(xx,xx)	1
0	head(9E) op(0X91) op(0X90) stop op(0X29) op(0X02) op(0X15) op(0X19) eff(hard color transitions) D0(xx,xx) D0(xx,xx)	head(94) ?clock tick 0x22 D0(xx,xx)	1
1	head(94) ?clock tick 0x22 D0(xx,xx)	head(9E) op(0X91) op(0X90) stop op(0X29) op(0X02) op(0X15) op(0X19) eff(hard color transitions) D0(xx,xx) D0(xx,xx)	1
0	head(9E) op(0X91) op(0X90) stop op(0X29) op(0X02) op(0X15) op(0X19) eff(hard color transitions) D0(xx,xx) D0(xx,xx)	head(94) ?clock tick 0x4b D0(xx,xx)	1
0	head(9E) op(0X91) op(0X90) stop op(0X29) op(0X02) op(0X15) op(0X19) eff(hard color transitions) D0(xx,xx) D0(xx,xx)	head(94) ?clock tick 0x74 D0(xx,xx)	1
1	head(94) ?clock tick 0x74 D0(xx,xx)	head(9E) op(0X91) op(0X90) stop op(0X29) op(0X02) op(0X15) op(0X19) eff(hard color transitions) D0(xx,xx) D0(xx,xx)	1
0	head(9E) op(0X91) op(0X90) stop op(0X29) op(0X02) op(0X15) op(0X19) eff(hard color transitions) D0(xx,xx) D0(xx,xx)	head(94) ?clock tick 0x9d D0(xx,xx)	1
0	head(9E) op(0X91) op(0X90) stop op(0X29) op(0X02) op(0X15) op(0X19) eff(hard color transitions) D0(xx,xx) D0(xx,xx)	head(94) ?clock tick 0xc6 D0(xx,xx)	1
1	head(94) ?clock tick 0xc6 D0(xx,xx)	head(9E) op(0X91) op(0X90) stop op(0X29) op(0X02) op(0X15) op(0X19) eff(hard color transitions) D0(xx,xx) D0(xx,xx)	1
0	head(9E) op(0X91) op(0X90) stop op(0X29) op(0X02) op(0X15) op(0X19) eff(hard color transitions) D0(xx,xx) D0(xx,xx)	head(94) ?clock tick 0xef D0(xx,xx)	1
1	head(94) ?clock tick 0x93 D0(xx,xx)	head(9A) op(0X93) op(0X00) op(0X00) D2(xx,xx,xx,xx) op(0X02) immediate colB(06)	1
0	head(9E) op(0X91) op(0X90) stop op(0X29) op(0X02) op(0X15) op(0X19) eff(hard color transitions) D0(xx,xx) D0(xx,xx)	head(94) ?clock tick 0xbc D0(xx,xx)	1
1	head(94) ?clock tick 0xbc D0(xx,xx)	head(9E) op(0X91) op(0X90) stop op(0X29) op(0X02) op(0X15) op(0X19) eff(hard color transitions) D0(xx,xx) D0(xx,xx)	1
0	head(9E) op(0X91) op(0X90) stop op(0X29) op(0X02) op(0X15) op(0X19) eff(hard color transitions) D0(xx,xx) D0(xx,xx)	head(94) ?clock tick 0xe5 D0(xx,xx)	1
1	head(94) ?clock tick 0xe5 D0(xx,xx)	head(9A) op(0X93) op(0X00) op(0X00) D2(xx,xx,xx,xx) op(0X02) immediate colB(06)	1
0	head(9E) op(0X91) op(0X90) stop op(0X29) op(0X02) op(0X15) op(0X19) eff(hard color transitions) D0(xx,xx) D0(xx,xx)	head(94) ?clock tick 0x0e D0(xx,xx)	1
1	head(94) ?clock tick 0x0e D0(xx,xx)	head(9E) op(0X91) op(0X90) stop op(0X29) op(0X02) op(0X15) op(0X19) eff(hard color transitions) D0(xx,xx) D0(xx,xx)	1
0	head(9E) op(0X91) op(0X90) stop op(0X29) op(0X02) op(0X15) op(0X19) eff(hard color transitions) D0(xx,xx) D0(xx,xx)	head(94) ?clock tick 0x37 D0(xx,xx)	1
1	head(94) ?clock tick 0x37 D0(xx,xx)	head(9A) op(0X93) op(0X00) op(0X00) D2(xx,xx,xx,xx) op(0X02) immediate colB(06)	1
0	head(9E) op(0X91) op(0X90) stop op(0X29) op(0X02) op(0X15) op(0X19) eff(hard color transitions) D0(xx,xx) D0(xx,xx)	head(9E) op(0X91) op(0X90) stop op(0X29) op(0X02) op(0X15) op(0X19) eff(hard color transitions) D0(xx,xx) D0(xx,xx)	1
0	head(9E) op(0X91) op(0X90) stop op(0X29) op(0X02) op(0X15) op(0X19) eff(hard color transitions) D0(xx,xx) D0(xx,xx)	head(94) ?clock tick 0x89 D0(xx,xx)	1
1	head(94) ?clock tick 0x89 D0(xx,xx)	head(9A) op(0X93) op(0X00) op(0X00) D2(xx,xx,xx,xx) op(0X02) immediate colB(06)	1
0	head(9E) op(0X91) op(0X90) stop op(0X29) op(0X02) op(0X15) op(0X19) eff(hard color transitions) D0(xx,xx) D0(xx,xx)	head(94) ?clock tick 0xb2 D0(xx,xx)	1
1	head(94) ?clock tick 0xb2 D0(xx,xx)	head(9E) op(0X91) op(0X90) stop op(0X29) op(0X02) op(0X15) op(0X19) eff(hard color transitions) D0(xx,xx) D0(xx,xx)	1
0	head(9E) op(0X91) op(0X90) stop op(0X29) op(0X02) op(0X15) op(0X19) eff(hard color transitions) D0(xx,xx) D0(xx,xx)	head(94) ?clock tick 0x2d D0(xx,xx)	1
1	head(94) ?clock tick 0x2d D0(xx,xx)	head(9A) op(0X93) op(0X00) op(0X00) D2(xx,xx,xx,xx) op(0X02) immediate colB(06)	1
0	head(9A) op(0X93) op(0X00) op(0X00) D2(xx,xx,xx,xx) op(0X02) immediate colB(06)	head(94) ?clock tick 0x56 D0(xx,xx)	1
0	head(94) ?clock tick 0x56 D0(xx,xx)	head(94) ?clock tick 0x7f D0(xx,xx)	1
1	head(94) ?clock tick 0x7f D0(xx,xx)	head(9A) op(0X93) op(0X00) op(0X00) D2(xx,xx,xx,xx) op(0X02) immediate colB(06)	1
0	head(9E) op(0X91) op(0X90) stop op(0X29) op(0X02) op(0X15) op(0X19) eff(hard color transitions) D0(xx,xx) D0(xx,xx)	head(94) ?clock tick 0x23 D0(xx,xx)	1
0	head(94) ?clock tick 0x23 D0(xx,xx)	head(9E) op(0X91) op(0X90) stop op(0X29) op(0X02) op(0X15) op(0X19) eff(hard color transitions) D0(xx,xx) D0(xx,xx)	1
0	head(9E) op(0X91) op(0X90) stop op(0X29) op(0X02) op(0X15) op(0X19) eff(hard color transitions) D0(xx,xx) D0(xx,xx)	head(94) ?clock tick 0x75 D0(xx,xx)	1
1	head(94) ?clock tick 0x75 D0(xx,xx)	head(9A) op(0X93) op(0X00) op(0X00) D2(xx,xx,xx,xx) op(0X02) immediate colB(06)	1
0	head(9E) op(0X91) op(0X90) stop op(0X29) op(0X02) op(0X15) op(0X19) eff(hard color transitions) D0(xx,xx) D0(xx,xx)	head(94) ?clock tick 0x9e D0(xx,xx)	1
1	head(94) ?clock tick 0x9e D0(xx,xx)	head(9E) op(0X91) op(0X90) stop op(0X29) op(0X02) op(0X15) op(0X19) eff(hard color transitions) D0(xx,xx) D0(xx,xx)	1
0	head(9E) op(0X91) op(0X90) stop op(0X29) op(0X02) op(0X15) op(0X19) eff(hard color transitions) D0(xx,xx) D0(xx,xx)	head(94) ?clock tick 0xf0 D0(xx,xx)	1
0	head(94) ?clock tick 0xf0 D0(xx,xx)	head(94) ?clock tick 0x19 D0(xx,xx)	1
0	head(94) ?clock tick 0x19 D0(xx,xx)	head(94) ?clock tick 0x61 D0(xx,xx)	1
1	head(94) ?clock tick 0x61 D0(xx,xx)	head(9A) op(0X93) op(0X00) op(0X00) D2(xx,xx,xx,xx) op(0X02) immediate colB(06)	1
0	head(9E) op(0X91) op(0X90) stop op(0X29) op(0X02) op(0X15) op(0X19) eff(hard color transitions) D0(xx,xx) D0(xx,xx)	head(94) ?clock tick 0x8a D0(xx,xx)	1
1	head(94) ?clock tick 0x8a D0(xx,xx)	head(9E) op(0X91) op(0X90) stop op(0X29) op(0X02) op(0X15) op(0X19) eff(hard color transitions) D0(xx,xx) D0(xx,xx)	1
0	head(9E) op(0X91) op(0X90) stop op(0X29) op(0X02) op(0X15) op(0X19) eff(hard color transitions) D0(xx,xx) D0(xx,xx)	head(94) ?clock tick 0xb3 D0(xx,xx)	1
1	head(94) ?clock tick 0xb3 D0(xx,xx)	head(9A) op(0X93) op(0X00) op(0X00) D2(xx,xx,xx,xx) op(0X02) immediate colB(06)	1
0	head(9A) op(0X93) op(0X00) op(0X00) D2(xx,xx,xx,xx) op(0X02) immediate colB(06)	head(9E) op(0X91) op(0X90) stop op(0X29) op(0X02) op(0X15) op(0X19) eff(hard color transitions) D0(xx,xx) D0(xx,xx)	1
0	head(9E) op(0X91) op(0X90) stop op(0X29) op(0X02) op(0X15) op(0X19) eff(hard color transitions) D0(xx,xx) D0(xx,xx)	head(94) ?clock tick 0x05 D0(xx,xx)	1
1	head(94) ?clock tick 0x05 D0(xx,xx)	head(9A) op(0X93) op(0X00) op(0X00) D2(xx,xx,xx,xx) op(0X02) immediate colB(06)	1
0	head(9E) op(0X91) op(0X90) stop op(0X29) op(0X02) op(0X15) op(0X19) eff(hard color transitions) D0(xx,xx) D0(xx,xx)	head(94) ?clock tick 0x2e D0(xx,xx)	1
0	head(94) ?clock tick 0x2e D0(xx,xx)	head(94) ?clock tick 0x57 D0(xx,xx)	1
0	head(94) ?clock tick 0x57 D0(xx,xx)	head(9E) op(0X91) op(0X90) stop op(0X29) op(0X02) op(0X15) op(0X19) eff(hard color transitions) D0(xx,xx) D0(xx,xx)	1
0	head(9E) op(0X91) op(0X90) stop op(0X29) op(0X02) op(0X15) op(0X19) eff(hard color transitions) D0(xx,xx) D0(xx,xx)	head(94) ?clock tick 0xa9 D0(xx,xx)	1
1	head(94) ?clock tick 0xa9 D0(xx,xx)	head(9E) op(0X91) op(0X90) stop op(0X29) op(0X02) op(0X15) op(0X19) eff(hard color transitions) D0(xx,xx) D0(xx,xx)	1
0	head(9E) op(0X91) op(0X90) stop op(0X29) op(0X02) op(0X15) op(0X19) eff(hard color transitions) D0(xx,xx) D0(xx,xx)	head(94) ?clock tick 0xd2 D0(xx,xx)	1
1	head(94) ?clock tick 0xd2 D0(xx,xx)	head(9E) op(0X91) op(0X90) stop op(0X29) op(0X02) op(0X15) op(0X19) eff(hard color transitions) D0(xx,xx) D0(xx,xx)	1
0	head(9E) op(0X91) op(0X90) stop op(0X29) op(0X02) op(0X15) op(0X19) eff(hard color transitions) D0(xx,xx) D0(xx,xx)	head(94) ?clock tick 0xfb D0(xx,xx)	1
1	head(94) ?clock tick 0xfb D0(xx,xx)	head(9A) op(0X93) op(0X00) op(0X00) D2(xx,xx,xx,xx) op(0X02) immediate colB(06)	1
0	head(9A) op(0X93) op(0X00) op(0X00) D2(xx,xx,xx,xx) op(0X02) immediate colB(06)	head(94) ?clock tick 0x24 D0(xx,xx)	1
0	head(94) ?clock tick 0x24 D0(xx,xx)	head(94) ?clock tick 0x4d D0(xx,xx)	1
1	head(94) ?clock tick 0x4d D0(xx,xx)	head(9A) op(0X93) op(0X00) op(0X00) D2(xx,xx,xx,xx) op(0X02) immediate colB(06)	1
0	head(9A) op(0X93) op(0X00) op(0X00) D2(xx,xx,xx,xx) op(0X02) immediate colB(06)	head(94) ?clock tick 0x76 D0(xx,xx)	1
1	head(94) ?clock tick 0x76 D0(xx,xx)	head(98) stop op(0X0D) eff(quick flashing on one ear) D0(xx,xx) delay(xx) reset	1
1	head(9F) op(0X91) op(0X90) stop eff(color sequence 0x87) op(0X29) op(0X02) op(0X04) op(0X16) D1(xx,xx,xx) D0(xx,xx)	head(94) ?clock tick 0x1a D0(xx,xx)	1
0	head(94) ?clock tick 0x1a D0(xx,xx)	head(9F) op(0X91) op(0X90) stop eff(color sequence 0x87) op(0X29) op(0X02) op(0X04) op(0X16) D1(xx,xx,xx) D0(xx,xx)	1
1	head(9F) op(0X91) op(0X90) stop eff(color sequence 0x87) op(0X29) op(0X02) op(0X04) op(0X16) D1(xx,xx,xx) D0(xx,xx)	head(94) ?clock tick 0x43 D0(xx,xx)	1
1	head(94) ?clock tick 0x43 D0(xx,xx)	head(9A) op(0X93) op(0X00) op(0X00) D2(xx,xx,xx,xx) op(0X02) immediate colB(06)	1
1	head(9F) op(0X91) op(0X90) stop eff(color sequence 0x87) op(0X29) op(0X02) op(0X04) op(0X16) D1(xx,xx,xx) D0(xx,xx)	head(94) ?clock tick 0x6c D0(xx,xx)	1
0	head(94) ?clock tick 0x6c D0(xx,xx)	head(9F) op(0X91) op(0X90) stop eff(color sequence 0x87) op(0X29) op(0X02) op(0X04) op(0X16) D1(xx,xx,xx) D0(xx,xx)	1
1	head(9F) op(0X91) op(0X90) stop eff(color sequence 0x87) op(0X29) op(0X02) op(0X04) op(0X16) D1(xx,xx,xx) D0(xx,xx)	head(94) ?clock tick 0x95 D0(xx,xx)	1
1	head(94) ?clock tick 0x95 D0(xx,xx)	head(9A) op(0X93) op(0X00) op(0X00) D2(xx,xx,xx,xx) op(0X02) immediate colB(06)	1
1	head(9F) op(0X91) op(0X90) stop eff(color sequence 0x87) op(0X29) op(0X02) op(0X04) op(0X16) D1(xx,xx,xx) D0(xx,xx)	head(94) ?clock tick 0xbe D0(xx,xx)	1
0	head(94) ?clock tick 0xbe D0(xx,xx)	head(9F) op(0X91) op(0X90) stop eff(color sequence 0x87) op(0X29) op(0X02) op(0X04) op(0X16) D1(xx,xx,xx) D0(xx,xx)	1
0	head(9F) op(0X91) op(0X90) stop eff(color sequence 0x87) op(0X29) op(0X02) op(0X04) op(0X16) D1(xx,xx,xx) D0(xx,xx)	head(98) delay(xx) group-pick op(0X0D) op(0X83) op(0X19) eff(85) timer(xx)	1
0	head(98) delay(xx) group-pick op(0X0D) op(0X83) op(0X19) eff(85) timer(xx)	head(98) delay(xx) group-pick op(0X19) op(0X83) stop eff(85) timer(xx)	1
0	head(98) delay(xx) group-pick op(0X19) op(0X83) stop eff(85) timer(xx)	head(94) delay(xx) eff(85) timer(xx)	1
0	head(94) delay(xx) eff(85) timer(xx)	head(99) delay(xx) reset colB(01) delay(xx) reset colL(01) timer(xx) eff(strobe flashes into running program)	1
1	head(99) delay(xx) reset colB(01) delay(xx) reset colL(01) timer(xx) eff(strobe flashes into running program)	head(99) immediate reset colB(01) delay(xx) reset colL(01) timer(xx) eff(strobe flashes into running program)	1
1	head(99) immediate reset colB(01) delay(xx) reset colL(01) timer(xx) eff(strobe flashes into running program)	head(99) delay(xx) reset colB(01) delay(xx) reset colL(01) timer(xx) eff(strobe flashes into running program)	1
0	head(99) delay(xx) reset colB(01) delay(xx) reset colL(01) timer(xx) eff(strobe flashes into running program)	head(9E) delay(xx) reset reset colB(01) delay(xx) colB(04) colL(02) timer(xx) eff(04) D0(xx,xx) op(0X0D)	1
1	head(9E) delay(xx) reset reset colB(01) delay(xx) colB(04) colL(02) timer(xx) eff(04) D0(xx,xx) op(0X0D)	head(9E) delay(xx) reset reset colB(01) delay(xx) colB(04) colL(02) timer(xx) eff(04) D0(xx,xx) op(0X0D)	1
1	head(9E) delay(xx) reset reset colB(01) delay(xx) colB(04) colL(02) timer(xx) eff(04) D0(xx,xx) op(0X0D)	head(9E) immediate reset reset colB(01) delay(xx) colB(04) colL(02) timer(xx) eff(04) D0(xx,xx) op(0X0D)	1
1	head(9E) immediate reset reset colB(01) delay(xx) colB(04) colL(02) timer(xx) eff(04) D0(xx,xx) op(0X0D)	head(9E) delay(xx) reset reset colB(01) delay(xx) colB(04) colL(02) timer(xx) eff(04) D0(xx,xx) op(0X0D)	1
1	head(9E) delay(xx) reset reset colB(01) delay(xx) colB(04) colL(02) timer(xx) eff(04) D0(xx,xx) op(0X0D)	head(9E) delay(xx) reset reset colB(04) delay(xx) colB(02) colL(01) timer(xx) eff(04) D0(xx,xx) op(0X0D)	1
0	head(9E) delay(xx) reset reset colB(04) delay(xx) colB(02) colL(01) timer(xx) eff(04) D0(xx,xx) op(0X0D)	head(92) delay(xx) reset colB(00)	1
0	head(92) delay(xx) reset colB(00)	head(92) delay(xx) colB(05) colL(06)	1
1	head(92) delay(xx) colB(05) colL(06)	head(92) delay(xx) colB(05) colL(06)	1
1	head(92) delay(xx) colB(05) colL(06)	head(92) immediate colB(05) colL(06)	1
1	head(93) op(0X91) D0(xx,xx)	head(97) immediate reset colB(04) delay(xx) eff(85) timer(xx)	1
1	head(98) delay(xx) reset colB(04) colL(06) delay(xx) eff(85) timer(xx)	head(98) immediate reset colB(04) colL(06) delay(xx) eff(85) timer(xx)	1
1	head(98) immediate reset colB(04) colL(06) delay(xx) eff(85) timer(xx)	head(98) delay(xx) reset colB(04) colL(06) delay(xx) eff(85) timer(xx)	1
1	head(97) delay(xx) reset colB(01) delay(xx) eff(85) timer(xx)	head(97) immediate reset colB(01) delay(xx) eff(85) timer(xx)	1
1	head(97) immediate reset colB(01) delay(xx) eff(85) timer(xx)	head(98) delay(xx) reset colB(06) delay(xx) colB(03) delay(xx) colB(01) delay(xx) reset	1
1	head(98) delay(xx) reset colB(06) delay(xx) colB(03) delay(xx) colB(01) delay(xx) reset	head(98) immediate reset colB(06) delay(xx) colB(03) delay(xx) colB(01) delay(xx) reset	1
1	head(98) immediate reset colB(06) delay(xx) colB(03) delay(xx) colB(01) delay(xx) reset	head(98) delay(xx) reset colB(06) delay(xx) colB(03) delay(xx) colB(01) delay(xx) reset	1
1	head(98) delay(xx) reset colB(06) delay(xx) colB(03) delay(xx) colB(01) delay(xx) reset	head(9E) delay(xx) reset D0(xx,xx) group-pick op(0XAB) op(0X57) eff(86) eff(crossfading transitions) D0(xx,xx)	1
1	head(9E) delay(xx) reset D0(xx,xx) group-pick op(0XAB) op(0X57) eff(86) eff(crossfading transitions) D0(xx,xx)	head(9E) immediate reset D0(xx,xx) group-pick op(0XAB) op(0X57) eff(86) eff(crossfading transitions) D0(xx,xx)	1
1	head(9E) immediate reset D0(xx,xx) group-pick op(0XAB) op(0X57) eff(86) eff(crossfading transitions) D0(xx,xx)	head(9E) delay(xx) reset D0(xx,xx) group-pick op(0XAB) op(0X57) eff(86) eff(crossfading transitions) D0(xx,xx)	1
1	head(9E) delay(xx) reset D0(xx,xx) group-pick op(0XAB) op(0X57) eff(86) eff(crossfading transitions) D0(xx,xx)	head(9E) delay(xx) reset D0(xx,xx) group-pick op(0XAB) op(0X2A) eff(86) eff(crossfading transitions) D0(xx,xx)	1
1	head(9E) delay(xx) reset D0(xx,xx) group-pick op(0XAB) op(0X2A) eff(86) eff(crossfading transitions) D0(xx,xx)	head(91) delay(xx) reset	1
1	head(91) immediate reset	head(9C) delay(xx) reset D0(xx,xx) op(0X46) group-pick op(0XEC) op(0XA9) colB(06) op(0X0D) eff(flashing sequence)	1
1	head(9C) immediate reset D0(xx,xx) op(0X46) group-pick op(0XEC) op(0XA9) colB(06) op(0X0D) eff(flashing sequence)	head(9A) delay(xx) op(0X29) op(0X03) op(0X16) op(0X19) op(0X04) op(0X29) op(0X13) op(0X15) op(0X13) op(0X04)	1
1	head(9A) immediate op(0X29) op(0X03) op(0X16) op(0X19) op(0X04) op(0X29) op(0X13) op(0X15) op(0X13) op(0X04)	head(9C) delay(xx) reset eff(hard color transitions) D0(xx,xx) D0(xx,xx) delay(xx) eff(85)	1
1	head(9C) delay(xx) reset eff(hard color transitions) D0(xx,xx) D0(xx,xx) delay(xx) eff(85)	head(9A) delay(xx) op(0X29) op(0X03) op(0X16) op(0X19) op(0X04) op(0X29) op(0X13) op(0X15) op(0X13) op(0X04)	1
1	head(9C) delay(xx) reset eff(hard color transitions) D0(xx,xx) D0(xx,xx) delay(xx) eff(85)	head(96) delay(xx) group-pick ?fractional period (0xab,0xf4,0x24) colB(04)	1
1	head(96) delay(xx) group-pick ?fractional period (0xab,0xf4,0x24) colB(04)	head(96) immediate group-pick ?fractional period (0xab,0xf4,0x24) colB(04)	1
1	head(96) immediate group-pick ?fractional period (0xab,0xf4,0x24) colB(04)	head(96) delay(xx) group-pick ?fractional period (0xab,0xf4,0x24) colB(04)	1
1	head(96) delay(xx) group-pick ?fractional period (0xab,0xf4,0x24) colB(04)	head(97) delay(xx) group-pick op(0X00) op(0XAB) op(0X1F) reset paletteB	1
1	head(97) delay(xx) group-pick op(0X00) op(0XAB) op(0X1F) reset paletteB	head(97) delay(xx) group-pick op(0X00) op(0XAB) op(0X1F) reset paletteB	1
1	head(97) delay(xx) group-pick op(0X00) op(0XAB) op(0X1F) reset paletteB	head(96) immediate group-pick op(0X1F) op(0XAB) op(0X5A) reset colB(02)	1
1	head(96) immediate group-pick op(0X1F) op(0XAB) op(0X5A) reset colB(02)	head(96) delay(xx) group-pick op(0X1F) op(0XAB) op(0X5A) reset colB(02)	1
1	head(96) delay(xx) group-pick op(0X1F) op(0XAB) op(0X5A) reset colB(02)	head(96) delay(xx) group-pick op(0X1F) op(0XAB) op(0X5A) reset colB(02)	1
1	head(96) delay(xx) group-pick op(0X1F) op(0XAB) op(0X5A) reset colB(02)	head(97) immediate group-pick op(0X00) op(0XAB) op(0X1F) reset paletteB	1
1	head(97) immediate group-pick op(0X00) op(0XAB) op(0X1F) reset paletteB	head(92) delay(xx) eff(85)	1
1	head(95) delay(xx) ?group range bound 0x29 op(0X02) op(0X04) op(0X19)	head(95) immediate ?group range bound 0x29 op(0X02) op(0X04) op(0X19)	1
1	head(9C) immediate reset D0(xx,xx) colB(04) eff(86) delay(xx) eff(85) timer(xx)	head(9C) delay(xx) reset D0(xx,xx) colB(04) eff(86) delay(xx) eff(85) timer(xx)	1
1	head(9C) immediate reset D0(xx,xx) colB(01) eff(86) delay(xx) eff(85) timer(xx)	head(9C) delay(xx) reset D0(xx,xx) colB(01) eff(86) delay(xx) eff(85) timer(xx)	1
1	head(9D) reset group-pick ?group range bound 0x40 D0(xx,xx) op(0X0D) colB(01) ?timer 200 ms granularity (0x02,0x19) eff(flashing sequence)	head(99) delay(xx) group-pick ?group range bound 0x40 reset eff(86) timer(xx) colB(04)	1
1	head(99) delay(xx) group-pick ?group range bound 0x40 reset eff(86) timer(xx) colB(04)	head(99) immediate group-pick ?group range bound 0x40 reset eff(86) timer(xx) colB(04)	1
1	head(99) immediate group-pick ?group range bound 0x40 reset eff(86) timer(xx) colB(04)	head(99) delay(xx) group-pick ?group range bound 0x40 reset eff(86) timer(xx) colB(04)	1
1	head(91) op(0X99) reset	head(93) op(0X91) D0(xx,xx)	1
1	head(98) immediate reset group-pick op(0X83) op(0X10) colB(06) delay(xx) eff(85)	head(99) delay(xx) reset group-pick op(0X10) op(0X83) immediate colB(06) delay(xx) eff(85)	1
1	head(99) delay(xx) reset group-pick op(0X10) op(0X83) immediate colB(06) delay(xx) eff(85)	head(99) immediate reset group-pick op(0X10) op(0X83) immediate colB(06) delay(xx) eff(85)	1
1	head(99) immediate reset group-pick op(0X10) op(0X83) immediate colB(06) delay(xx) eff(85)	head(99) delay(xx) reset group-pick immediate op(0X83) op(0X30) colB(06) delay(xx) eff(85)	1
1	head(99) delay(xx) reset group-pick immediate op(0X83) op(0X30) colB(06) delay(xx) eff(85)	head(99) immediate reset group-pick immediate op(0X83) op(0X30) colB(06) delay(xx) eff(85)	1
1	head(91) op(0X9A) reset	head(9C) delay(xx) reset op(0X0D) eff(crossfading transitions) D0(xx,xx) delay(xx) eff(85) timer(xx)	1
1	head(9A) delay(xx) op(0X0D) eff(hard color transitions) D0(xx,xx) timer(xx) eff(strobe flashes into running program)	head(9A) immediate op(0X0D) eff(hard color transitions) D0(xx,xx) timer(xx) eff(strobe flashes into running program)	1
1	head(9A) immediate op(0X0D) eff(hard color transitions) D0(xx,xx) timer(xx) eff(strobe flashes into running program)	head(9A) delay(xx) op(0X0D) eff(hard color transitions) D0(xx,xx) timer(xx) eff(strobe flashes into running program)	1
1	head(96) delay(xx) reset colL(06) paletteB eff(86)	head(96) immediate reset colL(06) paletteB eff(86)	1
1	head(96) immediate reset colL(06) paletteB eff(86)	head(96) delay(xx) reset colL(06) paletteB eff(86)	1
1	head(94) immediate reset paletteL colB(06)	head(9D) delay(xx) op(0X71) ?group range bound 0xd1 op(0X10) op(0X04) op(0X04) D0(xx,xx) D1(xx,xx,xx)	1
1	head(9D) immediate op(0X71) ?group range bound 0xd1 op(0X10) op(0X04) op(0X04) D0(xx,xx) D1(xx,xx,xx)	head(91) delay(xx) stop	1
1	head(9C) immediate ?group range bound 0x46 group-pick op(0XEC) ?group range bound 0x48 op(0X86) timer(xx) colB(04) delay(xx) stop	head(9B) delay(xx) group-pick ?group range bound 0x40 reset op(0X0D) colB(06) ?timer 200 ms granularity (0x02,0x07) eff(flashing sequence)	1
1	head(93) op(0X91) D0(xx,xx)	head(91) op(0X9B) reset	1
1	head(9C) delay(xx) group-close op(0X0D) ?left ear off timer(xx) eff(04) ?timer 200 ms granularity (0x02,0x14) eff(flashing sequence)	head(95) op(0X92) ?timer 200 ms granularity (0x02,0x14) eff(flashing sequence)	1
1	head(95) op(0X92) ?timer 200 ms granularity (0x02,0x14) eff(flashing sequence)	head(9C) immediate group-close op(0X0D) ?left ear off timer(xx) eff(04) ?timer 200 ms granularity (0x02,0x14) eff(flashing sequence)	1
1	head(9C) immediate group-close op(0X0D) ?left ear off timer(xx) eff(04) ?timer 200 ms granularity (0x02,0x14) eff(flashing sequence)	head(9C) delay(xx) group-close op(0X0D) ?left ear off timer(xx) eff(04) ?timer 200 ms granularity (0x02,0x14) eff(flashing sequence)	1
1	head(9C) delay(xx) group-close op(0X0D) ?left ear off timer(xx) eff(04) ?timer 200 ms granularity (0x02,0x14) eff(flashing sequence)	head(9A) timer(xx) eff(04) paletteB paletteL D0(xx,xx)	1
1	head(93) op(0X91) D0(xx,xx)	head(9A) timer(xx) eff(04) paletteB paletteL D0(xx,xx)	1
1	head(95) op(0X92) ?timer 200 ms granularity (0x02,0x14) eff(flashing sequence)	head(9B) delay(xx) timer(xx) eff(04) paletteB paletteL D0(xx,xx)	1
1	head(9B) immediate timer(xx) eff(04) paletteB paletteL D0(xx,xx)	head(9B) delay(xx) timer(xx) eff(04) paletteB paletteL D0(xx,xx)	1
1	head(99) immediate reset D2(xx,xx,xx,xx) op(0X02) immediate colB(06)	head(91) op(0X9C) reset	1
1	head(91) op(0X9C) reset	head(93) op(0X91) D0(xx,xx)	1
1	head(9A) delay(xx) reset op(0X29) op(0X04) op(0X12) op(0X16) op(0X0D) op(0X04) D0(xx,xx)	head(9A) immediate reset op(0X29) op(0X04) op(0X12) op(0X16) op(0X0D) op(0X04) D0(xx,xx)	1
1	head(9A) immediate reset op(0X29) op(0X04) op(0X12) op(0X16) op(0X0D) op(0X04) D0(xx,xx)	head(9F) delay(xx) eff(hard color transitions) D0(xx,xx) eff(86) D0(xx,xx) delay(xx) timer(xx) eff(color sequence)	1
1	head(9F) immediate eff(hard color transitions) D0(xx,xx) eff(86) D0(xx,xx) delay(xx) timer(xx) eff(color sequence)	head(9F) delay(xx) eff(hard color transitions) D0(xx,xx) eff(86) D0(xx,xx) delay(xx) timer(xx) eff(color sequence)	1
1	head(93) delay(xx) stop delay(xx) reset	head(93) immediate stop delay(xx) reset	1
1	head(98) immediate D2(xx,xx,xx,xx) op(0X02) immediate colB(06)	head(97) delay(xx) group-pick ?group range bound 0x19 group-close colL(06) delay(xx) colB(06)	1
1	head(97) delay(xx) group-pick ?group range bound 0x19 group-close colL(06) delay(xx) colB(06)	head(97) delay(xx) group-pick ?group range bound 0x19 group-close colL(06) delay(xx) colB(06)	1
1	head(97) delay(xx) group-pick ?group range bound 0x19 group-close colL(06) delay(xx) colB(06)	head(97) immediate group-pick ?group range bound 0x19 group-close colL(06) delay(xx) colB(06)	1
1	head(97) immediate group-pick ?group range bound 0x19 group-close colL(06) delay(xx) colB(06)	head(98) delay(xx) group-pick op(0X19) ?group range bound 0x32 group-close colL(01) delay(xx) colB(01)	1
1	head(98) delay(xx) group-pick op(0X19) ?group range bound 0x32 group-close colL(01) delay(xx) colB(01)	head(98) delay(xx) group-pick op(0X19) ?group range bound 0x32 group-close colL(01) delay(xx) colB(01)	1
1	head(98) delay(xx) group-pick op(0X19) ?group range bound 0x32 group-close colL(01) delay(xx) colB(01)	head(98) immediate group-pick op(0X19) ?group range bound 0x32 group-close colL(01) delay(xx) colB(01)	1
1	head(98) immediate group-pick op(0X19) ?group range bound 0x32 group-close colL(01) delay(xx) colB(01)	head(98) delay(xx) group-pick op(0X32) ?group range bound 0x4b group-close colL(03) delay(xx) colB(03)	1
1	head(98) delay(xx) group-pick op(0X32) ?group range bound 0x4b group-close colL(03) delay(xx) colB(03)	head(98) delay(xx) group-pick op(0X32) ?group range bound 0x4b group-close colL(03) delay(xx) colB(03)	1
1	head(98) delay(xx) group-pick op(0X32) ?group range bound 0x4b group-close colL(03) delay(xx) colB(03)	head(98) immediate group-pick op(0X32) ?group range bound 0x4b group-close colL(03) delay(xx) colB(03)	1
1	head(98) immediate group-pick op(0X32) ?group range bound 0x4b group-close colL(03) delay(xx) colB(03)	head(98) delay(xx) group-pick op(0X4B) ?group range bound 0x64 group-close colL(04) delay(xx) colB(04)	1
1	head(98) delay(xx) group-pick op(0X4B) ?group range bound 0x64 group-close colL(04) delay(xx) colB(04)	head(98) delay(xx) group-pick op(0X4B) ?group range bound 0x64 group-close colL(04) delay(xx) colB(04)	1
1	head(98) delay(xx) group-pick op(0X4B) ?group range bound 0x64 group-close colL(04) delay(xx) colB(04)	head(98) immediate group-pick op(0X4B) ?group range bound 0x64 group-close colL(04) delay(xx) colB(04)	1
1	head(98) immediate group-pick op(0X4B) ?group range bound 0x64 group-close colL(04) delay(xx) colB(04)	head(99) delay(xx) group-pick ?group range bound 0x64 group-close paletteL delay(xx) paletteB	1
1	head(99) delay(xx) group-pick ?group range bound 0x64 group-close paletteL delay(xx) paletteB	head(99) delay(xx) group-pick ?group range bound 0x64 group-close paletteL delay(xx) paletteB	1
1	head(99) delay(xx) group-pick ?group range bound 0x64 group-close paletteL delay(xx) paletteB	head(99) immediate group-pick ?group range bound 0x64 group-close paletteL delay(xx) paletteB	1
1	head(99) immediate group-pick ?group range bound 0x64 group-close paletteL delay(xx) paletteB	head(96) delay(xx) op(0X0D) ?timer 200 ms granularity (0x09,0x02) eff(flashing sequence)	1
1	head(96) delay(xx) op(0X0D) ?timer 200 ms granularity (0x09,0x02) eff(flashing sequence)	head(96) immediate op(0X0D) ?timer 200 ms granularity (0x09,0x02) eff(flashing sequence)	1
1	head(96) immediate op(0X0D) ?timer 200 ms granularity (0x09,0x02) eff(flashing sequence)	head(96) delay(xx) op(0X0D) ?timer 200 ms granularity (0x09,0x02) eff(flashing sequence)	1
1	head(96) delay(xx) op(0X0D) ?timer 200 ms granularity (0x09,0x02) eff(flashing sequence)	head(91) delay(xx) reset	1
1	head(91) immediate reset	head(9B) delay(xx) group-close group-pick ?group range bound 0x40 op(0X0D) colB(01) ?timer 200 ms granularity (0x06,0x03) eff(flashing sequence)	1
1	head(9B) immediate group-close group-pick ?group range bound 0x40 op(0X0D) colB(01) ?timer 200 ms granularity (0x06,0x03) eff(flashing sequence)	head(9C) delay(xx) stop group-pick ?group range bound 0x40 paletteB paletteL timer(xx) eff(0E)	1
1	head(9B) delay(xx) group-close group-pick ?group range bound 0x40 op(0X0D) colB(01) ?timer 200 ms granularity (0x06,0x03) eff(flashing sequence)	head(97) delay(xx) reset colB(01) group-pick op(0X83) immediate paletteB	1
1	head(97) delay(xx) reset colB(01) group-pick op(0X83) immediate paletteB	head(94) delay(xx) stop delay(xx) eff(85)	1
1	head(94) delay(xx) stop delay(xx) eff(85)	head(97) immediate reset colB(01) group-pick op(0X83) immediate paletteB	1
1	head(97) immediate reset colB(01) group-pick op(0X83) immediate paletteB	head(97) delay(xx) reset colB(01) group-pick op(0X83) immediate paletteB	1
1	head(97) delay(xx) reset colB(01) group-pick op(0X83) immediate paletteB	head(94) immediate stop delay(xx) eff(85)	1
1	head(94) immediate stop delay(xx) eff(85)	head(96) delay(xx) op(0X29) op(0X14) op(0X19) op(0X0D) op(0X14) op(0X12)	1
1	head(96) delay(xx) op(0X29) op(0X14) op(0X19) op(0X0D) op(0X14) op(0X12)	head(96) immediate op(0X29) op(0X14) op(0X19) op(0X0D) op(0X14) op(0X12)	1
1	head(96) immediate op(0X29) op(0X14) op(0X19) op(0X0D) op(0X14) op(0X12)	head(96) delay(xx) op(0X29) op(0X14) op(0X19) op(0X0D) op(0X14) op(0X12)	1
1	head(96) delay(xx) op(0X29) op(0X14) op(0X19) op(0X0D) op(0X14) op(0X12)	head(92) delay(xx) reset colB(02)	1
1	head(92) delay(xx) reset colB(02)	head(92) immediate reset colB(02)	1
1	head(92) immediate reset colB(02)	head(93) delay(xx) reset paletteB	1
1	head(93) immediate reset paletteB	head(93) delay(xx) reset paletteB	1
1	head(93) immediate reset paletteB	head(93) op(0X91) D0(xx,xx)	1
1	head(93) op(0X91) D0(xx,xx)	head(92) delay(xx) reset colB(03)	1
1	head(92) delay(xx) reset colB(03)	head(92) immediate reset colB(03)	1
1	head(92) immediate reset colB(03)	head(92) delay(xx) reset colB(06)	1
1	head(92) delay(xx) reset colB(06)	head(92) immediate reset colB(06)	1
1	head(92) immediate reset colB(06)	head(93) delay(xx) reset paletteB	1
1	head(93) immediate reset paletteB	head(9A) delay(xx) reset eff(hard color transitions) D0(xx,xx) D0(xx,xx) op(0X0D)	1
1	head(98) delay(xx) reset colB(01) paletteL timer(xx) eff(0E)	head(9A) immediate reset eff(hard color transitions) D0(xx,xx) D0(xx,xx) op(0X0D)	1
1	head(9A) immediate reset eff(hard color transitions) D0(xx,xx) D0(xx,xx) op(0X0D)	head(9A) delay(xx) reset eff(hard color transitions) D0(xx,xx) D0(xx,xx) op(0X0D)	1
1	head(98) delay(xx) reset colB(01) paletteL timer(xx) eff(0E)	head(98) immediate reset colB(01) paletteL timer(xx) eff(0E)	1
1	head(98) immediate reset colB(01) paletteL timer(xx) eff(0E)	head(98) delay(xx) reset colB(01) paletteL timer(xx) eff(0E)	1
1	head(98) delay(xx) reset colB(01) paletteL timer(xx) eff(0E)	head(96) delay(xx) op(0X29) op(0X04) op(0X15) op(0X12) op(0X19) op(0X04)	1
1	head(96) delay(xx) op(0X29) op(0X04) op(0X15) op(0X12) op(0X19) op(0X04)	head(96) immediate op(0X29) op(0X04) op(0X15) op(0X12) op(0X19) op(0X04)	1
1	head(96) immediate op(0X29) op(0X04) op(0X15) op(0X12) op(0X19) op(0X04)	head(96) delay(xx) op(0X29) op(0X04) op(0X15) op(0X12) op(0X19) op(0X04)	1
1	head(96) delay(xx) op(0X29) op(0X04) op(0X15) op(0X12) op(0X19) op(0X04)	head(91) delay(xx) reset	1
1	head(91) immediate reset	head(9B) delay(xx) reset eff(hard color transitions) D0(xx,xx) D0(xx,xx) delay(xx) reset	1
1	head(9B) delay(xx) reset eff(hard color transitions) D0(xx,xx) D0(xx,xx) delay(xx) reset	head(9B) immediate reset eff(hard color transitions) D0(xx,xx) D0(xx,xx) delay(xx) reset	1
1	head(9B) immediate reset eff(hard color transitions) D0(xx,xx) D0(xx,xx) delay(xx) reset	head(9B) delay(xx) reset eff(hard color transitions) D0(xx,xx) D0(xx,xx) delay(xx) reset	1
1	head(9B) delay(xx) reset eff(hard color transitions) D0(xx,xx) D0(xx,xx) delay(xx) reset	head(9C) delay(xx) reset eff(hard color transitions) D0(xx,xx) D0(xx,xx) D0(xx,xx)	1
1	head(9C) immediate reset eff(hard color transitions) D0(xx,xx) D0(xx,xx) D0(xx,xx)	head(97) delay(xx) eff(color sequence 0x87) ?timer 200 ms granularity (0x06,0x05) eff(90)	1
1	head(97) delay(xx) eff(color sequence 0x87) ?timer 200 ms granularity (0x06,0x05) eff(90)	head(97) immediate eff(color sequence 0x87) ?timer 200 ms granularity (0x06,0x05) eff(90)	1
1	head(97) immediate eff(color sequence 0x87) ?timer 200 ms granularity (0x06,0x05) eff(90)	head(9D) delay(xx) D0(xx,xx) D0(xx,xx) D1(xx,xx,xx) D0(xx,xx)	1
1	head(9D) immediate D0(xx,xx) D0(xx,xx) D1(xx,xx,xx) D0(xx,xx)	head(9D) delay(xx) D0(xx,xx) D0(xx,xx) D1(xx,xx,xx) D0(xx,xx)	1
1	head(97) delay(xx) reset colB(01) eff(86) delay(xx) eff(85)	head(97) immediate reset colB(01) eff(86) delay(xx) eff(85)	1
1	head(91) op(0X9E) reset	head(93) op(0X91) D0(xx,xx)	1
1	head(9C) delay(xx) colB(07) timer(xx) eff(strobe flashes into running program) ?four-arg group-select timer eff(1C)	head(91) delay(xx) reset	1
1	head(91) immediate reset	head(99) delay(xx) reset colB(04) timer(xx) eff(strobe flashes into running program) delay(xx) eff(85)	1
1	head(9C) immediate reset D0(xx,xx) op(0X46) group-pick op(0XEC) op(0XAC) paletteB delay(xx) reset	head(9C) delay(xx) reset D0(xx,xx) op(0X46) group-pick op(0XEC) op(0XAC) paletteB delay(xx) reset	1
1	head(9C) delay(xx) reset D0(xx,xx) op(0X46) group-pick op(0XEC) op(0XAC) paletteB delay(xx) reset	head(9C) delay(xx) reset D0(xx,xx) op(0X46) group-pick op(0XEC) op(0XAB) paletteB delay(xx) reset	1
1	head(9C) immediate reset D0(xx,xx) op(0X46) group-pick op(0XEC) op(0XAB) paletteB delay(xx) reset	head(9C) delay(xx) reset D0(xx,xx) op(0X46) group-pick op(0XEC) op(0XAC) paletteB delay(xx) reset	1
1	head(9C) immediate reset D0(xx,xx) op(0X46) group-pick op(0XEC) op(0XAC) paletteB delay(xx) reset	head(93) op(0X91) D0(xx,xx)	1
1	head(93) op(0X91) D0(xx,xx)	head(9C) delay(xx) reset D0(xx,xx) op(0X46) group-pick op(0XEC) op(0XAB) paletteB delay(xx) reset	1
1	head(9C) immediate reset D0(xx,xx) op(0X46) group-pick op(0XEC) op(0XAB) paletteB delay(xx) reset	head(9C) delay(xx) reset D0(xx,xx) op(0X46) group-pick op(0XEC) op(0XAB) paletteB delay(xx) reset	1
1	head(9C) delay(xx) reset D0(xx,xx) op(0X46) group-pick op(0XEC) op(0XAB) paletteB delay(xx) reset	head(9C) delay(xx) reset D0(xx,xx) op(0X46) group-pick op(0XEC) op(0XAC) paletteB delay(xx) reset	1
1	head(9C) immediate reset D0(xx,xx) op(0X46) group-pick op(0XEC) op(0XAC) paletteB delay(xx) reset	head(9B) delay(xx) reset ?four-arg group-select timer eff(color sequence 0x89) colB(04) delay(xx) reset	1
1	head(95) delay(xx) reset colB(04) delay(xx) eff(85)	head(9B) immediate reset ?four-arg group-select timer eff(color sequence 0x89) colB(04) delay(xx) reset	1
1	head(9B) immediate reset ?four-arg group-select timer eff(color sequence 0x89) colB(04) delay(xx) reset	head(9B) delay(xx) reset ?four-arg group-select timer eff(color sequence 0x89) colB(04) delay(xx) reset	1
1	head(95) immediate reset colB(04) delay(xx) eff(85)	head(95) delay(xx) reset colB(04) delay(xx) eff(85)	1
1	head(95) delay(xx) reset colB(04) delay(xx) eff(85)	head(91) op(0X9F) reset	1
1	head(93) op(0X91) D0(xx,xx)	head(91) op(0X9F) reset	1
1	head(99) delay(xx) reset colB(04) timer(xx) eff(strobe flashes into running program) delay(xx) eff(85)	head(99) immediate reset colB(04) timer(xx) eff(strobe flashes into running program) delay(xx) eff(85)	1
1	head(99) immediate reset colB(04) timer(xx) eff(strobe flashes into running program) delay(xx) eff(85)	head(99) delay(xx) reset colB(04) timer(xx) eff(strobe flashes into running program) delay(xx) eff(85)	1
1	head(91) op(0X90) reset	head(93) op(0X91) D0(xx,xx)	1
1	head(91) op(0X90) reset	head(9D) delay(xx) reset op(0X0D) colB(02) D0(xx,xx) D1(xx,xx,xx) D0(xx,xx)	1
1	head(91) immediate reset	head(93) op(0X91) D0(xx,xx)	1
1	head(93) op(0X91) D0(xx,xx)	head(91) delay(xx) reset	1
1	head(9F) delay(xx) reset op(0X29) op(0X04) op(0X15) op(0X15) op(0X19) op(0X19) D2(xx,xx,xx,xx) op(0X02) immediate colB(06)	head(9F) delay(xx) reset op(0X0D) eff(hard color transitions) D0(xx,xx) D0(xx,xx) ?timer 200 ms granularity (0x09,0x04) eff(flashing sequence)	1
1	head(9C) delay(xx) reset paletteB delay(xx) colB(02) delay(xx) colB(04) delay(xx) eff(85) timer(xx)	head(9C) immediate reset paletteB delay(xx) colB(02) delay(xx) colB(04) delay(xx) eff(85) timer(xx)	1
1	head(94) immediate eff(85) timer(xx)	head(91) op(0X92) reset	1
1	head(91) op(0X92) reset	head(93) op(0X91) D0(xx,xx)	1
1	head(9F) delay(xx) group-close colB(01) paletteL timer(xx) eff(04) D0(xx,xx) D0(xx,xx) op(0X0D)	head(9F) immediate group-close colB(01) paletteL timer(xx) eff(04) D0(xx,xx) D0(xx,xx) op(0X0D)	1
1	head(9F) immediate group-close colB(01) paletteL timer(xx) eff(04) D0(xx,xx) D0(xx,xx) op(0X0D)	head(9F) delay(xx) group-close colB(01) paletteL timer(xx) eff(04) D0(xx,xx) D0(xx,xx) op(0X0D)	1
1	head(9F) delay(xx) group-close colB(01) paletteL timer(xx) eff(04) D0(xx,xx) D0(xx,xx) op(0X0D)	head(9E) op(0X93) group-close colB(01) paletteL timer(xx) eff(04) D0(xx,xx) D0(xx,xx)	1
1	head(93) op(0X91) D0(xx,xx)	head(9E) op(0X93) group-close colB(01) paletteL timer(xx) eff(04) D0(xx,xx) D0(xx,xx)	1
1	head(9E) delay(xx) group-close colB(04) paletteL timer(xx) eff(04) D0(xx,xx) D0(xx,xx)	head(9E) immediate group-close colB(04) paletteL timer(xx) eff(04) D0(xx,xx) D0(xx,xx)	1
1	head(9E) immediate group-close colB(04) paletteL timer(xx) eff(04) D0(xx,xx) D0(xx,xx)	head(9E) delay(xx) group-close colB(04) paletteL timer(xx) eff(04) D0(xx,xx) D0(xx,xx)	1
1	head(9E) delay(xx) group-close colB(04) paletteL timer(xx) eff(04) D0(xx,xx) D0(xx,xx)	head(9E) op(0X94) group-close colB(04) paletteL timer(xx) eff(04) D0(xx,xx) D0(xx,xx)	1
1	head(9E) immediate group-close colB(01) paletteL timer(xx) eff(04) D0(xx,xx) D0(xx,xx)	head(9E) delay(xx) group-close colB(01) paletteL timer(xx) eff(04) D0(xx,xx) D0(xx,xx)	1
1	head(9E) delay(xx) group-close colB(01) paletteL timer(xx) eff(04) D0(xx,xx) D0(xx,xx)	head(9E) op(0X95) group-close colB(01) paletteL timer(xx) eff(04) D0(xx,xx) D0(xx,xx)	1
1	head(9E) op(0X95) group-close colB(01) paletteL timer(xx) eff(04) D0(xx,xx) D0(xx,xx)	head(9E) delay(xx) op(0X29) op(0X04) op(0X15) op(0X15) op(0X04) op(0X12) D2(xx,xx,xx,xx) op(0X02) immediate colB(06)	1
1	head(9E) delay(xx) op(0X29) op(0X04) op(0X15) op(0X15) op(0X04) op(0X12) D2(xx,xx,xx,xx) op(0X02) immediate colB(06)	head(9F) delay(xx) group-close op(0X0D) eff(hard color transitions) D0(xx,xx) D0(xx,xx) ?timer 200 ms granularity (0x09,0x0b) eff(flashing sequence)	1
1	head(92) immediate eff(85)	head(9C) delay(xx) reset eff(86) timer(xx) colB(01) D0(xx,xx) D0(xx,xx)	1
1	head(9C) delay(xx) reset eff(86) timer(xx) colB(01) D0(xx,xx) D0(xx,xx)	head(9C) immediate reset eff(86) timer(xx) colB(01) D0(xx,xx) D0(xx,xx)	1
1	head(9C) immediate reset eff(86) timer(xx) colB(01) D0(xx,xx) D0(xx,xx)	head(9C) delay(xx) reset eff(86) timer(xx) colB(01) D0(xx,xx) D0(xx,xx)	1
1	head(9C) delay(xx) reset eff(86) timer(xx) colB(01) D0(xx,xx) D0(xx,xx)	head(93) op(0X91) D0(xx,xx)	1
1	head(93) op(0X91) D0(xx,xx)	head(9A) delay(xx) reset colB(07) timer(xx) eff(strobe flashes into running program) D0(xx,xx) op(0X74)	1
1	head(9A) delay(xx) reset colB(07) timer(xx) eff(strobe flashes into running program) D0(xx,xx) op(0X74)	head(94) immediate op(0X74) op(0X73) delay(xx) op(0X74)	1
1	head(94) immediate op(0X74) op(0X73) delay(xx) op(0X74)	head(94) delay(xx) op(0X74) op(0X73) delay(xx) op(0X74)	1
1	head(94) delay(xx) op(0X74) op(0X73) delay(xx) op(0X74)	head(9C) immediate op(0X74) group-pick op(0X1F) op(0XAB) delay(xx) op(0X84) op(0X3C) op(0XAB) ?fractional period (0x73,0xf6,0x74)	1
1	head(9C) immediate op(0X74) group-pick op(0X1F) op(0XAB) delay(xx) op(0X84) op(0X3C) op(0XAB) ?fractional period (0x73,0xf6,0x74)	head(9C) delay(xx) op(0X74) group-pick op(0X1F) op(0XAB) delay(xx) op(0X84) op(0X3C) op(0XAB) ?fractional period (0x73,0xf6,0x74)	1
1	head(9C) delay(xx) op(0X74) group-pick op(0X1F) op(0XAB) delay(xx) op(0X84) op(0X3C) op(0XAB) ?fractional period (0x73,0xf6,0x74)	head(98) immediate op(0X74) op(0X84) op(0X1F) op(0XAB) delay(xx) op(0X73) delay(xx) op(0X74)	1
1	head(98) immediate op(0X74) op(0X84) op(0X1F) op(0XAB) delay(xx) op(0X73) delay(xx) op(0X74)	head(98) delay(xx) op(0X74) op(0X84) op(0X1F) op(0XAB) delay(xx) op(0X73) delay(xx) op(0X74)	1
1	head(98) delay(xx) op(0X74) op(0X84) op(0X1F) op(0XAB) delay(xx) op(0X73) delay(xx) op(0X74)	head(98) delay(xx) op(0X74) group-pick op(0X3C) op(0XAB) ?fractional period (0x73,0xf6,0x74)	1
1	head(98) delay(xx) op(0X74) group-pick op(0X3C) op(0XAB) ?fractional period (0x73,0xf6,0x74)	head(98) immediate op(0X74) group-pick op(0X3C) op(0XAB) ?fractional period (0x73,0xf6,0x74)	1
1	head(98) immediate op(0X74) group-pick op(0X3C) op(0XAB) ?fractional period (0x73,0xf6,0x74)	head(98) delay(xx) op(0X74) group-pick op(0X00) op(0XAB) op(0X3C) op(0X73) delay(xx) op(0X74)	1
1	head(98) delay(xx) op(0X74) group-pick op(0X00) op(0XAB) op(0X3C) op(0X73) delay(xx) op(0X74)	head(98) immediate op(0X74) group-pick op(0X00) op(0XAB) op(0X3C) op(0X73) delay(xx) op(0X74)	1
1	head(98) immediate op(0X74) group-pick op(0X00) op(0XAB) op(0X3C) op(0X73) delay(xx) op(0X74)	head(98) delay(xx) op(0X74) group-pick op(0X00) op(0XAB) op(0X1F) op(0X73) delay(xx) op(0X74)	1
1	head(98) delay(xx) op(0X74) group-pick op(0X00) op(0XAB) op(0X1F) op(0X73) delay(xx) op(0X74)	head(98) immediate op(0X74) group-pick op(0X00) op(0XAB) op(0X1F) op(0X73) delay(xx) op(0X74)	1
1	head(9B) immediate paletteB paletteL op(0X71) delay(xx) colB(02) colL(02) D0(xx,xx)	head(93) op(0X91) D0(xx,xx)	1
1	head(93) op(0X91) D0(xx,xx)	head(99) delay(xx) colB(03) colL(03) op(0X71) delay(xx) colB(02) colL(02) D0(xx,xx)	1
1	head(99) delay(xx) colB(03) colL(03) op(0X71) delay(xx) colB(02) colL(02) D0(xx,xx)	head(99) immediate colB(03) colL(03) op(0X71) delay(xx) colB(02) colL(02) D0(xx,xx)	1
1	head(9B) immediate paletteB paletteL op(0X71) delay(xx) colB(02) colL(02) D0(xx,xx)	head(9D) delay(xx) group-close D0(xx,xx) colB(02) colL(02) timer(xx) eff(04) D0(xx,xx)	1
1	head(9D) delay(xx) group-close D0(xx,xx) colB(02) colL(02) timer(xx) eff(04) D0(xx,xx)	head(9D) immediate group-close D0(xx,xx) colB(02) colL(02) timer(xx) eff(04) D0(xx,xx)	1
1	head(9C) delay(xx) reset group-pick op(0X00) op(0XAB) op(0X1F) eff(color sequence) D0(xx,xx) delay(xx) reset	head(9C) immediate reset group-pick op(0X00) op(0XAB) op(0X1F) eff(color sequence) D0(xx,xx) delay(xx) reset	1
1	head(9C) immediate reset group-pick op(0X00) op(0XAB) op(0X1F) eff(color sequence) D0(xx,xx) delay(xx) reset	head(9C) delay(xx) reset group-pick op(0X3C) op(0XAB) ?fractional period (0x48,0x13,0xd0) op(0X3D) op(0X01) delay(xx) reset	1
1	head(9C) delay(xx) reset group-pick op(0X3C) op(0XAB) ?fractional period (0x48,0x13,0xd0) op(0X3D) op(0X01) delay(xx) reset	head(9C) immediate reset group-pick op(0X3C) op(0XAB) ?fractional period (0x48,0x13,0xd0) op(0X3D) op(0X01) delay(xx) reset	1
1	head(9C) immediate reset group-pick op(0X3C) op(0XAB) ?fractional period (0x48,0x13,0xd0) op(0X3D) op(0X01) delay(xx) reset	head(9C) immediate reset group-pick ?fractional period (0xab,0xf4,0x48) op(0X13) D0(xx,xx) delay(xx) reset	1
1	head(9C) immediate reset group-pick ?fractional period (0xab,0xf4,0x48) op(0X13) D0(xx,xx) delay(xx) reset	head(9C) delay(xx) reset group-pick ?fractional period (0xab,0xf4,0x48) op(0X13) D0(xx,xx) delay(xx) reset	1
1	head(9C) delay(xx) reset group-pick ?fractional period (0xab,0xf4,0x48) op(0X13) D0(xx,xx) delay(xx) reset	head(9C) immediate reset group-pick op(0X1F) op(0XAB) op(0X3C) eff(color sequence) D0(xx,xx) delay(xx) reset	1
1	head(9C) immediate reset group-pick op(0X1F) op(0XAB) op(0X3C) eff(color sequence) D0(xx,xx) delay(xx) reset	head(9C) delay(xx) reset group-pick op(0X1F) op(0XAB) op(0X3C) eff(color sequence) D0(xx,xx) delay(xx) reset	1
1	head(92) immediate eff(85)	head(97) delay(xx) reset colB(07) delay(xx) eff(85) timer(xx)	1
1	head(97) immediate reset colB(07) delay(xx) eff(85) timer(xx)	head(93) op(0X91) D0(xx,xx)	1
1	head(93) op(0X91) D0(xx,xx)	head(97) delay(xx) reset colB(02) delay(xx) eff(85) timer(xx)	1
1	head(9F) op(0X96) group-close delay(xx) group-pick ?group range bound 0x40 op(0X0D) colL(06) ?timer 200 ms granularity (0x02,0x19) eff(flashing sequence) D0(xx,xx)	head(9F) op(0X96) group-close delay(xx) group-pick ?group range bound 0x40 op(0X0D) colL(06) ?timer 200 ms granularity (0x02,0x19) eff(flashing sequence) D0(xx,xx)	1
1	head(9D) delay(xx) reset op(0X29) op(0X11) op(0X1D) eff(color sequence 0x88) D0(xx,xx) D0(xx,xx) op(0X76)	head(9B) delay(xx) D0(xx,xx) group-pick ?group range bound 0x40 op(0X29) op(0X13) op(0X04) op(0X1D) op(0X1D)	1
1	head(9B) delay(xx) D0(xx,xx) group-pick ?group range bound 0x40 op(0X29) op(0X13) op(0X04) op(0X1D) op(0X1D)	head(9B) delay(xx) D0(xx,xx) group-pick ?group range bound 0x40 op(0X29) op(0X13) op(0X1D) op(0X01) op(0X1D)	1
1	head(9B) delay(xx) D0(xx,xx) group-pick ?group range bound 0x40 op(0X29) op(0X13) op(0X1D) op(0X01) op(0X1D)	head(9B) immediate D0(xx,xx) group-pick ?group range bound 0x40 op(0X29) op(0X13) op(0X1D) op(0X01) op(0X1D)	1
1	head(9B) immediate D0(xx,xx) group-pick ?group range bound 0x40 op(0X29) op(0X13) op(0X1D) op(0X01) op(0X1D)	head(9B) delay(xx) D0(xx,xx) group-pick ?group range bound 0x40 op(0X29) op(0X13) op(0X1D) op(0X01) op(0X1D)	1
1	head(9B) immediate reset eff(color sequence 0x88) D0(xx,xx) D0(xx,xx) op(0X76) op(0X72)	head(9B) delay(xx) reset eff(color sequence 0x88) D0(xx,xx) D0(xx,xx) op(0X76) op(0X72)	1
1	head(9B) delay(xx) reset eff(color sequence 0x88) D0(xx,xx) D0(xx,xx) op(0X76) op(0X72)	head(9B) delay(xx) group-pick ?group range bound 0x64 reset paletteB delay(xx) eff(85) timer(xx)	1
1	head(9B) delay(xx) group-pick ?group range bound 0x64 reset paletteB delay(xx) eff(85) timer(xx)	head(93) op(0X91) D0(xx,xx)	1
1	head(93) op(0X91) D0(xx,xx)	head(95) immediate group-pick ?group range bound 0x11 eff(86)	1
1	head(95) immediate group-pick ?group range bound 0x11 eff(86)	head(9B) immediate group-pick ?group range bound 0x64 reset paletteB delay(xx) eff(85) timer(xx)	1
1	head(9B) delay(xx) group-pick ?group range bound 0x64 reset paletteB delay(xx) eff(85) timer(xx)	head(96) delay(xx) group-pick op(0X22) ?group range bound 0x36 eff(86)	1
1	head(96) delay(xx) group-pick op(0X22) ?group range bound 0x36 eff(86)	head(9B) immediate group-pick ?group range bound 0x64 reset paletteB delay(xx) eff(85) timer(xx)	1
1	head(96) immediate group-pick op(0X22) ?group range bound 0x36 eff(86)	head(9B) delay(xx) group-pick ?group range bound 0x64 reset paletteB delay(xx) eff(85) timer(xx)	1
1	head(96) delay(xx) group-pick op(0X10) ?group range bound 0x24 eff(86)	head(96) immediate group-pick op(0X10) ?group range bound 0x24 eff(86)	1
1	head(96) immediate group-pick op(0X10) ?group range bound 0x24 eff(86)	head(9B) delay(xx) group-pick ?group range bound 0x64 reset paletteB delay(xx) eff(85) timer(xx)	1
1	head(9B) immediate group-pick ?group range bound 0x64 reset paletteB delay(xx) eff(85) timer(xx)	head(96) delay(xx) group-pick op(0X34) ?group range bound 0x48 eff(86)	1
1	head(96) delay(xx) group-pick op(0X34) ?group range bound 0x48 eff(86)	head(96) immediate group-pick op(0X34) ?group range bound 0x48 eff(86)	1
1	head(9D) delay(xx) reset op(0X29) op(0X02) op(0X15) op(0X1D) eff(hard color transitions) D0(xx,xx) D0(xx,xx)	head(92) delay(xx) eff(85)	1
1	head(9C) delay(xx) reset D1(xx,xx,xx) D0(xx,xx) D1(xx,xx,xx)	head(9E) delay(xx) ?group range bound 0x46 group-pick op(0XEC) op(0XA9) op(0X0D) paletteB paletteL timer(xx) eff(04)	1
1	head(9C) delay(xx) ?group range bound 0xd0 op(0X39) op(0X28) op(0X46) group-pick op(0XEC) op(0XAA) eff(85) timer(xx)	head(93) op(0X91) D0(xx,xx)	1
1	head(98) delay(xx) reset eff(color sequence) D0(xx,xx) delay(xx) reset	head(98) immediate reset group-pick ?group range bound 0x40 eff(color rotation) colB(07) colL(07)	1
1	head(9C) immediate reset group-pick op(0X3C) op(0XAB) ?fractional period (0x48,0x13,0xd0) op(0X3D) op(0X01) delay(xx) reset	head(9C) immediate reset group-pick op(0X00) op(0XAB) op(0X1F) eff(color sequence) D0(xx,xx) delay(xx) reset	1
1	head(9C) immediate reset group-pick op(0X00) op(0XAB) op(0X1F) eff(color sequence) D0(xx,xx) delay(xx) reset	head(9B) immediate group-pick op(0XAB) op(0X00) reset eff(color sequence) D0(xx,xx) delay(xx) reset	1
1	head(9B) immediate group-pick op(0XAB) op(0X00) reset eff(color sequence) D0(xx,xx) delay(xx) reset	head(93) op(0X91) D0(xx,xx)	1
1	head(93) op(0X91) D0(xx,xx)	head(9C) immediate reset group-pick op(0X3C) op(0XAB) ?fractional period (0x48,0x13,0xd0) op(0X3D) op(0X01) delay(xx) reset	1
1	head(98) immediate reset group-pick ?group range bound 0x40 eff(color rotation) colB(07) colL(07)	head(9B) immediate group-pick op(0XAB) delay(xx) reset eff(color sequence) D0(xx,xx) delay(xx) reset	1
1	head(9B) immediate group-pick op(0XAB) delay(xx) reset eff(color sequence) D0(xx,xx) delay(xx) reset	head(9C) immediate reset group-pick op(0X3C) op(0XAB) ?fractional period (0x48,0x13,0xd0) op(0X3D) op(0X01) delay(xx) reset	1
1	head(9C) immediate reset group-pick op(0X1F) op(0XAB) op(0X3C) eff(color sequence) D0(xx,xx) delay(xx) reset	head(98) delay(xx) reset group-pick ?group range bound 0x40 eff(color rotation) colB(07) colL(07)	1
1	head(98) immediate reset eff(color sequence) D0(xx,xx) delay(xx) reset	head(9A) delay(xx) reset colB(06) op(0X0D) timer(xx) eff(color sequence) delay(xx) eff(85)	1
1	head(9A) delay(xx) reset colB(06) op(0X0D) timer(xx) eff(color sequence) delay(xx) eff(85)	head(9A) immediate reset colB(06) op(0X0D) timer(xx) eff(color sequence) delay(xx) eff(85)	1
1	head(9A) immediate reset colB(06) op(0X0D) timer(xx) eff(color sequence) delay(xx) eff(85)	head(9A) delay(xx) reset colB(06) op(0X0D) timer(xx) eff(color sequence) delay(xx) eff(85)	1
1	head(91) op(0X95) reset	head(93) op(0X91) D0(xx,xx)	1
1	head(9D) delay(xx) reset D0(xx,xx) op(0X46) group-pick op(0XEC) op(0XA9) eff(color rotation) delay(xx) eff(85)	head(96) delay(xx) reset colL(07) timer(xx) eff(strobe flashes into running program)	1
1	head(9D) delay(xx) reset D0(xx,xx) op(0X46) group-pick op(0XEC) op(0XAB) colB(07) timer(xx) eff(strobe flashes into running program)	head(96) delay(xx) reset colL(07) timer(xx) eff(strobe flashes into running program)	1
1	head(96) immediate reset colL(07) timer(xx) eff(strobe flashes into running program)	head(9D) delay(xx) reset D0(xx,xx) op(0X46) group-pick op(0XEC) op(0XAC) colB(07) timer(xx) eff(strobe flashes into running program)	1
1	head(9D) delay(xx) reset D0(xx,xx) op(0X46) group-pick op(0XEC) op(0XAC) colB(07) timer(xx) eff(strobe flashes into running program)	head(96) delay(xx) reset colL(07) timer(xx) eff(strobe flashes into running program)	1
1	head(96) delay(xx) reset colL(07) timer(xx) eff(strobe flashes into running program)	head(92) delay(xx) eff(85)	1
1	head(92) immediate eff(85)	head(9A) delay(xx) group-pick op(0X83) op(0X15) reset colL(07) op(0X0D) timer(xx) eff(color sequence)	1
1	head(9A) immediate group-pick op(0X83) op(0X15) reset colL(07) op(0X0D) timer(xx) eff(color sequence)	head(9B) delay(xx) group-pick op(0X15) op(0X83) op(0X2B) reset colL(07) op(0X0D) timer(xx) eff(color sequence)	1
1	head(9B) delay(xx) group-pick op(0X15) op(0X83) op(0X2B) reset colL(07) op(0X0D) timer(xx) eff(color sequence)	head(93) op(0X91) D0(xx,xx)	1
1	head(93) op(0X91) D0(xx,xx)	head(9B) immediate group-pick op(0X15) op(0X83) op(0X2B) reset colL(07) op(0X0D) timer(xx) eff(color sequence)	1
1	head(9B) delay(xx) group-pick op(0X15) op(0X83) op(0X2B) reset colL(07) op(0X0D) timer(xx) eff(color sequence)	head(92) delay(xx) eff(85)	1
1	head(92) delay(xx) eff(85)	head(9A) delay(xx) group-pick op(0X83) op(0X2B) reset colL(07) op(0X0D) timer(xx) eff(color sequence)	1
1	head(92) delay(xx) eff(85)	head(9A) immediate group-pick op(0X83) op(0X2B) reset colL(07) op(0X0D) timer(xx) eff(color sequence)	1
1	head(9A) immediate group-pick op(0X83) op(0X2B) reset colL(07) op(0X0D) timer(xx) eff(color sequence)	head(9D) delay(xx) reset op(0X0D) timer(xx) eff(color sequence) colB(07) group-pick op(0X15) op(0X83) op(0X2B) paletteB	1
1	head(9B) immediate reset paletteB colL(06) timer(xx) eff(slow even pulse) D0(xx,xx)	head(9B) delay(xx) reset paletteB colL(06) timer(xx) eff(slow even pulse) D0(xx,xx)	1
1	head(9A) delay(xx) reset eff(crossfading transitions) D0(xx,xx) D0(xx,xx) op(0X72)	head(9A) immediate reset eff(crossfading transitions) D0(xx,xx) D0(xx,xx) op(0X72)	1
1	head(9A) immediate reset eff(crossfading transitions) D0(xx,xx) D0(xx,xx) op(0X72)	head(9A) delay(xx) reset eff(crossfading transitions) D0(xx,xx) D0(xx,xx) op(0X72)	1
1	head(9A) delay(xx) reset eff(crossfading transitions) D0(xx,xx) D0(xx,xx) op(0X72)	head(96) delay(xx) group-pick op(0X1F) op(0XAB) op(0X5A) eff(86)	1
1	head(96) delay(xx) group-pick op(0X1F) op(0XAB) op(0X5A) eff(86)	head(96) immediate group-pick op(0X1F) op(0XAB) op(0X5A) eff(86)	1
1	head(96) immediate group-pick op(0X1F) op(0XAB) op(0X5A) eff(86)	head(96) delay(xx) group-pick op(0X1F) op(0XAB) op(0X5A) eff(86)	1
1	head(96) delay(xx) group-pick op(0X1F) op(0XAB) op(0X5A) eff(86)	head(96) delay(xx) group-pick ?fractional period (0xab,0xf4,0x48) op(0X86)	1
1	head(96) delay(xx) group-pick ?fractional period (0xab,0xf4,0x48) op(0X86)	head(96) immediate group-pick ?fractional period (0xab,0xf4,0x48) op(0X86)	1
1	head(96) immediate group-pick ?fractional period (0xab,0xf4,0x48) op(0X86)	head(93) op(0X91) D0(xx,xx)	1
1	head(93) op(0X91) D0(xx,xx)	head(96) delay(xx) group-pick op(0X00) op(0XAB) op(0X1F) eff(86)	1
1	head(96) delay(xx) group-pick op(0X00) op(0XAB) op(0X1F) eff(86)	head(96) immediate group-pick op(0X00) op(0XAB) op(0X1F) eff(86)	1
1	head(96) immediate group-pick op(0X00) op(0XAB) op(0X1F) eff(86)	head(9E) delay(xx) reset eff(crossfading transitions) D0(xx,xx) D2(xx,xx,xx,xx) D0(xx,xx)	1
1	head(92) immediate eff(85)	head(9D) delay(xx) group-pick op(0XAB) op(0X3C) reset op(0X0D) eff(crossfading transitions) D0(xx,xx) delay(xx) eff(85)	1
1	head(9D) delay(xx) group-pick op(0XAB) op(0X3C) reset op(0X0D) eff(crossfading transitions) D0(xx,xx) delay(xx) eff(85)	head(97) delay(xx) reset D0(xx,xx) D0(xx,xx)	1
1	head(97) delay(xx) reset D0(xx,xx) D0(xx,xx)	head(9B) delay(xx) ?group range bound 0x46 group-pick op(0XEC) op(0XA9) eff(crossfading transitions) D0(xx,xx) op(0X0D)	1
1	head(9B) delay(xx) ?group range bound 0x46 group-pick op(0XEC) op(0XA9) eff(crossfading transitions) D0(xx,xx) op(0X0D)	head(9B) immediate ?group range bound 0x46 group-pick op(0XEC) op(0XA9) eff(crossfading transitions) D0(xx,xx) op(0X0D)	1
1	head(97) immediate reset colB(07) delay(xx) eff(85) timer(xx)	head(9B) delay(xx) group-pick op(0X19) op(0X83) stop reset colB(06) delay(xx) eff(85) timer(xx)	1
1	head(9B) delay(xx) group-pick op(0X19) op(0X83) stop reset colB(06) delay(xx) eff(85) timer(xx)	head(9B) immediate group-pick op(0X19) op(0X83) stop reset colB(06) delay(xx) eff(85) timer(xx)	1
1	head(9B) immediate group-pick op(0X19) op(0X83) stop reset colB(06) delay(xx) eff(85) timer(xx)	head(9B) delay(xx) group-pick op(0X19) op(0X83) stop reset colB(06) delay(xx) eff(85) timer(xx)	1
1	head(9B) delay(xx) group-pick op(0X19) op(0X83) stop reset colB(06) delay(xx) eff(85) timer(xx)	head(9A) immediate group-pick op(0X83) op(0X19) reset colB(06) delay(xx) eff(85) timer(xx)	1
1	head(9A) immediate group-pick op(0X83) op(0X19) reset colB(06) delay(xx) eff(85) timer(xx)	head(9A) delay(xx) group-pick op(0X83) op(0X19) reset colB(06) delay(xx) eff(85) timer(xx)	1
1	head(9A) delay(xx) group-pick op(0X83) op(0X19) reset colB(06) delay(xx) eff(85) timer(xx)	head(9B) immediate group-pick stop op(0X83) op(0X32) reset colB(06) delay(xx) eff(85) timer(xx)	1
1	head(9B) immediate group-pick stop op(0X83) op(0X32) reset colB(06) delay(xx) eff(85) timer(xx)	head(9B) delay(xx) group-pick stop op(0X83) op(0X32) reset colB(06) delay(xx) eff(85) timer(xx)	1
1	head(9B) delay(xx) group-pick stop op(0X83) op(0X32) reset colB(06) delay(xx) eff(85) timer(xx)	head(9B) delay(xx) group-pick stop op(0X83) op(0X32) reset colB(06) delay(xx) eff(85) timer(xx)	1
1	head(9A) immediate group-pick op(0X83) op(0X32) reset colB(06) delay(xx) eff(85) timer(xx)	head(9A) delay(xx) group-pick op(0X83) op(0X32) reset colB(06) delay(xx) eff(85) timer(xx)	1
1	head(9A) delay(xx) group-pick op(0X83) op(0X32) reset colB(06) delay(xx) eff(85) timer(xx)	head(9A) delay(xx) group-pick op(0X83) op(0X32) reset colB(06) delay(xx) eff(85) timer(xx)	1
1	head(9A) delay(xx) group-pick op(0X83) op(0X32) reset colB(06) delay(xx) eff(85) timer(xx)	head(94) delay(xx) eff(85) delay(xx) reset	1
1	head(9D) delay(xx) group-pick op(0X83) op(0X19) reset op(0X0D) eff(crossfading transitions) D0(xx,xx) delay(xx) eff(85)	head(9D) delay(xx) group-pick op(0X83) op(0X19) reset op(0X0D) eff(crossfading transitions) D0(xx,xx) delay(xx) eff(85)	1
1	head(9D) delay(xx) group-pick op(0X83) op(0X19) reset op(0X0D) eff(crossfading transitions) D0(xx,xx) delay(xx) eff(85)	head(9D) immediate group-pick op(0X83) op(0X19) reset op(0X0D) eff(crossfading transitions) D0(xx,xx) delay(xx) eff(85)	1
1	head(9D) immediate group-pick op(0X83) op(0X19) reset op(0X0D) eff(crossfading transitions) D0(xx,xx) delay(xx) eff(85)	head(9E) delay(xx) group-pick op(0X19) op(0X83) stop reset op(0X0D) eff(crossfading transitions) D0(xx,xx) delay(xx) eff(85)	1
1	head(9E) delay(xx) group-pick op(0X19) op(0X83) stop reset op(0X0D) eff(crossfading transitions) D0(xx,xx) delay(xx) eff(85)	head(9E) delay(xx) group-pick op(0X19) op(0X83) stop reset op(0X0D) eff(crossfading transitions) D0(xx,xx) delay(xx) eff(85)	1
1	head(9E) delay(xx) group-pick op(0X19) op(0X83) stop reset op(0X0D) eff(crossfading transitions) D0(xx,xx) delay(xx) eff(85)	head(9E) immediate group-pick op(0X19) op(0X83) stop reset op(0X0D) eff(crossfading transitions) D0(xx,xx) delay(xx) eff(85)	1
1	head(9E) immediate group-pick op(0X19) op(0X83) stop reset op(0X0D) eff(crossfading transitions) D0(xx,xx) delay(xx) eff(85)	head(9E) delay(xx) group-pick stop op(0X83) op(0X32) reset op(0X0D) eff(crossfading transitions) D0(xx,xx) delay(xx) eff(85)	1
1	head(9E) delay(xx) group-pick stop op(0X83) op(0X32) reset op(0X0D) eff(crossfading transitions) D0(xx,xx) delay(xx) eff(85)	head(9E) delay(xx) group-pick stop op(0X83) op(0X32) reset op(0X0D) eff(crossfading transitions) D0(xx,xx) delay(xx) eff(85)	1
1	head(9E) delay(xx) group-pick stop op(0X83) op(0X32) reset op(0X0D) eff(crossfading transitions) D0(xx,xx) delay(xx) eff(85)	head(9D) delay(xx) group-pick op(0X83) op(0X32) reset op(0X0D) eff(crossfading transitions) D0(xx,xx) delay(xx) eff(85)	1
1	head(9D) delay(xx) group-pick op(0X83) op(0X32) reset op(0X0D) eff(crossfading transitions) D0(xx,xx) delay(xx) eff(85)	head(9D) delay(xx) group-pick op(0X83) op(0X32) reset op(0X0D) eff(crossfading transitions) D0(xx,xx) delay(xx) eff(85)	1
1	head(9D) delay(xx) group-pick op(0X83) op(0X32) reset op(0X0D) eff(crossfading transitions) D0(xx,xx) delay(xx) eff(85)	head(9E) immediate group-pick stop op(0X83) op(0X32) reset op(0X0D) eff(crossfading transitions) D0(xx,xx) delay(xx) eff(85)	1
1	head(9C) delay(xx) reset D0(xx,xx) op(0X46) group-pick op(0XEC) op(0XA9) colB(06) op(0X0D) eff(flashing sequence)	head(9C) immediate reset D0(xx,xx) op(0X46) group-pick op(0XEC) op(0XA9) colB(06) op(0X0D) eff(flashing sequence)	1
1	head(9C) immediate reset D0(xx,xx) op(0X46) group-pick op(0XEC) op(0XA9) colB(06) op(0X0D) eff(flashing sequence)	head(9C) delay(xx) reset D0(xx,xx) op(0X46) group-pick op(0XEC) op(0XA9) colB(06) op(0X0D) eff(flashing sequence)	1
1	head(97) immediate reset D0(xx,xx) D0(xx,xx)	head(9B) delay(xx) ?group range bound 0x46 group-pick op(0XEC) op(0XA9) eff(crossfading transitions) D0(xx,xx) op(0X0D)	1
1	head(9B) immediate reset colB(07) delay(xx) eff(85) op(0X29) op(0X04) op(0X08) op(0X02) op(0X19) op(0X1D)	head(9F) delay(xx) reset D0(xx,xx) op(0X46) group-pick op(0XEC) op(0XAB) paletteB eff(86) delay(xx) eff(85)	1
1	head(9F) delay(xx) reset D0(xx,xx) op(0X46) group-pick op(0XEC) op(0XAB) paletteB eff(86) delay(xx) eff(85)	head(9F) delay(xx) reset D0(xx,xx) op(0X46) group-pick op(0XEC) op(0XAB) paletteB eff(86) delay(xx) eff(85)	1
1	head(9F) immediate reset D0(xx,xx) op(0X46) group-pick op(0XEC) op(0XAB) paletteB eff(86) delay(xx) eff(85)	head(9F) delay(xx) reset D0(xx,xx) op(0X46) group-pick op(0XEC) op(0XAB) paletteB eff(86) delay(xx) eff(85)	1
1	head(9F) delay(xx) reset D0(xx,xx) op(0X46) group-pick op(0XEC) op(0XAB) paletteB eff(86) delay(xx) eff(85)	head(9F) delay(xx) reset D0(xx,xx) op(0X46) group-pick op(0XEC) op(0XAC) paletteB eff(86) delay(xx) eff(85)	1
1	head(9F) delay(xx) reset D0(xx,xx) op(0X46) group-pick op(0XEC) op(0XAC) paletteB eff(86) delay(xx) eff(85)	head(9F) delay(xx) reset D0(xx,xx) op(0X46) group-pick op(0XEC) op(0XAC) paletteB eff(86) delay(xx) eff(85)	1
1	head(9F) delay(xx) reset D0(xx,xx) op(0X46) group-pick op(0XEC) op(0XAC) paletteB eff(86) delay(xx) eff(85)	head(9F) immediate reset D0(xx,xx) op(0X46) group-pick op(0XEC) op(0XAC) paletteB eff(86) delay(xx) eff(85)	1
1	head(9F) immediate reset D0(xx,xx) op(0X46) group-pick op(0XEC) op(0XAC) paletteB eff(86) delay(xx) eff(85)	head(9F) delay(xx) reset D0(xx,xx) op(0X46) group-pick op(0XEC) op(0XAC) paletteB eff(86) delay(xx) eff(85)	1
1	head(98) immediate reset paletteB delay(xx) eff(85) timer(xx)	head(9B) delay(xx) reset eff(color rotation) D0(xx,xx) colB(02) colL(02) delay(xx) eff(85)	1
1	head(95) op(0X44) op(0X1B) op(0X97) op(0X0A) op(0X00) op(0X11)	head(95) op(0X44) op(0X1A) op(0X97) op(0X0A) op(0X00) op(0X11)	1
1	head(95) op(0X44) op(0X1A) op(0X97) op(0X0A) op(0X00) op(0X11)	head(95) op(0X44) op(0X19) op(0X97) op(0X0A) op(0X00) op(0X11)	1
1	head(95) op(0X44) op(0X19) op(0X97) op(0X0A) op(0X00) op(0X11)	head(95) op(0X44) op(0X18) op(0X97) op(0X0A) op(0X00) op(0X11)	1
1	head(95) op(0X44) op(0X18) op(0X97) op(0X0A) op(0X00) op(0X11)	head(95) op(0X44) op(0X17) op(0X97) op(0X0A) op(0X00) op(0X11)	1
1	head(95) op(0X44) op(0X16) op(0X97) op(0X0A) op(0X00) op(0X11)	head(95) op(0X44) op(0X14) op(0X97) op(0X0A) op(0X00) op(0X11)	1
1	head(95) op(0X44) op(0X14) op(0X97) op(0X0A) op(0X00) op(0X11)	head(95) op(0X44) op(0X15) op(0X97) op(0X0A) op(0X00) op(0X11)	1
1	head(95) op(0X44) op(0X15) op(0X97) op(0X0A) op(0X00) op(0X11)	head(95) op(0X44) op(0X12) op(0X97) op(0X0A) op(0X00) op(0X11)	1
1	head(95) op(0X44) op(0X12) op(0X97) op(0X0A) op(0X00) op(0X11)	head(95) op(0X44) op(0X13) op(0X97) op(0X0A) op(0X00) op(0X11)	1
1	head(95) op(0X44) op(0X13) op(0X97) op(0X0A) op(0X00) op(0X11)	head(94) delay(xx) op(0X97) op(0X0A) op(0X00) op(0X11)	1
1	head(95) op(0X44) op(0X11) op(0X97) op(0X0A) op(0X00) op(0X11)	head(94) delay(xx) op(0X97) op(0X0A) op(0X00) op(0X11)	1
1	head(94) delay(xx) op(0X97) op(0X0A) op(0X00) op(0X11)	head(9C) op(0X44) op(0X1B) op(0X09) op(0X00) op(0X10) op(0X15) op(0X88) op(0X95) delay(xx) op(0X07) op(0X00) op(0X11) op(0X01)	1
1	head(9C) op(0X44) op(0X1B) op(0X09) op(0X00) op(0X10) op(0X15) op(0X88) op(0X95) delay(xx) op(0X07) op(0X00) op(0X11) op(0X01)	head(9C) op(0X44) op(0X1A) op(0X09) op(0X00) op(0X10) op(0X15) op(0X88) op(0X95) delay(xx) op(0X07) op(0X00) op(0X11) op(0X01)	1
1	head(9C) op(0X44) op(0X1A) op(0X09) op(0X00) op(0X10) op(0X15) op(0X88) op(0X95) delay(xx) op(0X07) op(0X00) op(0X11) op(0X01)	head(9C) op(0X44) op(0X18) op(0X09) op(0X00) op(0X10) op(0X15) op(0X88) op(0X95) delay(xx) op(0X07) op(0X00) op(0X11) op(0X01)	1
1	head(9C) op(0X44) op(0X18) op(0X09) op(0X00) op(0X10) op(0X15) op(0X88) op(0X95) delay(xx) op(0X07) op(0X00) op(0X11) op(0X01)	head(9C) op(0X44) op(0X19) op(0X09) op(0X00) op(0X10) op(0X15) op(0X88) op(0X95) delay(xx) op(0X07) op(0X00) op(0X11) op(0X01)	1
1	head(9C) op(0X44) op(0X19) op(0X09) op(0X00) op(0X10) op(0X15) op(0X88) op(0X95) delay(xx) op(0X07) op(0X00) op(0X11) op(0X01)	head(9C) op(0X44) op(0X14) op(0X09) op(0X00) op(0X10) op(0X15) op(0X88) op(0X95) delay(xx) op(0X07) op(0X00) op(0X11) op(0X01)	1
1	head(9C) op(0X44) op(0X14) op(0X09) op(0X00) op(0X10) op(0X15) op(0X88) op(0X95) delay(xx) op(0X07) op(0X00) op(0X11) op(0X01)	head(9C) op(0X44) op(0X15) op(0X09) op(0X00) op(0X10) op(0X15) op(0X88) op(0X95) delay(xx) op(0X07) op(0X00) op(0X11) op(0X01)	1
1	head(9C) op(0X44) op(0X15) op(0X09) op(0X00) op(0X10) op(0X15) op(0X88) op(0X95) delay(xx) op(0X07) op(0X00) op(0X11) op(0X01)	head(9C) op(0X44) op(0X16) op(0X09) op(0X00) op(0X10) op(0X15) op(0X88) op(0X95) delay(xx) op(0X07) op(0X00) op(0X11) op(0X01)	1
1	head(9C) op(0X44) op(0X16) op(0X09) op(0X00) op(0X10) op(0X15) op(0X88) op(0X95) delay(xx) op(0X07) op(0X00) op(0X11) op(0X01)	head(9C) op(0X44) op(0X17) op(0X09) op(0X00) op(0X10) op(0X15) op(0X88) op(0X95) delay(xx) op(0X07) op(0X00) op(0X11) op(0X01)	1
1	head(9C) op(0X44) op(0X17) op(0X09) op(0X00) op(0X10) op(0X15) op(0X88) op(0X95) delay(xx) op(0X07) op(0X00) op(0X11) op(0X01)	head(9C) op(0X44) op(0X10) op(0X09) op(0X00) op(0X10) op(0X15) op(0X88) op(0X95) delay(xx) op(0X07) op(0X00) op(0X11) op(0X01)	1
1	head(9C) op(0X44) op(0X10) op(0X09) op(0X00) op(0X10) op(0X15) op(0X88) op(0X95) delay(xx) op(0X07) op(0X00) op(0X11) op(0X01)	head(9C) op(0X44) op(0X11) op(0X09) op(0X00) op(0X10) op(0X15) op(0X88) op(0X95) delay(xx) op(0X07) op(0X00) op(0X11) op(0X01)	1
1	head(9C) op(0X44) op(0X11) op(0X09) op(0X00) op(0X10) op(0X15) op(0X88) op(0X95) delay(xx) op(0X07) op(0X00) op(0X11) op(0X01)	head(9C) op(0X44) op(0X12) op(0X09) op(0X00) op(0X10) op(0X15) op(0X88) op(0X95) delay(xx) op(0X07) op(0X00) op(0X11) op(0X01)	1
1	head(9C) op(0X44) op(0X12) op(0X09) op(0X00) op(0X10) op(0X15) op(0X88) op(0X95) delay(xx) op(0X07) op(0X00) op(0X11) op(0X01)	head(9C) op(0X44) op(0X13) op(0X09) op(0X00) op(0X10) op(0X15) op(0X88) op(0X95) delay(xx) op(0X07) op(0X00) op(0X11) op(0X01)	1
1	head(9C) op(0X44) op(0X13) op(0X09) op(0X00) op(0X10) op(0X15) op(0X88) op(0X95) delay(xx) op(0X07) op(0X00) op(0X11) op(0X01)	head(9B) delay(xx) op(0X09) op(0X00) op(0X10) op(0X15) op(0X88) op(0X95) delay(xx) op(0X07) op(0X00) op(0X11) op(0X01)	1
1	head(9B) delay(xx) op(0X09) op(0X00) op(0X10) op(0X15) op(0X88) op(0X95) delay(xx) op(0X07) op(0X00) op(0X11) op(0X01)	head(9B) immediate op(0X09) op(0X00) op(0X10) op(0X15) op(0X88) op(0X95) delay(xx) op(0X07) op(0X00) op(0X11) op(0X01)	1
1	head(9B) immediate op(0X09) op(0X00) op(0X10) op(0X15) op(0X88) op(0X95) delay(xx) op(0X07) op(0X00) op(0X11) op(0X01)	head(9B) delay(xx) op(0X09) op(0X00) op(0X10) op(0X15) op(0X88) op(0X95) delay(xx) op(0X07) op(0X00) op(0X11) op(0X01)	1
1	head(9B) delay(xx) reset eff(color rotation) D0(xx,xx) colB(06) colL(06) delay(xx) eff(85)	head(9B) immediate reset eff(color rotation) D0(xx,xx) colB(06) colL(06) delay(xx) eff(85)	1
1	head(9C) delay(xx) reset colB(02) delay(xx) colB(04) delay(xx) paletteB delay(xx) eff(85) timer(xx)	head(9C) immediate reset colB(02) delay(xx) colB(04) delay(xx) paletteB delay(xx) eff(85) timer(xx)	1
1	head(91) delay(xx) reset	head(9E) immediate reset colB(07) colL(07) ?fractional period (0x01,0x08,0x55, period=50.0s) eff(color sequence 0x8b) timer(xx) eff(color sequence) op(0X0D)	1
1	head(9E) immediate reset colB(07) colL(07) ?fractional period (0x01,0x08,0x55, period=50.0s) eff(color sequence 0x8b) timer(xx) eff(color sequence) op(0X0D)	head(91) delay(xx) reset	1
1	head(91) op(0X96) reset	head(96) delay(xx) reset op(0X29) op(0X03) op(0X15) op(0X0D) op(0X19)	1
1	head(9B) delay(xx) reset D1(xx,xx,xx) eff(hard color transitions) D0(xx,xx) op(0X72)	head(9C) op(0X44) op(0X10) reset D1(xx,xx,xx) eff(hard color transitions) D0(xx,xx) op(0X72)	1
1	head(9C) op(0X44) op(0X10) reset D1(xx,xx,xx) eff(hard color transitions) D0(xx,xx) op(0X72)	head(9C) op(0X44) op(0X11) reset D1(xx,xx,xx) eff(hard color transitions) D0(xx,xx) op(0X72)	1
1	head(9C) op(0X44) op(0X11) reset D1(xx,xx,xx) eff(hard color transitions) D0(xx,xx) op(0X72)	head(9C) op(0X44) op(0X12) reset D1(xx,xx,xx) eff(hard color transitions) D0(xx,xx) op(0X72)	1
1	head(9C) op(0X44) op(0X12) reset D1(xx,xx,xx) eff(hard color transitions) D0(xx,xx) op(0X72)	head(9B) delay(xx) reset D1(xx,xx,xx) eff(hard color transitions) D0(xx,xx) op(0X72)	1
1	head(9B) delay(xx) reset D1(xx,xx,xx) eff(hard color transitions) D0(xx,xx) op(0X72)	head(9F) op(0X44) op(0X13) op(0X09) op(0X00) op(0X11) op(0X15) group-pick op(0X95) op(0X02) eff(color sequence 0x87) D1(xx,xx,xx) op(0X72)	1
1	head(9F) op(0X44) op(0X13) op(0X09) op(0X00) op(0X11) op(0X15) group-pick op(0X95) op(0X02) eff(color sequence 0x87) D1(xx,xx,xx) op(0X72)	head(9F) op(0X44) op(0X14) op(0X09) op(0X00) op(0X11) op(0X15) group-pick op(0X95) op(0X02) eff(color sequence 0x87) D1(xx,xx,xx) op(0X72)	1
1	head(9F) op(0X44) op(0X14) op(0X09) op(0X00) op(0X11) op(0X15) group-pick op(0X95) op(0X02) eff(color sequence 0x87) D1(xx,xx,xx) op(0X72)	head(9F) op(0X44) op(0X10) op(0X09) op(0X00) op(0X11) op(0X15) group-pick op(0X95) op(0X02) eff(color sequence 0x87) D1(xx,xx,xx) op(0X72)	1
1	head(9F) op(0X44) op(0X10) op(0X09) op(0X00) op(0X11) op(0X15) group-pick op(0X95) op(0X02) eff(color sequence 0x87) D1(xx,xx,xx) op(0X72)	head(9F) op(0X44) op(0X11) op(0X09) op(0X00) op(0X11) op(0X15) group-pick op(0X95) op(0X02) eff(color sequence 0x87) D1(xx,xx,xx) op(0X72)	1
1	head(9F) op(0X44) op(0X11) op(0X09) op(0X00) op(0X11) op(0X15) group-pick op(0X95) op(0X02) eff(color sequence 0x87) D1(xx,xx,xx) op(0X72)	head(9F) op(0X44) op(0X12) op(0X09) op(0X00) op(0X11) op(0X15) group-pick op(0X95) op(0X02) eff(color sequence 0x87) D1(xx,xx,xx) op(0X72)	1
1	head(9F) op(0X44) op(0X12) op(0X09) op(0X00) op(0X11) op(0X15) group-pick op(0X95) op(0X02) eff(color sequence 0x87) D1(xx,xx,xx) op(0X72)	head(9E) delay(xx) op(0X09) op(0X00) op(0X11) op(0X15) group-pick op(0X95) op(0X02) eff(color sequence 0x87) D1(xx,xx,xx) op(0X72)	1
1	head(96) op(0X44) op(0X14) op(0X97) op(0X71) D0(xx,xx)	head(96) op(0X44) op(0X13) op(0X97) op(0X71) D0(xx,xx)	1
1	head(96) op(0X44) op(0X13) op(0X97) op(0X71) D0(xx,xx)	head(96) op(0X44) op(0X12) op(0X97) op(0X71) D0(xx,xx)	1
1	head(96) op(0X44) op(0X12) op(0X97) op(0X71) D0(xx,xx)	head(96) op(0X44) op(0X10) op(0X97) op(0X71) D0(xx,xx)	1
1	head(96) op(0X44) op(0X10) op(0X97) op(0X71) D0(xx,xx)	head(96) op(0X44) op(0X11) op(0X97) op(0X71) D0(xx,xx)	1
1	head(96) op(0X44) op(0X11) op(0X97) op(0X71) D0(xx,xx)	head(95) delay(xx) op(0X97) op(0X71) D0(xx,xx)	1
0	head(93) op(0X9B) D0(xx,xx)	head(93) op(0X9D) op(0X06) op(0X2C) op(0X80)	1
0	head(93) op(0X9D) op(0X06) op(0X2C) op(0X80)	head(94) delay(xx) eff(85) timer(xx)	1
1	head(9B) delay(xx) reset D2(xx,xx,xx,xx) op(0X02) immediate colB(06) op(0X00) op(0X00)	head(98) delay(xx) reset paletteB op(0X72) D1(xx,xx,xx)	1
1	head(98) delay(xx) reset paletteB op(0X72) D1(xx,xx,xx)	head(9B) immediate reset D2(xx,xx,xx,xx) op(0X02) immediate colB(06) op(0X00) op(0X00)	1
1	head(9B) immediate reset D2(xx,xx,xx,xx) op(0X02) immediate colB(06) op(0X00) op(0X00)	head(98) delay(xx) reset paletteB op(0X72) D1(xx,xx,xx)	1
1	head(98) delay(xx) reset paletteB op(0X72) D1(xx,xx,xx)	head(98) immediate reset paletteB op(0X72) D1(xx,xx,xx)	1
1	head(98) immediate reset paletteB op(0X72) D1(xx,xx,xx)	head(98) delay(xx) reset paletteB op(0X72) D1(xx,xx,xx)	1
1	head(98) delay(xx) reset paletteB op(0X72) D1(xx,xx,xx)	head(9B) delay(xx) ?group range bound 0xd0 op(0X39) op(0X17) op(0X46) group-pick op(0XEC) delay(xx) op(0X71) delay(xx) reset	1
1	head(9B) delay(xx) ?group range bound 0xd0 op(0X39) op(0X17) op(0X46) group-pick op(0XEC) delay(xx) op(0X71) delay(xx) reset	head(9B) immediate ?group range bound 0xd0 op(0X39) op(0X17) op(0X46) group-pick op(0XEC) delay(xx) op(0X71) delay(xx) reset	1
1	head(9B) immediate ?group range bound 0xd0 op(0X39) op(0X17) op(0X46) group-pick op(0XEC) delay(xx) op(0X71) delay(xx) reset	head(9B) delay(xx) ?group range bound 0xd0 op(0X39) op(0X17) op(0X46) group-pick op(0XEC) delay(xx) op(0X71) delay(xx) reset	1
1	head(9C) delay(xx) group-pick op(0X00) op(0X83) op(0X19) colB(01) D0(xx,xx) eff(86) timer(xx)	head(9C) delay(xx) group-pick op(0X00) op(0X83) op(0X19) colB(01) D0(xx,xx) eff(86) timer(xx)	1
1	head(9C) delay(xx) group-pick op(0X00) op(0X83) op(0X19) colB(01) D0(xx,xx) eff(86) timer(xx)	head(9C) immediate group-pick op(0X00) op(0X83) op(0X19) colB(01) D0(xx,xx) eff(86) timer(xx)	1
1	head(97) delay(xx) group-pick op(0X19) op(0X83) delay(xx) reset paletteB	head(97) immediate group-pick op(0X19) op(0X83) delay(xx) reset paletteB	1
1	head(97) immediate group-pick op(0X19) op(0X83) delay(xx) reset paletteB	head(97) delay(xx) group-pick op(0X19) op(0X83) delay(xx) reset paletteB	1
1	head(97) delay(xx) group-pick op(0X19) op(0X83) delay(xx) reset paletteB	head(94) immediate eff(85) timer(xx)	1
1	head(91) immediate reset	head(99) delay(xx) reset D0(xx,xx) op(0X46) group-pick op(0XEC) op(0XAA) colB(01)	1
1	head(99) delay(xx) reset D0(xx,xx) op(0X46) group-pick op(0XEC) op(0XAA) colB(01)	head(99) immediate reset D0(xx,xx) op(0X46) group-pick op(0XEC) op(0XAA) colB(01)	1
1	head(99) immediate reset D0(xx,xx) op(0X46) group-pick op(0XEC) op(0XAA) colB(01)	head(99) delay(xx) reset D0(xx,xx) op(0X46) group-pick op(0XEC) op(0XAA) colB(01)	1
1	head(9F) delay(xx) paletteL colB(01) ?group range bound 0xd1 op(0X10) op(0X04) op(0X04) D0(xx,xx) D1(xx,xx,xx)	head(97) delay(xx) reset colB(07) delay(xx) eff(85) timer(xx)	1
1	head(9F) delay(xx) group-close colB(01) colL(01) timer(xx) eff(04) D1(xx,xx,xx) D0(xx,xx) op(0X72)	head(94) delay(xx) eff(86) timer(xx)	1
1	head(94) delay(xx) eff(86) timer(xx)	head(94) immediate eff(86) timer(xx)	1
1	head(94) immediate eff(86) timer(xx)	head(94) delay(xx) eff(86) timer(xx)	1
1	head(9C) delay(xx) eff(85) timer(xx) D2(xx,xx,xx,xx) op(0X02) immediate colB(06)	head(91) op(0X98) reset	1
1	head(9E) delay(xx) reset colB(04) colL(07) timer(xx) eff(04) D0(xx,xx) D0(xx,xx) op(0X72)	head(99) delay(xx) D0(xx,xx) ?group range bound 0x46 group-pick op(0XEC) op(0XAA) op(0X71)	1
1	head(99) delay(xx) D0(xx,xx) ?group range bound 0x46 group-pick op(0XEC) op(0XAA) op(0X71)	head(99) immediate D0(xx,xx) ?group range bound 0x46 group-pick op(0XEC) op(0XAA) op(0X71)	1
1	head(99) immediate D0(xx,xx) ?group range bound 0x46 group-pick op(0XEC) op(0XAA) op(0X71)	head(99) delay(xx) D0(xx,xx) ?group range bound 0x46 group-pick op(0XEC) op(0XAA) op(0X71)	1
1	head(99) delay(xx) D0(xx,xx) ?group range bound 0x46 group-pick op(0XEC) op(0XAA) op(0X71)	head(9E) delay(xx) reset op(0X29) op(0X02) op(0X15) op(0X1C) eff(09) D0(xx,xx) op(0X0D) D0(xx,xx)	1
1	head(9E) delay(xx) reset op(0X29) op(0X02) op(0X15) op(0X1C) eff(09) D0(xx,xx) op(0X0D) D0(xx,xx)	head(9E) immediate reset op(0X29) op(0X02) op(0X15) op(0X1C) eff(09) D0(xx,xx) op(0X0D) D0(xx,xx)	1
1	head(9E) immediate reset op(0X29) op(0X02) op(0X15) op(0X1C) eff(09) D0(xx,xx) op(0X0D) D0(xx,xx)	head(9F) delay(xx) reset op(0X29) op(0X12) op(0X1C) op(0X08) eff(05) D1(xx,xx,xx) D0(xx,xx) op(0X0D)	1
1	head(9F) delay(xx) reset op(0X29) op(0X12) op(0X1C) op(0X08) eff(05) D1(xx,xx,xx) D0(xx,xx) op(0X0D)	head(94) delay(xx) eff(85) delay(xx) reset	1
1	head(94) delay(xx) eff(85) delay(xx) reset	head(9F) immediate reset op(0X29) op(0X12) op(0X1C) op(0X08) eff(05) D1(xx,xx,xx) D0(xx,xx) op(0X0D)	1
1	head(9F) immediate reset op(0X29) op(0X12) op(0X1C) op(0X08) eff(05) D1(xx,xx,xx) D0(xx,xx) op(0X0D)	head(94) delay(xx) eff(85) delay(xx) reset	1
1	head(94) immediate eff(85) delay(xx) reset	head(94) delay(xx) eff(85) delay(xx) reset	1
1	head(9B) immediate reset D0(xx,xx) op(0X46) group-pick op(0XEC) op(0XAA) colB(07) delay(xx) reset	head(9B) delay(xx) reset D0(xx,xx) op(0X46) group-pick op(0XEC) op(0XAB) colB(07) delay(xx) reset	1
1	head(9B) delay(xx) reset D0(xx,xx) op(0X46) group-pick op(0XEC) op(0XAB) colB(07) delay(xx) reset	head(9B) immediate reset D0(xx,xx) op(0X46) group-pick op(0XEC) op(0XAB) colB(07) delay(xx) reset	1
1	head(9A) delay(xx) reset D0(xx,xx) D0(xx,xx) D0(xx,xx)	head(9A) immediate reset D0(xx,xx) D0(xx,xx) D0(xx,xx)	1
1	head(9A) immediate reset D0(xx,xx) D0(xx,xx) D0(xx,xx)	head(9A) delay(xx) reset D0(xx,xx) D0(xx,xx) D0(xx,xx)	1
1	head(9A) delay(xx) reset D0(xx,xx) D0(xx,xx) D0(xx,xx)	head(9A) delay(xx) ?group range bound 0xd0 op(0X39) op(0X32) op(0X46) group-pick op(0XEC) op(0XAB) colB(01) op(0X0D)	1
1	head(97) delay(xx) reset reset reset colL(04) delay(xx) eff(85)	head(97) immediate reset reset reset colL(04) delay(xx) eff(85)	1
1	head(97) immediate reset reset reset colL(04) delay(xx) eff(85)	head(97) delay(xx) reset reset reset colL(04) delay(xx) eff(85)	1
1	head(97) delay(xx) reset reset reset colL(04) delay(xx) eff(85)	head(98) delay(xx) reset reset reset colB(02) ?left ear off delay(xx) eff(85)	1
1	head(98) delay(xx) reset reset reset colB(02) ?left ear off delay(xx) eff(85)	head(98) delay(xx) reset reset reset colB(02) ?left ear off delay(xx) eff(85)	1
1	head(98) delay(xx) reset reset reset colB(02) ?left ear off delay(xx) eff(85)	head(98) immediate reset reset reset colB(02) ?left ear off delay(xx) eff(85)	1
1	head(98) immediate reset reset reset colB(02) ?left ear off delay(xx) eff(85)	head(98) delay(xx) reset reset reset colB(04) ?left ear off delay(xx) eff(85)	1
1	head(98) delay(xx) reset reset reset colB(04) ?left ear off delay(xx) eff(85)	head(97) delay(xx) reset reset reset colL(02) delay(xx) eff(85)	1
1	head(97) delay(xx) reset reset reset colL(02) delay(xx) eff(85)	head(98) immediate reset reset reset colB(04) ?left ear off delay(xx) eff(85)	1
1	head(98) immediate reset reset reset colB(04) ?left ear off delay(xx) eff(85)	head(97) immediate reset reset reset colL(02) delay(xx) eff(85)	1
1	head(97) immediate reset reset reset colL(02) delay(xx) eff(85)	head(97) delay(xx) reset reset reset colL(02) delay(xx) eff(85)	1
1	head(97) delay(xx) reset reset reset colL(02) delay(xx) eff(85)	head(98) delay(xx) reset D1(xx,xx,xx) D0(xx,xx)	1
1	head(98) delay(xx) reset D1(xx,xx,xx) D0(xx,xx)	head(98) immediate reset D1(xx,xx,xx) D0(xx,xx)	1
1	head(98) immediate reset D1(xx,xx,xx) D0(xx,xx)	head(98) delay(xx) reset D1(xx,xx,xx) D0(xx,xx)	1
1	head(98) delay(xx) reset D1(xx,xx,xx) D0(xx,xx)	head(9D) delay(xx) ?group range bound 0x29 op(0X02) op(0X13) op(0X08) eff(hard color transitions) D0(xx,xx) D0(xx,xx)	1
1	head(9D) immediate ?group range bound 0x29 op(0X02) op(0X13) op(0X08) eff(hard color transitions) D0(xx,xx) D0(xx,xx)	head(9D) delay(xx) ?group range bound 0x29 op(0X02) op(0X13) op(0X08) eff(hard color transitions) D0(xx,xx) D0(xx,xx)	1
1	head(96) delay(xx) reset colB(02) group-pick op(0XAC) op(0X32) colB(04)	head(96) immediate reset colB(02) group-pick op(0XAC) op(0X32) colB(04)	1
1	head(96) immediate reset colB(02) group-pick op(0XAC) op(0X32) colB(04)	head(96) delay(xx) reset colB(02) group-pick op(0XAC) op(0X32) colB(04)	1
1	head(96) delay(xx) reset colB(04) group-pick op(0XAC) op(0X32) colB(02)	head(94) delay(xx) eff(85) timer(xx)	1
1	head(94) delay(xx) eff(85) timer(xx)	head(9D) delay(xx) reset op(0X29) op(0X04) op(0X1D) op(0X1D) op(0X1D) op(0X1D) eff(crossfading transitions) D0(xx,xx) op(0X72)	1
1	head(9D) delay(xx) reset op(0X29) op(0X04) op(0X1D) op(0X1D) op(0X1D) op(0X1D) eff(crossfading transitions) D0(xx,xx) op(0X72)	head(9D) immediate reset op(0X29) op(0X04) op(0X1D) op(0X1D) op(0X1D) op(0X1D) eff(crossfading transitions) D0(xx,xx) op(0X72)	1
1	head(9D) immediate reset op(0X29) op(0X04) op(0X1D) op(0X1D) op(0X1D) op(0X1D) eff(crossfading transitions) D0(xx,xx) op(0X72)	head(9C) delay(xx) group-pick op(0X00) op(0X83) ?clock tick 0xa0 D0(xx,xx) D0(xx,xx) op(0X71)	1
1	head(9C) delay(xx) group-pick op(0X00) op(0X83) ?clock tick 0xa0 D0(xx,xx) D0(xx,xx) op(0X71)	head(9C) immediate group-pick op(0X00) op(0X83) ?clock tick 0xa0 D0(xx,xx) D0(xx,xx) op(0X71)	1
1	head(9C) immediate group-pick op(0X00) op(0X83) ?clock tick 0xa0 D0(xx,xx) D0(xx,xx) op(0X71)	head(9C) delay(xx) group-pick ?clock tick 0x83 op(0X19) ?group range bound 0xd0 stop op(0X13) D0(xx,xx) op(0X71)	1
1	head(9C) delay(xx) group-pick ?clock tick 0x83 op(0X19) ?group range bound 0xd0 stop op(0X13) D0(xx,xx) op(0X71)	head(9C) immediate group-pick ?clock tick 0x83 op(0X19) ?group range bound 0xd0 stop op(0X13) D0(xx,xx) op(0X71)	1
1	head(9C) immediate group-pick ?clock tick 0x83 op(0X19) ?group range bound 0xd0 stop op(0X13) D0(xx,xx) op(0X71)	head(9C) delay(xx) group-pick op(0X19) op(0X83) stop ?group range bound 0xd0 stop op(0X12) D0(xx,xx) op(0X71)	1
1	head(9C) delay(xx) group-pick op(0X19) op(0X83) stop ?group range bound 0xd0 stop op(0X12) D0(xx,xx) op(0X71)	head(9C) immediate group-pick op(0X19) op(0X83) stop ?group range bound 0xd0 stop op(0X12) D0(xx,xx) op(0X71)	1
1	head(9C) immediate group-pick op(0X19) op(0X83) stop ?group range bound 0xd0 stop op(0X12) D0(xx,xx) op(0X71)	head(9C) delay(xx) group-pick stop op(0X83) op(0X32) ?group range bound 0xd0 stop op(0X19) D0(xx,xx) op(0X71)	1
1	head(9C) delay(xx) group-pick stop op(0X83) op(0X32) ?group range bound 0xd0 stop op(0X19) D0(xx,xx) op(0X71)	head(9C) immediate group-pick stop op(0X83) op(0X32) ?group range bound 0xd0 stop op(0X19) D0(xx,xx) op(0X71)	1
1	head(9C) immediate group-pick stop op(0X83) op(0X32) ?group range bound 0xd0 stop op(0X19) D0(xx,xx) op(0X71)	head(9C) delay(xx) group-pick op(0X32) op(0X83) op(0X3E) ?group range bound 0xd0 stop op(0X04) D0(xx,xx) op(0X71)	1
1	head(9C) delay(xx) group-pick op(0X32) op(0X83) op(0X3E) ?group range bound 0xd0 stop op(0X04) D0(xx,xx) op(0X71)	head(9C) immediate group-pick op(0X32) op(0X83) op(0X3E) ?group range bound 0xd0 stop op(0X04) D0(xx,xx) op(0X71)	1
1	head(9D) delay(xx) ?group range bound 0x72 D0(xx,xx) D0(xx,xx) op(0X46) group-pick op(0XEC) op(0XAA) op(0X71)	head(9D) immediate ?group range bound 0x72 D0(xx,xx) D0(xx,xx) op(0X46) group-pick op(0XEC) op(0XAA) op(0X71)	1
1	head(9E) delay(xx) op(0X29) op(0X14) op(0X15) op(0X12) op(0X19) op(0X04) eff(hard color transitions) D0(xx,xx) D0(xx,xx)	head(9E) immediate op(0X29) op(0X14) op(0X15) op(0X12) op(0X19) op(0X04) eff(hard color transitions) D0(xx,xx) D0(xx,xx)	1
1	head(9E) immediate op(0X29) op(0X14) op(0X15) op(0X12) op(0X19) op(0X04) eff(hard color transitions) D0(xx,xx) D0(xx,xx)	head(98) delay(xx) D2(xx,xx,xx,xx) op(0X02) immediate colB(06)	1
1	head(98) immediate D2(xx,xx,xx,xx) op(0X02) immediate colB(06)	head(9B) delay(xx) reset colB(01) colL(07) timer(xx) eff(04) D1(xx,xx,xx)	1
1	head(99) delay(xx) reset group-pick op(0X00) op(0X83) ?clock tick 0x61 delay(xx) eff(85)	head(99) delay(xx) reset group-pick op(0X00) op(0X83) ?clock tick 0x61 delay(xx) eff(85)	1
1	head(99) delay(xx) reset group-pick op(0X00) op(0X83) ?clock tick 0x61 delay(xx) eff(85)	head(99) immediate reset group-pick op(0X00) op(0X83) ?clock tick 0x61 delay(xx) eff(85)	1
1	head(99) immediate reset group-pick ?clock tick 0x83 op(0X19) colB(07) delay(xx) eff(85)	head(99) delay(xx) reset group-pick ?clock tick 0x83 op(0X19) colB(07) delay(xx) eff(85)	1
1	head(99) delay(xx) reset group-pick op(0X19) op(0X83) stop colB(01) delay(xx) eff(85)	head(99) delay(xx) reset group-pick op(0X19) op(0X83) stop colB(01) delay(xx) eff(85)	1
1	head(99) delay(xx) reset group-pick op(0X19) op(0X83) stop colB(01) delay(xx) eff(85)	head(99) immediate reset group-pick op(0X19) op(0X83) stop colB(01) delay(xx) eff(85)	1
1	head(99) immediate reset group-pick op(0X19) op(0X83) stop colB(01) delay(xx) eff(85)	head(99) delay(xx) reset group-pick stop op(0X83) op(0X32) colB(07) delay(xx) eff(85)	1
1	head(99) delay(xx) reset group-pick stop op(0X83) op(0X32) colB(07) delay(xx) eff(85)	head(99) delay(xx) reset group-pick stop op(0X83) op(0X32) colB(07) delay(xx) eff(85)	1
1	head(99) immediate reset group-pick stop op(0X83) op(0X32) colB(07) delay(xx) eff(85)	head(99) delay(xx) reset group-pick op(0X32) op(0X83) op(0X3E) colB(01) delay(xx) eff(85)	1
1	head(99) delay(xx) reset group-pick op(0X32) op(0X83) op(0X3E) colB(01) delay(xx) eff(85)	head(99) delay(xx) reset group-pick op(0X32) op(0X83) op(0X3E) colB(01) delay(xx) eff(85)	1
1	head(99) delay(xx) reset group-pick op(0X32) op(0X83) op(0X3E) colB(01) delay(xx) eff(85)	head(99) immediate reset group-pick op(0X32) op(0X83) op(0X3E) colB(01) delay(xx) eff(85)	1
1	head(99) delay(xx) reset group-pick ?clock tick 0x83 op(0X19) colB(07) delay(xx) eff(85)	head(99) delay(xx) reset group-pick ?clock tick 0x83 op(0X19) colB(07) delay(xx) eff(85)	1
1	head(99) immediate reset group-pick ?clock tick 0x83 op(0X19) colB(07) delay(xx) eff(85)	head(9F) delay(xx) reset D2(xx,xx,xx,xx) eff(hard color transitions) D0(xx,xx) op(0X72) D0(xx,xx)	1
1	head(9F) delay(xx) reset D2(xx,xx,xx,xx) eff(hard color transitions) D0(xx,xx) op(0X72) D0(xx,xx)	head(9F) immediate reset D2(xx,xx,xx,xx) eff(hard color transitions) D0(xx,xx) op(0X72) D0(xx,xx)	1
1	head(9F) immediate reset D2(xx,xx,xx,xx) eff(hard color transitions) D0(xx,xx) op(0X72) D0(xx,xx)	head(9F) delay(xx) reset D2(xx,xx,xx,xx) eff(hard color transitions) D0(xx,xx) op(0X72) D0(xx,xx)	1
1	head(9F) delay(xx) reset D2(xx,xx,xx,xx) eff(hard color transitions) D0(xx,xx) op(0X72) D0(xx,xx)	head(99) immediate ?group range bound 0xd0 op(0X39) op(0X0A) op(0X46) group-pick op(0XEC) op(0XAA) op(0X71)	1
1	head(99) immediate ?group range bound 0xd0 op(0X39) op(0X0A) op(0X46) group-pick op(0XEC) op(0XAA) op(0X71)	head(99) delay(xx) ?group range bound 0xd0 op(0X39) op(0X0A) op(0X46) group-pick op(0XEC) op(0XAA) op(0X71)	1
1	head(99) delay(xx) ?group range bound 0xd0 op(0X39) op(0X0A) op(0X46) group-pick op(0XEC) op(0XAA) op(0X71)	head(96) delay(xx) reset colB(01) colL(07) delay(xx) eff(85)	1
1	head(96) delay(xx) reset colB(01) colL(07) delay(xx) eff(85)	head(96) immediate reset colB(01) colL(07) delay(xx) eff(85)	1
1	head(96) immediate reset colB(01) colL(07) delay(xx) eff(85)	head(96) delay(xx) reset colB(01) colL(07) delay(xx) eff(85)	1
1	head(96) delay(xx) reset colB(01) colL(07) delay(xx) eff(85)	head(9D) delay(xx) op(0X29) op(0X03) op(0X15) op(0X13) op(0X12) group-pick op(0X00) immediate op(0X29) op(0X03) op(0X15) op(0X19) op(0X04)	1
1	head(9D) delay(xx) op(0X29) op(0X03) op(0X15) op(0X13) op(0X12) group-pick op(0X00) immediate op(0X29) op(0X03) op(0X15) op(0X19) op(0X04)	head(9C) delay(xx) reset eff(hard color transitions) D0(xx,xx) D0(xx,xx) delay(xx) eff(85)	1
1	head(9C) delay(xx) reset eff(hard color transitions) D0(xx,xx) D0(xx,xx) delay(xx) eff(85)	head(98) delay(xx) D2(xx,xx,xx,xx) op(0X02) immediate colB(06)	1
1	head(98) immediate D2(xx,xx,xx,xx) op(0X02) immediate colB(06)	head(9C) delay(xx) reset eff(hard color transitions) D0(xx,xx) D0(xx,xx) delay(xx) eff(85)	1
1	head(9C) delay(xx) reset eff(hard color transitions) D0(xx,xx) D0(xx,xx) delay(xx) eff(85)	head(95) delay(xx) op(0X29) op(0X13) op(0X08) op(0X13) op(0X0D)	1
1	head(95) delay(xx) op(0X29) op(0X13) op(0X08) op(0X13) op(0X0D)	head(95) immediate op(0X29) op(0X13) op(0X08) op(0X13) op(0X0D)	1
1	head(95) immediate op(0X29) op(0X13) op(0X08) op(0X13) op(0X0D)	head(9C) delay(xx) reset eff(hard color transitions) D0(xx,xx) D0(xx,xx) delay(xx) eff(85)	1
1	head(9F) delay(xx) group-pick op(0X83) stop reset eff(crossfading transitions) D0(xx,xx) D0(xx,xx) D0(xx,xx)	head(9F) immediate group-pick op(0X83) stop reset eff(crossfading transitions) D0(xx,xx) D0(xx,xx) D0(xx,xx)	1
1	head(9F) immediate group-pick op(0X83) stop reset eff(crossfading transitions) D0(xx,xx) D0(xx,xx) D0(xx,xx)	head(9F) delay(xx) group-pick op(0X83) stop reset eff(crossfading transitions) D0(xx,xx) D0(xx,xx) D0(xx,xx)	1
1	head(99) delay(xx) group-pick group-close op(0X83) op(0X40) reset colB(06) delay(xx) eff(85)	head(99) immediate group-pick group-close op(0X83) op(0X40) reset colB(06) delay(xx) eff(85)	1
1	head(99) immediate group-pick group-close op(0X83) op(0X40) reset colB(06) delay(xx) eff(85)	head(99) delay(xx) group-pick group-close op(0X83) op(0X40) reset colB(06) delay(xx) eff(85)	1
1	head(9E) immediate reset paletteB ?four-arg group-select timer eff(1C) D1(xx,xx,xx)	head(9E) delay(xx) reset paletteB ?four-arg group-select timer eff(1C) D1(xx,xx,xx)	1
1	head(9B) delay(xx) reset colB(07) colL(07) op(0X72) D1(xx,xx,xx) D0(xx,xx)	head(9B) immediate reset colB(07) colL(07) op(0X72) D1(xx,xx,xx) D0(xx,xx)	1
1	head(9B) immediate reset colB(07) colL(07) op(0X72) D1(xx,xx,xx) D0(xx,xx)	head(9B) delay(xx) reset colB(07) colL(07) op(0X72) D1(xx,xx,xx) D0(xx,xx)	1
1	head(9C) delay(xx) ?group range bound 0x58 ?F0 pulse-effect modifier eff(04) ?four-arg group-select timer eff(1C)	head(9C) immediate ?group range bound 0x58 ?F0 pulse-effect modifier eff(04) ?four-arg group-select timer eff(1C)	1
1	head(9C) immediate ?group range bound 0x58 ?F0 pulse-effect modifier eff(04) ?four-arg group-select timer eff(1C)	head(9A) delay(xx) op(0X00) op(0X00) D2(xx,xx,xx,xx) op(0X02) immediate colB(06)	1
1	head(9A) delay(xx) op(0X00) op(0X00) D2(xx,xx,xx,xx) op(0X02) immediate colB(06)	head(9F) delay(xx) op(0X29) op(0X04) op(0X04) op(0X1D) op(0X04) op(0X1D) group-pick op(0X83) op(0X10) op(0X29) op(0X04) op(0X02) op(0X1D) op(0X02) op(0X1D)	1
1	head(96) delay(xx) reset op(0X72) group-pick op(0X83) op(0X1E) op(0X99)	head(96) immediate reset op(0X72) group-pick op(0X83) op(0X1E) op(0X99)	1
1	head(96) immediate reset op(0X72) group-pick op(0X83) op(0X1E) op(0X99)	head(96) delay(xx) reset op(0X72) group-pick op(0X83) op(0X1E) op(0X99)	1
1	head(96) delay(xx) reset op(0X72) group-pick op(0X83) op(0X1E) op(0X99)	head(9D) delay(xx) op(0X99) D0(xx,xx) eff(crossfading transitions) D0(xx,xx) op(0X74) D0(xx,xx)	1
1	head(9D) delay(xx) op(0X99) D0(xx,xx) eff(crossfading transitions) D0(xx,xx) op(0X74) D0(xx,xx)	head(9D) immediate op(0X99) D0(xx,xx) eff(crossfading transitions) D0(xx,xx) op(0X74) D0(xx,xx)	1
1	head(9D) immediate op(0X99) D0(xx,xx) eff(crossfading transitions) D0(xx,xx) op(0X74) D0(xx,xx)	head(9D) delay(xx) op(0X99) D0(xx,xx) eff(crossfading transitions) D0(xx,xx) op(0X74) D0(xx,xx)	1
1	head(9D) delay(xx) op(0X99) D0(xx,xx) eff(crossfading transitions) D0(xx,xx) op(0X74) D0(xx,xx)	head(92) delay(xx) eff(86)	1
1	head(92) delay(xx) eff(86)	head(92) immediate eff(86)	1
1	head(94) immediate eff(85) timer(xx)	head(91) op(0X9B) reset	1
1	head(9A) immediate op(0X00) op(0X00) D2(xx,xx,xx,xx) op(0X02) immediate colB(06)	head(91) op(0X9B) reset	1
1	head(9A) immediate op(0X71) D0(xx,xx) D0(xx,xx) D0(xx,xx)	head(9A) delay(xx) op(0X71) D0(xx,xx) D0(xx,xx) D0(xx,xx)	1
1	head(96) immediate reset op(0X72) group-pick op(0X83) immediate op(0X94)	head(9C) delay(xx) op(0X29) op(0X04) op(0X1C) op(0X1D) op(0X1C) op(0X1D) D0(xx,xx) op(0X02) op(0X1B) op(0X04)	1
1	head(9C) delay(xx) op(0X29) op(0X04) op(0X1C) op(0X1D) op(0X1C) op(0X1D) D0(xx,xx) op(0X02) op(0X1B) op(0X04)	head(9E) delay(xx) op(0X94) eff(crossfading transitions) D0(xx,xx) op(0X74) D0(xx,xx) eff(86) timer(xx)	1
1	head(9E) immediate op(0X94) eff(crossfading transitions) D0(xx,xx) op(0X74) D0(xx,xx) eff(86) timer(xx)	head(9E) delay(xx) op(0X94) eff(crossfading transitions) D0(xx,xx) op(0X74) D0(xx,xx) eff(86) timer(xx)	1
1	head(9A) immediate ?group range bound 0xd0 op(0X39) op(0X04) op(0X46) group-pick op(0XEC) op(0XAA) eff(85)	head(9A) delay(xx) ?group range bound 0xd0 op(0X39) op(0X04) op(0X46) group-pick op(0XEC) op(0XAA) eff(85)	1
1	head(91) immediate reset	head(9A) delay(xx) reset D0(xx,xx) colB(06) delay(xx) eff(85) timer(xx)	1
1	head(9A) immediate reset D0(xx,xx) colB(06) delay(xx) eff(85) timer(xx)	head(9A) delay(xx) reset D0(xx,xx) colB(06) delay(xx) eff(85) timer(xx)	1
1	head(94) delay(xx) op(0X29) op(0X12) op(0X15) op(0X1D)	head(94) delay(xx) op(0X29) op(0X12) op(0X15) op(0X1D)	1
1	head(94) delay(xx) op(0X29) op(0X12) op(0X15) op(0X1D)	head(94) immediate op(0X29) op(0X12) op(0X15) op(0X1D)	1
1	head(92) delay(xx) reset colL(04)	head(92) delay(xx) reset colL(04)	1
1	head(92) delay(xx) reset colL(04)	head(92) immediate reset colL(04)	1
1	head(92) immediate reset colL(04)	head(93) delay(xx) reset colB(02) ?left ear off	1
1	head(93) delay(xx) reset colB(02) ?left ear off	head(93) delay(xx) reset colB(02) ?left ear off	1
1	head(93) delay(xx) reset colB(02) ?left ear off	head(93) immediate reset colB(02) ?left ear off	1
1	head(9D) delay(xx) reset eff(hard color transitions) D0(xx,xx) D0(xx,xx) timer(xx) eff(strobe flashes into running program)	head(9D) delay(xx) reset eff(hard color transitions) D0(xx,xx) D0(xx,xx) timer(xx) eff(strobe flashes into running program)	1
1	head(9D) delay(xx) reset eff(hard color transitions) D0(xx,xx) D0(xx,xx) timer(xx) eff(strobe flashes into running program)	head(9D) immediate reset eff(hard color transitions) D0(xx,xx) D0(xx,xx) timer(xx) eff(strobe flashes into running program)	1
1	head(9D) delay(xx) op(0X29) op(0X04) op(0X15) op(0X15) op(0X15) op(0X15) op(0X12) group-close op(0X04) op(0X15) op(0X1C) op(0X15) op(0X15)	head(9D) delay(xx) op(0X29) op(0X04) op(0X15) op(0X15) op(0X15) op(0X15) op(0X12) group-close op(0X04) op(0X15) op(0X1C) op(0X15) op(0X15)	1
1	head(9D) delay(xx) op(0X29) op(0X04) op(0X15) op(0X15) op(0X15) op(0X15) op(0X12) group-close op(0X04) op(0X15) op(0X1C) op(0X15) op(0X15)	head(9D) immediate op(0X29) op(0X04) op(0X15) op(0X15) op(0X15) op(0X15) op(0X12) group-close op(0X04) op(0X15) op(0X1C) op(0X15) op(0X15)	1
1	head(9D) immediate op(0X29) op(0X04) op(0X15) op(0X15) op(0X15) op(0X15) op(0X12) group-close op(0X04) op(0X15) op(0X1C) op(0X15) op(0X15)	head(96) delay(xx) reset colB(02) ?left ear off delay(xx) eff(85)	1
1	head(96) delay(xx) reset colB(02) ?left ear off delay(xx) eff(85)	head(96) immediate reset colB(02) ?left ear off delay(xx) eff(85)	1
1	head(96) immediate reset colB(02) ?left ear off delay(xx) eff(85)	head(95) delay(xx) reset colL(04) delay(xx) eff(85)	1
1	head(95) delay(xx) reset colL(04) delay(xx) eff(85)	head(95) immediate reset colL(04) delay(xx) eff(85)	1
1	head(95) immediate reset colL(04) delay(xx) eff(85)	head(97) delay(xx) reset op(0X0D) eff(hard color transitions) D0(xx,xx)	1
1	head(97) immediate reset op(0X0D) eff(hard color transitions) D0(xx,xx)	head(97) delay(xx) reset op(0X0D) eff(hard color transitions) D0(xx,xx)	1
1	head(97) delay(xx) reset op(0X0D) eff(hard color transitions) D0(xx,xx)	head(99) delay(xx) reset group-pick op(0X83) immediate colL(06) delay(xx) colB(02) delay(xx) reset	1
1	head(99) delay(xx) reset group-pick op(0X83) immediate colL(06) delay(xx) colB(02) delay(xx) reset	head(99) immediate reset group-pick op(0X83) immediate colL(06) delay(xx) colB(02) delay(xx) reset	1
1	head(99) immediate reset group-pick op(0X83) immediate colL(06) delay(xx) colB(02) delay(xx) reset	head(99) delay(xx) reset group-pick op(0X83) immediate colL(06) delay(xx) colB(02) delay(xx) reset	1
1	head(95) delay(xx) reset group-pick op(0X83) op(0X19) colB(04)	head(95) immediate reset group-pick op(0X83) op(0X19) colB(04)	1
1	head(94) delay(xx) group-pick op(0X83) stop colB(04)	head(94) delay(xx) group-pick op(0X83) stop colB(04)	1
1	head(94) delay(xx) group-pick op(0X83) stop colB(04)	head(94) immediate group-pick op(0X83) stop colB(04)	1
1	head(94) immediate group-pick op(0X83) stop colB(04)	head(94) delay(xx) group-pick op(0X83) op(0X32) colB(04)	1
1	head(94) delay(xx) group-pick op(0X83) op(0X32) colB(04)	head(94) delay(xx) group-pick op(0X83) op(0X32) colB(04)	1
1	head(94) delay(xx) group-pick op(0X83) op(0X32) colB(04)	head(94) immediate group-pick op(0X83) op(0X32) colB(04)	1
1	head(94) delay(xx) group-pick op(0X83) stop colB(02)	head(94) delay(xx) group-pick op(0X83) stop colB(02)	1
1	head(94) delay(xx) group-pick op(0X83) stop colB(02)	head(94) immediate group-pick op(0X83) stop colB(02)	1
1	head(94) immediate group-pick op(0X83) stop colB(02)	head(94) delay(xx) group-pick op(0X83) op(0X19) colB(02)	1
1	head(94) delay(xx) group-pick op(0X83) op(0X19) colB(02)	head(94) delay(xx) group-pick op(0X83) op(0X19) colB(02)	1
1	head(94) immediate group-pick op(0X83) op(0X19) colB(02)	head(94) delay(xx) group-pick op(0X83) ?clock tick 0x62	1
1	head(94) delay(xx) group-pick op(0X83) ?clock tick 0x62	head(94) delay(xx) group-pick op(0X83) ?clock tick 0x62	1
1	head(94) delay(xx) group-pick op(0X83) ?clock tick 0x62	head(94) immediate group-pick op(0X83) ?clock tick 0x62	1
1	head(94) delay(xx) reset colB(02) delay(xx) reset	head(94) delay(xx) reset colB(02) delay(xx) reset	1
1	head(94) delay(xx) reset colB(02) delay(xx) reset	head(94) immediate reset colB(02) delay(xx) reset	1
1	head(94) immediate reset colB(02) delay(xx) reset	head(9B) delay(xx) reset D0(xx,xx) op(0X46) group-pick op(0XEC) op(0XAA) colB(04) eff(86)	1
1	head(9B) delay(xx) reset D0(xx,xx) op(0X46) group-pick op(0XEC) op(0XAA) colB(04) eff(86)	head(9B) immediate reset D0(xx,xx) op(0X46) group-pick op(0XEC) op(0XAA) colB(04) eff(86)	1
1	head(9B) immediate reset D0(xx,xx) op(0X46) group-pick op(0XEC) op(0XAA) colB(04) eff(86)	head(93) delay(xx) reset colB(02) colL(04)	1
1	head(93) immediate reset colB(02) colL(04)	head(93) delay(xx) reset colB(04) colL(02)	1
1	head(93) delay(xx) reset colB(04) colL(02)	head(93) immediate reset colB(04) colL(02)	1
1	head(93) immediate reset colB(04) colL(02)	head(93) delay(xx) reset colB(02) colL(04)	1
1	head(93) immediate reset colB(02) colL(04)	head(9E) delay(xx) reset colB(04) colL(02) timer(xx) eff(slow even pulse) ?four-arg group-select timer eff(91)	1
1	head(9E) delay(xx) reset colB(04) colL(02) timer(xx) eff(slow even pulse) ?four-arg group-select timer eff(91)	head(9E) immediate reset colB(04) colL(02) timer(xx) eff(slow even pulse) ?four-arg group-select timer eff(91)	1
1	head(9E) immediate reset colB(04) colL(02) timer(xx) eff(slow even pulse) ?four-arg group-select timer eff(91)	head(92) delay(xx) reset colB(04)	1
1	head(92) delay(xx) reset colB(04)	head(92) immediate reset colB(04)	1
1	head(92) immediate reset colB(04)	head(9E) delay(xx) reset colL(04) colB(02) D1(xx,xx,xx) D1(xx,xx,xx) D0(xx,xx)	1
1	head(9E) delay(xx) reset colL(04) colB(02) D1(xx,xx,xx) D1(xx,xx,xx) D0(xx,xx)	head(9E) immediate reset colL(04) colB(02) D1(xx,xx,xx) D1(xx,xx,xx) D0(xx,xx)	1
1	head(9E) immediate reset colL(04) colB(02) D1(xx,xx,xx) D1(xx,xx,xx) D0(xx,xx)	head(9E) delay(xx) reset colL(04) colB(02) D1(xx,xx,xx) D1(xx,xx,xx) D0(xx,xx)	1
1	head(9E) delay(xx) reset colL(04) colB(02) D1(xx,xx,xx) D1(xx,xx,xx) D0(xx,xx)	head(96) delay(xx) D0(xx,xx) D0(xx,xx)	1
1	head(96) delay(xx) D0(xx,xx) D0(xx,xx)	head(96) immediate D0(xx,xx) D0(xx,xx)	1
1	head(96) immediate D0(xx,xx) D0(xx,xx)	head(96) delay(xx) D0(xx,xx) D0(xx,xx)	1
1	head(9E) delay(xx) ?group range bound 0x64 colL(02) timer(xx) eff(04) timer(xx) eff(color sequence) D0(xx,xx)	head(9E) immediate ?group range bound 0x64 colL(02) timer(xx) eff(04) timer(xx) eff(color sequence) D0(xx,xx)	1
1	head(9E) immediate ?group range bound 0x64 colL(02) timer(xx) eff(04) timer(xx) eff(color sequence) D0(xx,xx)	head(9E) delay(xx) ?group range bound 0x64 colL(02) timer(xx) eff(04) timer(xx) eff(color sequence) D0(xx,xx)	1
1	head(9B) delay(xx) reset op(0X0D) colB(04) colL(02) timer(xx) eff(04) D0(xx,xx)	head(9B) immediate reset op(0X0D) colB(04) colL(02) timer(xx) eff(04) D0(xx,xx)	1
1	head(9B) immediate reset op(0X0D) colB(04) colL(02) timer(xx) eff(04) D0(xx,xx)	head(9B) delay(xx) reset op(0X0D) colB(04) colL(02) timer(xx) eff(04) D0(xx,xx)	1
1	head(9B) delay(xx) reset op(0X0D) colB(04) colL(02) timer(xx) eff(04) D0(xx,xx)	head(97) delay(xx) reset colB(07) delay(xx) eff(85) timer(xx)	1
1	head(99) delay(xx) reset D2(xx,xx,xx,xx) op(0X02) immediate colB(06)	head(9F) delay(xx) group-close colB(01) colL(01) timer(xx) eff(04) D1(xx,xx,xx) D0(xx,xx) op(0X72)	1
1	head(9F) delay(xx) group-close colB(01) colL(01) timer(xx) eff(04) D1(xx,xx,xx) D0(xx,xx) op(0X72)	head(9C) delay(xx) ?group range bound 0xd0 op(0X39) op(0X14) op(0X46) group-pick op(0XEC) op(0XAA) eff(86) timer(xx)	1
1	head(9D) immediate group-close op(0X29) op(0X02) op(0X04) op(0X00) eff(crossfading transitions) D0(xx,xx) D0(xx,xx)	head(9D) op(0X94) group-close op(0X29) op(0X02) op(0X04) op(0X00) eff(crossfading transitions) D0(xx,xx) D0(xx,xx)	1
1	head(9D) immediate group-close colB(07) colL(07) timer(xx) eff(04) D0(xx,xx) D0(xx,xx)	head(9D) op(0X95) group-close colB(07) colL(07) timer(xx) eff(04) D0(xx,xx) D0(xx,xx)	1
1	head(9F) delay(xx) ?group range bound 0xd0 op(0X39) op(0X07) op(0X46) group-pick op(0XEC) op(0XAA) colB(02) colL(02) timer(xx) eff(04) op(0X0D)	head(9F) immediate ?group range bound 0xd0 op(0X39) op(0X07) op(0X46) group-pick op(0XEC) op(0XAA) colB(02) colL(02) timer(xx) eff(04) op(0X0D)	1
1	head(9F) immediate ?group range bound 0xd0 op(0X39) op(0X07) op(0X46) group-pick op(0XEC) op(0XAA) colB(02) colL(02) timer(xx) eff(04) op(0X0D)	head(9F) immediate ?group range bound 0xd0 op(0X39) op(0X07) op(0X46) group-pick op(0XEC) op(0XAA) colB(04) colL(04) timer(xx) eff(04) op(0X0D)	1
1	head(9B) immediate group-close paletteL colB(01) timer(xx) eff(04) D0(xx,xx)	head(9B) op(0X96) group-close paletteL colB(01) timer(xx) eff(04) D0(xx,xx)	1
1	head(9B) op(0X96) group-close paletteL colB(01) timer(xx) eff(04) D0(xx,xx)	head(9B) op(0X96) group-close paletteL colB(01) timer(xx) eff(04) D0(xx,xx)	1
