00000292: 55 AA 16 01 01 01 15 02 30
00000675: 55 AA 16 01 01 01 15 02 30
00000A57: 55 AA 16 01 01 01 15 02 30
00000E3B: 55 AA 16 01 01 01 15 02 30
0000121E: 55 AA 16 01 01 01 15 02 30
00001601: 55 AA 16 01 01 01 15 02 30
000019E3: 55 AA 16 01 01 01 15 02 30
00001DC7: 55 AA 16 01 01 01 15 02 30
000021A9: 55 AA 16 01 01 01 15 02 30
0000258C: 55 AA 16 01 01 01 15 02 30
00002970: 55 AA 16 01 01 01 15 02 30
00002D53: 55 AA 16 01 01 01 15 02 30
00003136: 55 AA 16 01 01 01 15 02 30
00003519: 55 AA 16 01 01 01 15 02 30
000038FC: 55 AA 16 01 01 01 15 02 30
00003CDE: 55 AA 16 01 01 01 15 02 30
000040C2: 55 AA 16 01 01 01 15 02 30
000044A5: 55 AA 16 01 01 01 15 02 30
00004887: 55 AA 16 01 01 01 15 02 30
00004C6B: 55 AA 16 01 01 01 15 02 30
0000504E: 55 AA 16 01 01 01 15 02 30
00005431: 55 AA 16 01 01 01 15 02 30
00005814: 55 AA 16 01 01 01 15 02 30
00005BF7: 55 AA 16 01 01 01 15 02 30
00005FDA: 55 AA 16 01 01 01 15 02 30
000063BE: 55 AA 16 01 01 01 15 02 30
000067A0: 55 AA 16 01 01 01 15 02 30
00006825: 96 42 00 00 48 17 0C C6 7E
00006B83: 55 AA 16 01 01 01 15 02 30
00006F66: 55 AA 16 01 01 01 15 02 30
00007349: 55 AA 16 01 01 01 15 02 30
0000772D: 55 AA 16 01 01 01 15 02 30
00007B10: 55 AA 16 01 01 01 15 02 30
00007EF3: 55 AA 16 01 01 01 15 02 30
000082D6: 55 AA 16 01 01 01 15 02 30
000086B8: 55 AA 16 01 01 01 15 02 30
0000898C: 94 90 F1 D0 05 01 9C
00008A9C: 55 AA 16 01 01 01 15 02 30
00008E7E: 55 AA 16 01 01 01 15 02 30
0000926D: 55 AA 16 01 01 01 15 02 30
00009645: 55 AA 16 01 01 01 15 02 30
00009A28: 55 AA 16 01 01 01 15 02 30
00009E0A: 55 AA 16 01 01 01 15 02 30
0000A1EF: 55 AA 16 01 01 01 15 02 30
0000A5D0: 55 AA 16 01 01 01 15 02 30
0000A9B4: 55 AA 16 01 01 01 15 02 30
0000AD97: 55 AA 16 01 01 01 15 02 30
0000B09D: 94 90 F1 D0 05 01 9C
0000B17A: 55 AA 16 01 01 01 15 02 30
0000B55D: 55 AA 16 01 01 01 15 02 30
0000B941: 55 AA 16 01 01 01 15 02 30
0000BD22: 55 AA 16 01 01 01 15 02 30
0000C106: 55 AA 16 01 01 01 15 02 30
0000C4E9: 55 AA 16 01 01 01 15 02 30
0000C8CC: 55 AA 16 01 01 01 15 02 30
0000CCAF: 55 AA 16 01 01 01 15 02 30
0000D093: 55 AA 16 01 01 01 15 02 30
0000D475: 55 AA 16 01 01 01 15 02 30
0000D7AE: 94 90 F1 D0 05 01 9C
0000D857: 55 AA 16 01 01 01 15 02 30
0000EB3E: 55 AA 09 04 01 01 15 01 00 00 00 25
0000EF27: 55 AA 09 04 01 01 15 01 00 00 01 26
0000F55D: 93 91 D0 05 64 75
0000F6F7: 55 AA 09 04 01 01 15 01 00 00 03 28
0000FADF: 55 AA 09 04 01 01 15 01 00 00 04 29
0000FEC0: 94 90 F1 D0 05 01 9C
000102B0: 55 AA 09 04 01 01 15 01 00 00 06 2B
00010697: 55 AA 09 04 01 01 15 01 00 00 07 2C
00010A7F: 55 AA 09 04 01 01 15 01 00 00 08 2D
00010E67: 55 AA 09 04 01 01 15 01 00 00 09 2E
0001124F: 55 AA 09 04 01 01 15 01 00 00 0A 2F
00011638: 55 AA 09 04 01 01 15 01 00 00 0B 30
00011A20: 55 AA 09 04 01 01 15 01 00 00 0C 31
00011E07: 55 AA 09 04 01 01 15 01 00 00 0D 32
000121EF: 55 AA 09 04 01 01 15 01 00 00 0E 33
000125CF: 94 90 F1 D0 05 01 9C
000129C0: 55 AA 09 04 01 01 15 01 00 00 10 35
00012DA8: 55 AA 09 04 01 01 15 01 00 00 11 36
00013190: 55 AA 09 04 01 01 15 01 00 00 12 37
00013578: 55 AA 09 04 01 01 15 01 00 00 13 38
00013960: 55 AA 09 04 01 01 15 01 00 00 14 39
00013D48: 55 AA 09 04 01 01 15 01 00 00 15 3A
0001437F: 93 91 D0 05 64 75
0001451B: 55 AA 09 04 01 01 15 01 00 00 17 3C
00014900: 55 AA 09 04 01 01 15 01 00 00 18 3D
00014CE8: 55 AA 09 04 01 01 15 01 00 00 19 3E
000150D0: 55 AA 09 04 01 01 15 01 00 00 1A 3F
000154B7: 55 AA 09 04 01 01 15 01 00 00 1B 40
000158A0: 55 AA 09 04 01 01 15 01 00 00 1C 41
00015C88: 55 AA 09 04 01 01 15 01 00 00 1D 42
00016070: 55 AA 09 04 01 01 15 01 00 00 1E 43
00016458: 55 AA 09 04 01 01 15 01 00 00 1F 44
00016842: 55 AA 09 04 01 01 15 01 00 00 20 45
00016C29: 55 AA 09 04 01 01 15 01 00 00 21 46
00017010: 55 AA 09 04 01 01 15 01 00 00 22 47
000173F9: 55 AA 09 04 01 01 15 01 00 00 23 48
000177E0: 55 AA 09 04 01 01 15 01 00 00 24 49
00017BCA: 55 AA 09 04 01 01 15 01 00 00 25 4A
00017FB2: 55 AA 09 04 01 01 15 01 00 00 26 4B
00018398: 55 AA 09 04 01 01 15 01 00 00 27 4C
00018780: 55 AA 09 04 01 01 15 01 00 00 28 4D
00018B6A: 55 AA 09 04 01 01 15 01 00 00 29 4E
000191A0: 93 91 D0 05 64 75
00019351: 55 AA 09 04 01 01 15 01 00 00 2B 50
00019722: 55 AA 09 04 01 01 15 01 00 00 2C 51
00019B09: 55 AA 09 04 01 01 15 01 00 00 2D 52
00019EF1: 55 AA 09 04 01 01 15 01 00 00 2E 53
0001A2D9: 55 AA 09 04 01 01 15 01 00 00 2F 54
0001A6C2: 55 AA 09 04 01 01 15 01 00 00 30 55
0001AAA9: 55 AA 09 04 01 01 15 01 00 00 31 56
0001AE94: 55 AA 09 04 01 01 15 01 00 00 32 57
0001B54E: 94 FD 48 85 58 64 89
0001B59C: 94 FC 48 85 58 64 44
0001B617: 94 FB 48 85 58 64 15
0001B662: 94 FA 48 85 58 64 D8
0001B6DF: 94 F9 48 85 58 64 96
0001B73A: 94 F8 48 85 58 64 5B
0001B7C3: 94 F7 48 85 58 64 34
0001B84C: 94 F6 48 85 58 64 F9
0001B8D5: 94 F5 48 85 58 64 B7
0001B8D5: 94 F4 48 85 58 64 7A
0001B9B6: 94 F3 48 85 58 64 2B
0001B9B6: 94 F2 48 85 58 64 E6
0001BA98: 94 F1 48 85 58 64 A8
0001BA98: 94 20 48 85 58 64 3B
0001BE32: 55 AA 09 04 01 01 15 01 00 00 36 5B
0001C21A: 55 AA 09 04 01 01 15 01 00 00 37 5C
0001C602: 55 AA 09 04 01 01 15 01 00 00 38 5D
0001C9EA: 55 AA 09 04 01 01 15 01 00 00 39 5E
0001CDDC: 55 AA 09 04 01 01 15 01 00 00 3A 5F
0001D1BA: 55 AA 09 04 01 01 15 01 00 00 3B 60
0001D7AF: 91 98 24 74
0001D98A: 55 AA 09 04 01 01 15 01 00 01 01 27
0001DFC2: 93 91 D0 05 64 75
0001E15A: 55 AA 09 04 01 01 15 01 00 01 03 29
0001E74F: 91 98 24 74
0001E92A: 55 AA 09 04 01 01 15 01 00 01 05 2B
0001ED13: 55 AA 09 04 01 01 15 01 00 01 06 2C
0001F0FA: 55 AA 09 04 01 01 15 01 00 01 07 2D
0001F6EF: 91 98 24 74
0001F8CC: 55 AA 09 04 01 01 15 01 00 01 09 2F
0001FCB2: 55 AA 09 04 01 01 15 01 00 01 0A 30
0002009A: 55 AA 09 04 01 01 15 01 00 01 0B 31
0002068E: 91 98 24 74
0002086C: 55 AA 09 04 01 01 15 01 00 01 0D 33
00020C52: 55 AA 09 04 01 01 15 01 00 01 0E 34
00021311: 98 FD D2 35 00 F2 01 02 20 66 8B
00021386: 98 FC D2 35 00 F2 01 02 20 66 2F
000213D8: 98 FB D2 35 00 F2 01 02 20 66 78
0002148E: 98 FA D2 35 00 F2 01 02 20 66 DC
0002148E: 98 F9 D2 35 00 F2 01 02 20 66 29
000215D3: 98 F8 D2 35 00 F2 01 02 20 66 8D
000215D3: 98 F7 D2 35 00 F2 01 02 20 66 87
000215D3: 98 F6 D2 35 00 F2 01 02 20 66 23
000217A1: 98 F5 D2 35 00 F2 01 02 20 66 D6
000217A1: 98 F4 D2 35 00 F2 01 02 20 66 72
000217A1: 98 F3 D2 35 00 F2 01 02 20 66 25
000217A1: 98 F2 D2 35 00 F2 01 02 20 66 81
000219F9: 98 F1 D2 35 00 F2 01 02 20 66 74
000219F9: 98 20 D2 35 00 F2 01 02 20 66 1D
00021BF3: 55 AA 09 04 01 01 15 01 00 01 12 38
00021F4E: 96 FD 24 67 58 19 48 84 03
00021FA3: 96 FC 24 67 58 19 48 84 3E
00022016: 96 FB 24 67 58 19 48 84 8D
00022081: 96 FA 24 67 58 19 48 84 B0
00022124: 96 F9 24 67 58 19 48 84 F7
00022124: 96 F8 24 67 58 19 48 84 CA
00022236: 96 F7 24 67 58 19 48 84 88
00022236: 96 F6 24 67 58 19 48 84 B5
00022341: 96 F5 24 67 58 19 48 84 F2
00022341: 96 F4 24 67 58 19 48 84 CF
00022341: 96 F3 24 67 58 19 48 84 7C
000224C4: 96 F2 24 67 58 19 48 84 41
000224C4: 96 F1 24 67 58 19 48 84 06
000224C4: 96 20 24 67 58 19 48 84 90
000227AD: 55 AA 09 04 01 01 15 01 00 01 15 3B
00022BCE: 96 FD 24 67 58 0F 48 84 98
00022C54: 96 FC 24 67 58 0F 48 84 A5
00022CA8: 96 FB 24 67 58 0F 48 84 16
00022D1C: 96 FA 24 67 58 0F 48 84 2B
00022D9C: 96 F9 24 67 58 0F 48 84 6C
00022E3F: 96 F8 24 67 58 0F 48 84 51
00022E3F: 96 F7 24 67 58 0F 48 84 13
00022F51: 96 F6 24 67 58 0F 48 84 2E
00022F51: 96 F5 24 67 58 0F 48 84 69
00023067: 96 F4 24 67 58 0F 48 84 54
00023067: 96 F3 24 67 58 0F 48 84 E7
00023067: 96 F2 24 67 58 0F 48 84 DA
000231EF: 96 F1 24 67 58 0F 48 84 9D
000231EF: 96 20 24 67 58 0F 48 84 0B
0002339E: 96 FD 24 67 58 07 48 84 BD
000233FD: 96 FC 24 67 58 07 48 84 80
00023466: 96 FB 24 67 58 07 48 84 33
000234E1: 96 FA 24 67 58 07 48 84 0E
00023584: 96 F9 24 67 58 07 48 84 49
00023584: 96 F8 24 67 58 07 48 84 74
00023697: 96 F7 24 67 58 07 48 84 36
00023697: 96 F6 24 67 58 07 48 84 0B
000237AA: 96 F5 24 67 58 07 48 84 4C
000237AA: 96 F4 24 67 58 07 48 84 71
000237AA: 96 F3 24 67 58 07 48 84 C2
0002392D: 96 F2 24 67 58 07 48 84 FF
0002392D: 96 F1 24 67 58 07 48 84 B8
0002392D: 96 20 24 67 58 07 48 84 2E
00023B36: 55 AA 09 04 01 01 15 01 00 01 1A 40
00023F14: 96 FD 24 67 58 02 48 84 88
00023F9A: 96 FC 24 67 58 02 48 84 B5
00023FF0: 96 FB 24 67 58 02 48 84 06
00024061: 96 FA 24 67 58 02 48 84 3B
000240E0: 96 F9 24 67 58 02 48 84 7C
00024190: 96 F8 24 67 58 02 48 84 41
00024190: 96 F7 24 67 58 02 48 84 03
0002429F: 96 F6 24 67 58 02 48 84 3E
0002429F: 96 F5 24 67 58 02 48 84 79
0002429F: 96 F4 24 67 58 02 48 84 44
00024422: 96 F3 24 67 58 02 48 84 F7
00024422: 96 F2 24 67 58 02 48 84 CA
00024422: 96 F1 24 67 58 02 48 84 8D
000245A5: 96 20 24 67 58 02 48 84 1B
000246ED: 55 AA 09 04 01 01 15 01 00 01 1D 43
00024AD4: 55 AA 09 04 01 01 15 01 00 01 1E 44
00024ECD: 55 AA 09 04 01 01 15 01 00 01 1F 45
0002542C: 99 FD 24 D2 35 00 F2 01 02 20 66 7A
0002548D: 99 FC 24 D2 35 00 F2 01 02 20 66 B4
0002550B: 99 FB 24 D2 35 00 F2 01 02 20 66 EC
000255D3: 99 FA 24 D2 35 00 F2 01 02 20 66 22
000255D3: 99 F9 24 D2 35 00 F2 01 02 20 66 69
00025731: 99 F8 24 D2 35 00 F2 01 02 20 66 A7
00025731: 99 F7 24 D2 35 00 F2 01 02 20 66 D9
00025731: 99 F6 24 D2 35 00 F2 01 02 20 66 17
00025731: 99 F5 24 D2 35 00 F2 01 02 20 66 5C
000259BB: 99 F4 24 D2 35 00 F2 01 02 20 66 92
000259BB: 99 F3 24 D2 35 00 F2 01 02 20 66 CA
000259BB: 99 F2 24 D2 35 00 F2 01 02 20 66 04
000259BB: 99 F1 24 D2 35 00 F2 01 02 20 66 4F
000259BB: 99 20 24 D2 35 00 F2 01 02 20 66 B6
00025CDD: 55 AA 09 04 01 01 15 01 00 01 22 48
00025E5B: 55 AA 09 04 01 01 15 01 00 01 23 49
00026244: 55 AA 09 04 01 01 15 01 00 01 24 4A
0002662C: 55 AA 09 04 01 01 15 01 00 01 25 4B
00026A15: 55 AA 09 04 01 01 15 01 00 01 26 4C
00026E16: 55 AA 09 04 01 01 15 01 00 01 27 4D
000271E3: 55 AA 09 04 01 01 15 01 00 01 28 4E
0002768B: 97 FD 24 64 F5 48 85 58 0F 80
00027713: 97 FC 24 64 F5 48 85 58 0F C3
0002776B: 97 FB 24 64 F5 48 85 58 0F 13
000277DF: 97 FA 24 64 F5 48 85 58 0F 50
0002788E: 97 F9 24 64 F5 48 85 58 0F 95
0002788E: 97 F8 24 64 F5 48 85 58 0F D6
000279BB: 97 F7 24 64 F5 48 85 58 0F 2C
000279BB: 97 F6 24 64 F5 48 85 58 0F 6F
000279BB: 97 F5 24 64 F5 48 85 58 0F AA
00027B62: 97 F4 24 64 F5 48 85 58 0F E9
00027B62: 97 F3 24 64 F5 48 85 58 0F 39
00027B62: 97 F2 24 64 F5 48 85 58 0F 7A
00027B62: 97 F1 24 64 F5 48 85 58 0F BF
00027D88: 97 20 24 64 F5 48 85 58 0F 73
00027D88: 93 91 D0 05 64 75
00027D88: 55 AA 09 04 01 01 15 01 00 01 2B 51
00028183: 55 AA 09 04 01 01 15 01 00 01 2C 52
0002862C: 98 FD 24 64 6E F5 48 85 58 0F ED
000286B3: 98 FC 24 64 6E F5 48 85 58 0F 49
00028719: 98 FB 24 64 6E F5 48 85 58 0F 1E
000287B2: 98 FA 24 64 6E F5 48 85 58 0F BA
00028866: 98 F9 24 64 6E F5 48 85 58 0F 4F
00028866: 98 F8 24 64 6E F5 48 85 58 0F EB
000289A9: 98 F7 24 64 6E F5 48 85 58 0F E1
000289A9: 98 F6 24 64 6E F5 48 85 58 0F 45
000289A9: 98 F5 24 64 6E F5 48 85 58 0F B0
00028B78: 98 F4 24 64 6E F5 48 85 58 0F 14
00028B78: 98 F3 24 64 6E F5 48 85 58 0F 43
00028B78: 98 F2 24 64 6E F5 48 85 58 0F E7
00028B78: 98 F1 24 64 6E F5 48 85 58 0F 12
00028B78: 98 20 24 64 6E F5 48 85 58 0F 7B
00028E59: 55 AA 09 04 01 01 15 01 00 01 2F 55
00029124: 55 AA 09 04 01 01 15 01 00 01 30 56
00029504: 97 FD 24 61 F5 48 85 58 0F 6B
0002958C: 97 FC 24 61 F5 48 85 58 0F 28
000295E6: 97 FB 24 61 F5 48 85 58 0F F8
00029658: 97 FA 24 61 F5 48 85 58 0F BB
00029706: 97 F9 24 61 F5 48 85 58 0F 7E
00029706: 97 F8 24 61 F5 48 85 58 0F 3D
0002983E: 97 F7 24 61 F5 48 85 58 0F C7
0002983E: 97 F6 24 61 F5 48 85 58 0F 84
0002983E: 97 F5 24 61 F5 48 85 58 0F 41
000299E5: 97 F4 24 61 F5 48 85 58 0F 02
000299E5: 97 F3 24 61 F5 48 85 58 0F D2
000299E5: 97 F2 24 61 F5 48 85 58 0F 91
000299E5: 97 F1 24 61 F5 48 85 58 0F 54
00029C0A: 97 20 24 61 F5 48 85 58 0F 98
00029CBA: 98 FD 24 66 F3 63 F3 61 F3 24 D5
00029D72: 98 FC 24 66 F3 63 F3 61 F3 24 71
00029D72: 98 FB 24 66 F3 63 F3 61 F3 24 26
00029EB0: 98 FA 24 66 F3 63 F3 61 F3 24 82
00029EB0: 98 F9 24 66 F3 63 F3 61 F3 24 77
00029EB0: 98 F8 24 66 F3 63 F3 61 F3 24 D3
0002A07F: 98 F7 24 66 F3 63 F3 61 F3 24 D9
0002A07F: 98 F6 24 66 F3 63 F3 61 F3 24 7D
0002A07F: 98 F5 24 66 F3 63 F3 61 F3 24 88
0002A07F: 98 F4 24 66 F3 63 F3 61 F3 24 2C
0002A07F: 98 F3 24 66 F3 63 F3 61 F3 24 7B
0002A360: 98 F2 24 66 F3 63 F3 61 F3 24 DF
0002A360: 98 F1 24 66 F3 63 F3 61 F3 24 2A
0002A360: 98 20 24 66 F3 63 F3 61 F3 24 43
0002A5B2: 9E F7 24 D0 45 83 81 AB 57 48 86 48 83 D0 0E A0 49
0002A637: 9E F6 24 D0 45 83 81 AB 57 48 86 48 83 D0 0E A0 C9
0002A73C: 9E F5 24 D0 45 83 81 AB 57 48 86 48 83 D0 0E A0 50
0002A73C: 9E F4 24 D0 45 83 81 AB 57 48 86 48 83 D0 0E A0 D0
0002A917: 9E F3 24 D0 45 83 81 AB 57 48 86 48 83 D0 0E A0 7B
0002A917: 9E F2 24 D0 45 83 81 AB 57 48 86 48 83 D0 0E A0 FB
0002A917: 9E F1 24 D0 45 83 81 AB 57 48 86 48 83 D0 0E A0 62
0002A917: 9E 20 24 D0 45 83 81 AB 57 48 86 48 83 D0 0E A0 37
0002AC9A: 9E FD 24 D0 45 83 89 AB 2A 48 86 48 83 D0 0E 8C 5B
0002AC9A: 9E FC 24 D0 45 83 89 AB 2A 48 86 48 83 D0 0E 8C DB
0002AC9A: 9E FB 24 D0 45 83 89 AB 2A 48 86 48 83 D0 0E 8C 70
0002AF49: 9E FA 24 D0 45 83 89 AB 2A 48 86 48 83 D0 0E 8C F0
0002AF49: 9E F9 24 D0 45 83 89 AB 2A 48 86 48 83 D0 0E 8C 69
0002AF49: 9E F8 24 D0 45 83 89 AB 2A 48 86 48 83 D0 0E 8C E9
0002B2A7: 9E F4 24 D0 45 83 89 AB 2A 48 86 48 83 D0 0E 8C BF
0002B2A7: 9E F3 24 D0 45 83 89 AB 2A 48 86 48 83 D0 0E 8C 14
0002B2A7: 9E F2 24 D0 45 83 89 AB 2A 48 86 48 83 D0 0E 8C 94
0002B61B: 91 FC 24 15
0002B61B: 91 FB 24 7B
0002B61B: 91 FA 24 BF
0002B61B: 91 F9 24 EA
0002B61B: 91 F8 24 2E
0002B61B: 91 F7 24 36
0002B61B: 91 F6 24 F2
0002B61B: 91 F5 24 A7
0002B7DC: 91 F4 24 63
0002B7DC: 91 F3 24 0D
0002B7DC: 91 F2 24 C9
0002B7DC: 91 F1 24 9C
0002B8D6: 91 20 24 00
0002B8D6: 9C F7 24 D0 39 07 46 81 EC A9 66 0D 48 0F 88
0002B9ED: 9C F6 24 D0 39 07 46 81 EC A9 66 0D 48 0F 2F
0002B9ED: 9C F5 24 D0 39 07 46 81 EC A9 66 0D 48 0F DF
0002BB96: 9C F4 24 D0 39 07 46 81 EC A9 66 0D 48 0F 78
0002BB96: 9C F3 24 D0 39 07 46 81 EC A9 66 0D 48 0F 26
0002BB96: 9C F2 24 D0 39 07 46 81 EC A9 66 0D 48 0F 81
0002BB96: 9C F1 24 D0 39 07 46 81 EC A9 66 0D 48 0F 71
0002BEB5: 9C 20 24 D0 39 07 46 81 EC A9 66 0D 48 0F 72
0002BEB5: 55 AA 09 04 01 01 15 01 00 01 3B 61
0002C083: 9A F9 29 03 16 19 04 29 13 15 13 04 FB
0002C10D: 9A F8 29 03 16 19 04 29 13 15 13 04 2E
0002C1E1: 9A F7 29 03 16 19 04 29 13 15 13 04 C9
0002C1E1: 9A F6 29 03 16 19 04 29 13 15 13 04 1C
0002C358: 9A F5 29 03 16 19 04 29 13 15 13 04 7A
0002C358: 9A F4 29 03 16 19 04 29 13 15 13 04 AF
0002C358: 9A F3 29 03 16 19 04 29 13 15 13 04 B6
0002C358: 9A F2 29 03 16 19 04 29 13 15 13 04 63
0002C614: 9A F1 29 03 16 19 04 29 13 15 13 04 05
0002C614: 9A 20 29 03 16 19 04 29 13 15 13 04 ED
0002C854: 9C F6 24 48 82 D0 0E FF D0 46 A0 F6 48 85 46
0002C8D9: 9C F5 24 48 82 D0 0E FF D0 46 A0 F6 48 85 B6
0002C993: 9C F4 24 48 82 D0 0E FF D0 46 A0 F6 48 85 11
0002C993: 9C F3 24 48 82 D0 0E FF D0 46 A0 F6 48 85 4F
0002CB3D: 9C F2 24 48 82 D0 0E FF D0 46 A0 F6 48 85 E8
0002CB3D: 9C F1 24 48 82 D0 0E FF D0 46 A0 F6 48 85 18
0002CB3D: 9C 20 24 48 82 D0 0E FF D0 46 A0 F6 48 85 1B
0002CDA1: 55 AA 09 04 01 01 15 01 00 02 03 2A
0002D023: 9A F9 29 03 16 19 04 29 13 15 13 04 FB
0002D08A: 9A F8 29 03 16 19 04 29 13 15 13 04 2E
0002D11F: 9A F7 29 03 16 19 04 29 13 15 13 04 C9
0002D1F4: 9A F6 29 03 16 19 04 29 13 15 13 04 1C
0002D1F4: 9A F5 29 03 16 19 04 29 13 15 13 04 7A
0002D36B: 9A F4 29 03 16 19 04 29 13 15 13 04 AF
0002D36B: 9A F3 29 03 16 19 04 29 13 15 13 04 B6
0002D36B: 9A F2 29 03 16 19 04 29 13 15 13 04 63
0002D36B: 9A F1 29 03 16 19 04 29 13 15 13 04 05
0002D626: 9A 20 29 03 16 19 04 29 13 15 13 04 ED
0002D72C: 9C F6 24 48 82 D0 0E FE D0 46 A0 F6 48 85 7B
0002D7E9: 9C F5 24 48 82 D0 0E FE D0 46 A0 F6 48 85 8B
0002D8D5: 9C F4 24 48 82 D0 0E FE D0 46 A0 F6 48 85 2C
0002D8D5: 9C F3 24 48 82 D0 0E FE D0 46 A0 F6 48 85 72
0002D8D5: 9C F2 24 48 82 D0 0E FE D0 46 A0 F6 48 85 D5
0002DB3A: 9C F1 24 48 82 D0 0E FE D0 46 A0 F6 48 85 25
0002DB3A: 9C 20 24 48 82 D0 0E FE D0 46 A0 F6 48 85 26
0002DD6C: 9A F5 29 03 16 19 04 29 13 15 13 04 7A
0002DDD9: 9A F4 29 03 16 19 04 29 13 15 13 04 AF
0002DE95: 9A F3 29 03 16 19 04 29 13 15 13 04 B6
0002DE95: 9A F2 29 03 16 19 04 29 13 15 13 04 63
0002E00B: 9A F1 29 03 16 19 04 29 13 15 13 04 05
0002E00B: 9A 20 29 03 16 19 04 29 13 15 13 04 ED
0002E647: 9C F6 24 48 82 D0 0E FF D0 46 A0 F6 48 85 46
0002E6BB: 9C F5 24 48 82 D0 0E FF D0 46 A0 F6 48 85 B6
0002E77D: 9C F4 24 48 82 D0 0E FF D0 46 A0 F6 48 85 11
0002E77D: 9C F3 24 48 82 D0 0E FF D0 46 A0 F6 48 85 4F
0002E926: 9C F2 24 48 82 D0 0E FF D0 46 A0 F6 48 85 E8
0002E926: 9C F1 24 48 82 D0 0E FF D0 46 A0 F6 48 85 18
0002E926: 9C 20 24 48 82 D0 0E FF D0 46 A0 F6 48 85 1B
0002EB8A: 96 FD 8C 5A AB F4 24 64 46
0002EC2C: 96 FC 8C 5A AB F4 24 64 7B
0002ECD2: 96 FB 8C 5A AB F4 24 64 C8
0002ECD2: 96 FA 8C 5A AB F4 24 64 F5
0002EDE2: 96 F9 8C 5A AB F4 24 64 B2
0002EDE2: 96 F8 8C 5A AB F4 24 64 8F
0002EDE2: 96 F7 8C 5A AB F4 24 64 CD
0002EF66: 96 F6 8C 5A AB F4 24 64 F0
0002EF66: 96 F5 8C 5A AB F4 24 64 B7
0002EF66: 96 F4 8C 5A AB F4 24 64 8A
0002EF66: 96 F3 8C 5A AB F4 24 64 39
0002F159: 96 F2 8C 5A AB F4 24 64 04
0002F159: 96 F1 8C 5A AB F4 24 64 43
0002F159: 96 20 8C 5A AB F4 24 64 D5
0002F159: 97 F2 8C 00 AB 1F 24 0E 08 86
0002F159: 97 F1 8C 00 AB 1F 24 0E 08 43
0002F3D6: 97 20 8C 00 AB 1F 24 0E 08 8F
0002F3D6: 96 F2 8C 1F AB 5A 24 62 E0
0002F3D6: 96 F1 8C 1F AB 5A 24 62 A7
0002F3D6: 96 20 8C 1F AB 5A 24 62 31
0002F5DE: 92 F6 48 85 E4
0002F5DE: 92 F5 48 85 00
0002F5DE: 92 F4 48 85 AB
0002F5DE: 92 F3 48 85 D1
0002F70B: 92 F2 48 85 7A
0002F70B: 92 F1 48 85 9E
0002F70B: 92 20 48 85 2C
0002F7F9: 9C F5 24 29 01 1D 48 83 D0 0E FF D0 45 83 B2
0002F7F9: 9C F4 24 29 01 1D 48 83 D0 0E FF D0 45 83 15
0002F9A2: 9C F3 24 29 01 1D 48 83 D0 0E FF D0 45 83 4B
0002F9A2: 9C F2 24 29 01 1D 48 83 D0 0E FF D0 45 83 EC
0002F9A2: 9C F1 24 29 01 1D 48 83 D0 0E FF D0 45 83 1C
0002F9A2: 9C 20 24 29 01 1D 48 83 D0 0E FF D0 45 83 1F
0002FCBB: 99 F5 A0 29 02 04 15 48 86 58 0C 3F
0002FCBB: 99 F4 A0 29 02 04 15 48 86 58 0C F1
0002FCBB: 99 F3 A0 29 02 04 15 48 86 58 0C A9
0002FCBB: 99 F2 A0 29 02 04 15 48 86 58 0C 67
0002FCBB: 99 F1 A0 29 02 04 15 48 86 58 0C 2C
0002FFFE: 55 AA 09 04 01 01 15 01 00 02 10 37
0003026D: 55 AA 09 04 01 01 15 01 00 02 11 38
000307DC: 95 F6 A0 29 02 04 19 C0
0003082D: 95 F5 A0 29 02 04 19 99
000308A5: 95 F4 A0 29 02 04 19 AE
000308F6: 95 F3 A0 29 02 04 19 2B
00030973: 95 F2 A0 29 02 04 19 1C
00030A09: 95 F1 A0 29 02 04 19 45
00030A9F: 95 20 A0 29 02 04 19 B6
00030E26: 55 AA 09 04 01 01 15 01 00 02 14 3B
0003120C: 55 AA 09 04 01 01 15 01 00 02 15 3C
00031804: 9C F3 24 D0 39 04 64 48 86 F8 48 85 58 0F FB
0003187C: 9C F2 24 D0 39 04 64 48 86 F8 48 85 58 0F 5C
00031943: 9C F1 24 D0 39 04 64 48 86 F8 48 85 58 0F AC
00031943: 9C 20 24 D0 39 04 64 48 86 F8 48 85 58 0F AF
00031AE5: 55 AA 09 04 01 01 15 01 00 02 17 3E
00031F92: 9C F3 24 D0 39 04 61 48 86 F8 48 85 58 0F AD
00032000: 9C F2 24 D0 39 04 61 48 86 F8 48 85 58 0F 0A
000320C8: 9C F1 24 D0 39 04 61 48 86 F8 48 85 58 0F FA
000320C8: 9C 20 24 D0 39 04 61 48 86 F8 48 85 58 0F F9
00032271: 55 AA 09 04 01 01 15 01 00 02 19 40
00032595: 55 AA 09 04 01 01 15 01 00 02 1A 41
00032977: 9D 24 81 A0 40 D0 33 50 0D 61 59 02 19 48 0F F7
00032C55: 99 F6 89 A0 40 24 48 86 58 0F 64 16
00032CBF: 99 F5 89 A0 40 24 48 86 58 0F 64 5D
00032D3D: 99 F4 89 A0 40 24 48 86 58 0F 64 93
00032E05: 99 F3 89 A0 40 24 48 86 58 0F 64 CB
00032E05: 99 F2 89 A0 40 24 48 86 58 0F 64 05
00032F63: 99 F1 89 A0 40 24 48 86 58 0F 64 4E
00032F63: 99 20 89 A0 40 24 48 86 58 0F 64 B7
0003314D: 55 AA 09 04 01 01 15 01 00 02 1D 44
000337C8: 94 F6 48 85 58 0F BC
00033814: 94 F5 48 85 58 0F F2
00033890: 94 F4 48 85 58 0F 3F
000338DC: 94 F3 48 85 58 0F 6E
0003396D: 94 F2 48 85 58 0F A3
000339BA: 94 F1 48 85 58 0F ED
00033A3B: 94 20 48 85 58 0F 7E
00033D06: 55 AA 09 04 01 01 15 01 00 02 20 47
000340E3: 91 99 24 B0
000344D6: 55 AA 09 04 01 01 15 01 00 02 22 49
000348BD: 55 AA 09 04 01 01 15 01 00 02 23 4A
00034CA5: 55 AA 09 04 01 01 15 01 00 02 24 4B
00035084: 91 99 24 B0
00035479: 55 AA 09 04 01 01 15 01 00 02 26 4D
0003585E: 55 AA 09 04 01 01 15 01 00 02 27 4E
00035C45: 55 AA 09 04 01 01 15 01 00 02 28 4F
00036024: 91 99 24 B0
00036665: 93 91 D0 05 64 75
000367FD: 55 AA 09 04 01 01 15 01 00 02 2B 52
00036BE5: 55 AA 09 04 01 01 15 01 00 02 2C 53
00036FC5: 91 99 24 B0
000373B6: 55 AA 09 04 01 01 15 01 00 02 2E 55
000377A1: 55 AA 09 04 01 01 15 01 00 02 2F 56
00037B85: 55 AA 09 04 01 01 15 01 00 02 30 57
00037F65: 91 99 24 B0
00038355: 55 AA 09 04 01 01 15 01 00 02 32 59
0003873E: 55 AA 09 04 01 01 15 01 00 02 33 5A
00038EC5: 98 F2 24 89 83 10 66 F5 48 85 9F
00038F2C: 98 F1 24 89 83 10 66 F5 48 85 6A
00038F8E: 98 20 24 89 83 10 66 F5 48 85 03
00039054: 99 F2 24 8C 10 83 20 66 F5 48 85 2E
0003910B: 99 F1 24 8C 10 83 20 66 F5 48 85 65
000391D3: 99 20 24 8C 10 83 20 66 F5 48 85 9C
000391D3: 99 F2 24 8C 20 83 30 66 F5 48 85 46
00039331: 99 F1 24 8C 20 83 30 66 F5 48 85 0D
00039331: 99 20 24 8C 20 83 30 66 F5 48 85 F4
00039490: 98 F2 24 81 83 30 66 F5 48 85 96
00039490: 98 F1 24 81 83 30 66 F5 48 85 63
00039490: 98 20 24 81 83 30 66 F5 48 85 0A
000396DE: 55 AA 09 04 01 01 15 01 00 02 37 5E
00039A7C: 98 F2 24 89 83 20 66 F5 48 85 1B
00039B01: 98 F1 24 89 83 20 66 F5 48 85 EE
00039B5E: 98 20 24 89 83 20 66 F5 48 85 87
00039C4F: 98 F2 24 81 83 20 66 F5 48 85 EA
00039CBD: 98 F1 24 81 83 20 66 F5 48 85 1F
00039D78: 98 20 24 81 83 20 66 F5 48 85 76
00039EAE: 55 AA 09 04 01 01 15 01 00 02 39 60
0003A28D: 91 9A 24 E5
0003A681: 55 AA 09 04 01 01 15 01 00 02 3B 62
0003AA67: 55 AA 09 04 01 01 15 01 00 03 00 28
0003AE63: 55 AA 09 04 01 01 15 01 00 03 01 29
0003B22C: 91 9A 24 E5
0003B484: 93 91 D0 05 64 75
0003B61E: 55 AA 09 04 01 01 15 01 00 03 03 2B
0003BA06: 55 AA 09 04 01 01 15 01 00 03 04 2C
0003BDF0: 55 AA 09 04 01 01 15 01 00 03 05 2D
0003C1CD: 91 9A 24 E5
0003C5BE: 55 AA 09 04 01 01 15 01 00 03 07 2F
0003C9A6: 55 AA 09 04 01 01 15 01 00 03 08 30
0003CD8D: 55 AA 09 04 01 01 15 01 00 03 09 31
0003D16D: 91 9A 24 E5
0003D55E: 55 AA 09 04 01 01 15 01 00 03 0B 33
0003D947: 55 AA 09 04 01 01 15 01 00 03 0C 34
0003DD2D: 55 AA 09 04 01 01 15 01 00 03 0D 35
0003E10C: 91 9A 24 E5
0003E4FE: 55 AA 09 04 01 01 15 01 00 03 0F 37
0003E8E6: 55 AA 09 04 01 01 15 01 00 03 10 38
0003ECCE: 55 AA 09 04 01 01 15 01 00 03 11 39
0003F0AC: 91 9A 24 E5
0003F49F: 55 AA 09 04 01 01 15 01 00 03 13 3B
0003F88E: 55 AA 09 04 01 01 15 01 00 03 14 3C
0003FC6E: 55 AA 09 04 01 01 15 01 00 03 15 3D
0004004D: 91 9A 24 E5
000402A6: 93 91 D0 05 64 75
0004043F: 55 AA 09 04 01 01 15 01 00 03 17 3F
00040826: 55 AA 09 04 01 01 15 01 00 03 18 40
00040DDB: 9C F6 24 0D 48 83 D0 0E A0 F7 48 85 58 0C E9
00040E60: 9C F5 24 0D 48 83 D0 0E A0 F7 48 85 58 0C 19
00040F13: 9C F4 24 0D 48 83 D0 0E A0 F7 48 85 58 0C BE
00041000: 9C F3 24 0D 48 83 D0 0E A0 F7 48 85 58 0C E0
00041000: 9C F2 24 0D 48 83 D0 0E A0 F7 48 85 58 0C 47
00041000: 9C F1 24 0D 48 83 D0 0E A0 F7 48 85 58 0C B7
00041268: 9C 20 24 0D 48 83 D0 0E A0 F7 48 85 58 0C B4
000416F9: 9C F6 24 0D 48 83 D0 0E A0 F7 48 85 58 0C E9
00041768: 9C F5 24 0D 48 83 D0 0E A0 F7 48 85 58 0C 19
0004182F: 9C F4 24 0D 48 83 D0 0E A0 F7 48 85 58 0C BE
0004182F: 9C F3 24 0D 48 83 D0 0E A0 F7 48 85 58 0C E0
000419D8: 9C F2 24 0D 48 83 D0 0E A0 F7 48 85 58 0C 47
000419D8: 9C F1 24 0D 48 83 D0 0E A0 F7 48 85 58 0C B7
000419D8: 9C 20 24 0D 48 83 D0 0E A0 F7 48 85 58 0C B4
00041C3D: 55 AA 09 04 01 01 15 01 00 03 1D 45
00041F8C: 91 9A 24 E5
00042059: 9C F6 24 0D 48 83 D0 0E A0 F7 48 85 58 0C E9
000420DD: 9C F5 24 0D 48 83 D0 0E A0 F7 48 85 58 0C 19
0004219A: 9C F4 24 0D 48 83 D0 0E A0 F7 48 85 58 0C BE
0004219A: 9C F3 24 0D 48 83 D0 0E A0 F7 48 85 58 0C E0
0004233C: 9C F2 24 0D 48 83 D0 0E A0 F7 48 85 58 0C 47
0004233C: 9C F1 24 0D 48 83 D0 0E A0 F7 48 85 58 0C B7
0004233C: 9C 20 24 0D 48 83 D0 0E A0 F7 48 85 58 0C B4
0004259E: 55 AA 09 04 01 01 15 01 00 03 1F 47
00042AC3: 9C F6 24 0D 48 83 D0 0E A0 F7 48 85 58 0C E9
00042B49: 9C F5 24 0D 48 83 D0 0E A0 F7 48 85 58 0C 19
00042BF9: 9C F4 24 0D 48 83 D0 0E A0 F7 48 85 58 0C BE
00042CE7: 9C F3 24 0D 48 83 D0 0E A0 F7 48 85 58 0C E0
00042CE7: 9C F2 24 0D 48 83 D0 0E A0 F7 48 85 58 0C 47
00042CE7: 9C F1 24 0D 48 83 D0 0E A0 F7 48 85 58 0C B7
00042F4B: 9C 20 24 0D 48 83 D0 0E A0 F7 48 85 58 0C B4
00042F4B: 55 AA 09 04 01 01 15 01 00 03 22 4A
0004331E: 55 AA 09 04 01 01 15 01 00 03 23 4B
00043706: 55 AA 09 04 01 01 15 01 00 03 24 4C
00043E4B: 9C F6 24 0D 48 83 D0 0E A0 F7 48 85 58 0C E9
00043EC6: 9C F5 24 0D 48 83 D0 0E A0 F7 48 85 58 0C 19
00043F8A: 9C F4 24 0D 48 83 D0 0E A0 F7 48 85 58 0C BE
00043F8A: 9C F3 24 0D 48 83 D0 0E A0 F7 48 85 58 0C E0
00044133: 9C F2 24 0D 48 83 D0 0E A0 F7 48 85 58 0C 47
00044133: 9C F1 24 0D 48 83 D0 0E A0 F7 48 85 58 0C B7
00044133: 9C 20 24 0D 48 83 D0 0E A0 F7 48 85 58 0C B4
00044398: 55 AA 09 04 01 01 15 01 00 03 27 4F
00044830: 9A FD 24 29 04 19 1D 15 12 D0 42 0A E1
0004489E: 9A FC 24 29 04 19 1D 15 12 D0 42 0A 34
0004492C: 9A FB 24 29 04 19 1D 15 12 D0 42 0A 2D
00044A01: 9A FA 24 29 04 19 1D 15 12 D0 42 0A F8
00044A01: 9A F9 24 29 04 19 1D 15 12 D0 42 0A 9E
00044B78: 9A F8 24 29 04 19 1D 15 12 D0 42 0A 4B
00044B78: 9A F7 24 29 04 19 1D 15 12 D0 42 0A AC
00044B78: 9A F6 24 29 04 19 1D 15 12 D0 42 0A 79
00044B78: 9A F5 24 29 04 19 1D 15 12 D0 42 0A 1F
00044E33: 9A F4 24 29 04 19 1D 15 12 D0 42 0A CA
00044E33: 9A F3 24 29 04 19 1D 15 12 D0 42 0A D3
00044E33: 9A F2 24 29 04 19 1D 15 12 D0 42 0A 06
00044E33: 9A F1 24 29 04 19 1D 15 12 D0 42 0A 60
00045179: 9A FC 0D 48 82 D0 0E FF 58 02 48 84 76
00045179: 9A FB 0D 48 82 D0 0E FF 58 02 48 84 6F
00045179: 9A FA 0D 48 82 D0 0E FF 58 02 48 84 BA
00045179: 9A F9 0D 48 82 D0 0E FF 58 02 48 84 DC
00045560: 9A F3 0D 48 82 D0 0E FF 58 02 48 84 91
00045560: 9A F2 0D 48 82 D0 0E FF 58 02 48 84 44
00045560: 9A F1 0D 48 82 D0 0E FF 58 02 48 84 22
00045560: 9A 20 0D 48 82 D0 0E FF 58 02 48 84 CA
0004591D: 96 FD 25 F2 48 85 58 14 07
0004597A: 96 FC 25 F2 48 85 58 14 3A
000459E5: 96 FB 25 F2 48 85 58 14 89
00045A50: 96 FA 25 F2 48 85 58 14 B4
00045AF3: 96 F9 25 F2 48 85 58 14 F3
00045AF3: 96 F8 25 F2 48 85 58 14 CE
00045C00: 96 F7 25 F2 48 85 58 14 8C
00045C00: 96 F6 25 F2 48 85 58 14 B1
00045D10: 96 F5 25 F2 48 85 58 14 F6
00045D10: 96 F4 25 F2 48 85 58 14 CB
00045D10: 96 F3 25 F2 48 85 58 14 78
00045E93: 96 F2 25 F2 48 85 58 14 45
00045E93: 96 F1 25 F2 48 85 58 14 02
00045E93: 96 20 25 F2 48 85 58 14 94
000461FF: 55 AA 09 04 01 01 15 01 00 03 2F 57
000465E7: 55 AA 09 04 01 01 15 01 00 03 30 58
000469CF: 55 AA 09 04 01 01 15 01 00 03 31 59
00046DB6: 55 AA 09 04 01 01 15 01 00 03 32 5A
000472A1: 96 FD 24 6E 0E 0A 48 86 33
000472F7: 96 FC 24 6E 0E 0A 48 86 0E
0004736A: 96 FB 24 6E 0E 0A 48 86 BD
000473D9: 96 FA 24 6E 0E 0A 48 86 80
00047478: 96 F9 24 6E 0E 0A 48 86 C7
00047478: 96 F8 24 6E 0E 0A 48 86 FA
0004758A: 96 F7 24 6E 0E 0A 48 86 B8
0004758A: 96 F6 24 6E 0E 0A 48 86 85
0004769E: 96 F5 24 6E 0E 0A 48 86 C2
0004769E: 96 F4 24 6E 0E 0A 48 86 FF
0004769E: 96 F3 24 6E 0E 0A 48 86 4C
0004781B: 96 F2 24 6E 0E 0A 48 86 71
0004781B: 96 F1 24 6E 0E 0A 48 86 36
0004781B: 96 20 24 6E 0E 0A 48 86 A0
0004799B: 55 AA 09 04 01 01 15 01 00 03 35 5D
00047E19: 9D F2 71 A0 D1 10 04 04 D0 2D EC D1 38 86 05 7A
00047E8B: 9D F1 71 A0 D1 10 04 04 D0 2D EC D1 38 86 05 0E
00047F6D: 9D 20 71 A0 D1 10 04 04 D0 2D EC D1 38 86 05 EC
0004813F: 55 AA 09 04 01 01 15 01 00 03 37 5F
00048527: 55 AA 09 04 01 01 15 01 00 03 38 60
0004898B: 94 F4 24 0E 8C 66 84
000489D9: 94 F3 24 0E 8C 66 D5
00048A54: 94 F2 24 0E 8C 66 18
00048AAD: 94 F1 24 0E 8C 66 56
00048B1C: 94 20 24 0E 8C 66 C5
00048BE7: 9D F4 71 A0 D1 10 04 04 D0 2D EC D1 38 86 05 92
00048C77: 9D F3 71 A0 D1 10 04 04 D0 2D EC D1 38 86 05 56
00048D69: 9D F2 71 A0 D1 10 04 04 D0 2D EC D1 38 86 05 7A
00048D69: 9D F1 71 A0 D1 10 04 04 D0 2D EC D1 38 86 05 0E
00048F2A: 9D 20 71 A0 D1 10 04 04 D0 2D EC D1 38 86 05 EC
0004932E: 91 F4 25 3D
000493B2: 91 F3 25 53
000493F5: 91 F2 25 97
0004947E: 91 F1 25 C2
000494BE: 91 20 25 5E
000498AE: 55 AA 09 04 01 01 15 01 00 04 01 2A
00049CD3: 9C FD A0 46 81 EC A0 48 86 58 07 64 F9 25 2D
00049D58: 9C FC A0 46 81 EC A0 48 86 58 07 64 F9 25 8A
00049E13: 9C FB A0 46 81 EC A0 48 86 58 07 64 F9 25 D4
00049E13: 9C FA A0 46 81 EC A0 48 86 58 07 64 F9 25 73
00049FBC: 9C F9 A0 46 81 EC A0 48 86 58 07 64 F9 25 83
00049FBC: 9C F8 A0 46 81 EC A0 48 86 58 07 64 F9 25 24
00049FBC: 9C F7 A0 46 81 EC A0 48 86 58 07 64 F9 25 3F
0004A220: 9C F6 A0 46 81 EC A0 48 86 58 07 64 F9 25 98
0004A220: 9C F5 A0 46 81 EC A0 48 86 58 07 64 F9 25 68
0004A220: 9C F4 A0 46 81 EC A0 48 86 58 07 64 F9 25 CF
0004A220: 9C F3 A0 46 81 EC A0 48 86 58 07 64 F9 25 91
0004A592: 9C 20 A0 46 81 EC A0 48 86 58 07 64 F9 25 C5
0004A592: 55 AA 09 04 01 01 15 01 00 04 04 2D
0004AAA0: 9B FD 89 A0 40 24 0D 66 59 02 07 48 0F 58
0004AB09: 9B FC 89 A0 40 24 0D 66 59 02 07 48 0F 30
0004ABBA: 9B FB 89 A0 40 24 0D 66 59 02 07 48 0F 31
0004ABBA: 9B FA 89 A0 40 24 0D 66 59 02 07 48 0F 59
0004AD49: 9B F9 89 A0 40 24 0D 66 59 02 07 48 0F E1
0004AD49: 9B F8 89 A0 40 24 0D 66 59 02 07 48 0F 89
0004AD49: 9B F7 89 A0 40 24 0D 66 59 02 07 48 0F E3
0004AF87: 9B F6 89 A0 40 24 0D 66 59 02 07 48 0F 8B
0004AF87: 9B F5 89 A0 40 24 0D 66 59 02 07 48 0F 33
0004AF87: 9B F4 89 A0 40 24 0D 66 59 02 07 48 0F 5B
0004AF87: 9B F3 89 A0 40 24 0D 66 59 02 07 48 0F 5A
0004B34A: 9B 20 89 A0 40 24 0D 66 59 02 07 48 0F A1
0004B34A: 55 AA 09 04 01 01 15 01 00 04 07 30
0004B4C1: 55 AA 09 04 01 01 15 01 00 04 08 31
0004B7EE: 55 AA 09 04 01 01 15 01 00 04 09 32
0004BBD6: 55 AA 09 04 01 01 15 01 00 04 0A 33
0004C20D: 92 FD 48 85 25
0004C29A: 92 FC 48 85 8E
0004C2E7: 92 FB 48 85 F4
0004C35B: 92 FA 48 85 5F
0004C3A0: 92 F9 48 85 BB
0004C423: 92 F8 48 85 10
0004C467: 92 F7 48 85 4F
0004C4EB: 92 F6 48 85 E4
0004C52E: 92 F5 48 85 00
0004C5B2: 92 F4 48 85 AB
0004C5F8: 92 F3 48 85 D1
0004C67C: 92 F2 48 85 7A
0004C6C0: 92 F1 48 85 9E
0004C744: 92 20 48 85 2C
0004C794: 55 AA 09 04 01 01 15 01 00 04 0D 36
0004CB76: 55 AA 09 04 01 01 15 01 00 04 0E 37
0004CF55: 91 9B 24 21
0004D346: 55 AA 09 04 01 01 15 01 00 04 10 39
0004D72F: 55 AA 09 04 01 01 15 01 00 04 11 3A
0004DB16: 55 AA 09 04 01 01 15 01 00 04 12 3B
0004DEF5: 91 9B 24 21
0004E2E8: 55 AA 09 04 01 01 15 01 00 04 14 3D
0004E6CE: 55 AA 09 04 01 01 15 01 00 04 15 3E
0004ED05: 93 91 D0 05 64 75
0004EE96: 91 9B 24 21
0004F287: 55 AA 09 04 01 01 15 01 00 04 18 41
0004F670: 55 AA 09 04 01 01 15 01 00 04 19 42
0004FA57: 55 AA 09 04 01 01 15 01 00 04 1A 43
0004FE36: 91 9B 24 21
00050227: 55 AA 09 04 01 01 15 01 00 04 1C 45
0005060E: 55 AA 09 04 01 01 15 01 00 04 1D 46
000509F7: 55 AA 09 04 01 01 15 01 00 04 1E 47
00050DD5: 91 9B 24 21
000511C7: 55 AA 09 04 01 01 15 01 00 04 20 49
000515AE: 55 AA 09 04 01 01 15 01 00 04 21 4A
00051997: 55 AA 09 04 01 01 15 01 00 04 22 4B
00051E40: 9C FD 26 0D 68 58 F0 48 04 59 02 14 48 0F F7
00051ED2: 9C FC 26 0D 68 58 F0 48 04 59 02 14 48 0F 50
00051F77: 9C FB 26 0D 68 58 F0 48 04 59 02 14 48 0F 0E
00052065: 9C FA 26 0D 68 58 F0 48 04 59 02 14 48 0F A9
00052065: 9C F9 26 0D 68 58 F0 48 04 59 02 14 48 0F 59
00052065: 9C F8 26 0D 68 58 F0 48 04 59 02 14 48 0F FE
000522D1: 9C F7 26 0D 68 58 F0 48 04 59 02 14 48 0F E5
000522D1: 9C F6 26 0D 68 58 F0 48 04 59 02 14 48 0F 42
000522D1: 9C F5 26 0D 68 58 F0 48 04 59 02 14 48 0F B2
000522D1: 9C F4 26 0D 68 58 F0 48 04 59 02 14 48 0F 15
00052623: 9C F2 26 0D 68 58 F0 48 04 59 02 14 48 0F EC
00052623: 9C F1 26 0D 68 58 F0 48 04 59 02 14 48 0F 1C
00052623: 9C 20 26 0D 68 58 F0 48 04 59 02 14 48 0F 1F
00052623: 95 92 59 02 14 48 0F 63
000528EC: 9A 58 F0 48 04 0E 1A 0E 9A D0 42 0A CC
000529C0: 55 AA 09 04 01 01 15 01 00 04 26 4F
00052D1E: 55 AA 09 04 01 01 15 01 00 04 27 50
00053315: 9A 58 F0 48 04 0E 1A 0E 9A D0 42 0A CC
000534F1: 55 AA 09 04 01 01 15 01 00 04 29 52
000538CE: 95 92 59 02 14 48 0F 63
00053B27: 93 91 D0 05 64 75
00053ECE: 9A 58 F0 48 04 0E 1A 0E 9A D0 42 0A CC
000540A7: 55 AA 09 04 01 01 15 01 00 04 2C 55
00054493: 55 AA 09 04 01 01 15 01 00 04 2D 56
00054A84: 9A 58 F0 48 04 0E 1A 0E 9A D0 42 0A CC
00054C56: 95 92 59 02 14 48 0F 63
00055047: 55 AA 09 04 01 01 15 01 00 04 30 59
0005563D: 9A 58 F0 48 04 0E 1A 0E 9A D0 42 0A CC
00055818: 55 AA 09 04 01 01 15 01 00 04 32 5B
00055BFE: 55 AA 09 04 01 01 15 01 00 04 33 5C
00055FDD: 95 92 59 02 14 48 0F 63
000561F5: 9A 58 F0 48 04 0E 1A 0E 9A D0 42 0A CC
000563CF: 55 AA 09 04 01 01 15 01 00 04 35 5E
000567B6: 55 AA 09 04 01 01 15 01 00 04 36 5F
00056DAD: 9A 58 F0 48 04 0E 1A 0E 9A D0 42 0A CC
00056F86: 55 AA 09 04 01 01 15 01 00 04 38 61
00057366: 95 92 59 02 14 48 0F 63
00057757: 55 AA 09 04 01 01 15 01 00 04 3A 63
00057B3F: 55 AA 09 04 01 01 15 01 00 04 3B 64
00057F27: 55 AA 09 04 01 01 15 01 00 05 00 2A
0005830D: 55 AA 09 04 01 01 15 01 00 05 01 2B
000586EF: 95 92 59 02 14 48 0F 63
00058880: 9B F5 58 F0 48 04 0E 03 0E 83 D0 42 0A 0D
0005891E: 9B F4 58 F0 48 04 0E 03 0E 83 D0 42 0A 65
000589FA: 9B F3 58 F0 48 04 0E 03 0E 83 D0 42 0A 64
000589FA: 9B F2 58 F0 48 04 0E 03 0E 83 D0 42 0A 0C
00058B86: 9B F1 58 F0 48 04 0E 03 0E 83 D0 42 0A B4
00058B86: 9B 20 58 F0 48 04 0E 03 0E 83 D0 42 0A 9F
00058B86: 55 AA 09 04 01 01 15 01 00 05 03 2D
00058EC7: 55 AA 09 04 01 01 15 01 00 05 04 2E
000592AE: 55 AA 09 04 01 01 15 01 00 05 05 2F
000599F2: 9A 58 F0 48 04 0E 03 0E 83 D0 42 0A AA
00059A77: 95 92 59 02 14 48 0F 63
00059E67: 55 AA 09 04 01 01 15 01 00 05 08 32
0005A5AA: 9A 58 F0 48 04 0E 03 0E 83 D0 42 0A AA
0005A636: 55 AA 09 04 01 01 15 01 00 05 0A 34
0005AA1E: 55 AA 09 04 01 01 15 01 00 05 0B 35
0005ADFE: 95 92 59 02 14 48 0F 63
0005B162: 9A 58 F0 48 04 0E 03 0E 83 D0 42 0A AA
0005B1F0: 55 AA 09 04 01 01 15 01 00 05 0D 37
0005B5D8: 55 AA 09 04 01 01 15 01 00 05 0E 38
0005BD1A: 9A 58 F0 48 04 0E 03 0E 83 D0 42 0A AA
0005BDA8: 55 AA 09 04 01 01 15 01 00 05 10 3A
0005C186: 95 92 59 02 14 48 0F 63
0005C8D2: 9A 58 F0 48 04 0E 03 0E 83 D0 42 0A AA
0005C95E: 55 AA 09 04 01 01 15 01 00 05 13 3D
0005CD46: 55 AA 09 04 01 01 15 01 00 05 14 3E
0005D489: 9A 58 F0 48 04 0E 03 0E 83 D0 42 0A AA
0005D50E: 95 92 59 02 14 48 0F 63
0005D767: 93 91 D0 05 64 75
0005D8FE: 55 AA 09 04 01 01 15 01 00 05 17 41
0005E043: 9A 58 F0 48 04 0E 03 0E 83 D0 42 0A AA
0005E0CF: 55 AA 09 04 01 01 15 01 00 05 19 43
0005E4B6: 55 AA 09 04 01 01 15 01 00 05 1A 44
0005E896: 95 92 59 02 14 48 0F 63
0005EBFB: 9A 58 F0 48 04 0E 03 0E 83 D0 42 0A AA
0005EC86: 55 AA 09 04 01 01 15 01 00 05 1C 46
0005F06E: 55 AA 09 04 01 01 15 01 00 05 1D 47
0005F7B2: 9A 58 F0 48 04 0E 03 0E 83 D0 42 0A AA
0005F83F: 55 AA 09 04 01 01 15 01 00 05 1F 49
0005FC26: 55 AA 09 04 01 01 15 01 00 05 20 4A
0006036B: 9A 58 F0 48 04 0E 03 0E 83 D0 42 0A AA
000603F6: 55 AA 09 04 01 01 15 01 00 05 22 4C
000607DE: 55 AA 09 04 01 01 15 01 00 05 23 4D
00060F22: 9A 58 F0 48 04 0E 03 0E 83 D0 42 0A AA
00060FAE: 55 AA 09 04 01 01 15 01 00 05 25 4F
00061396: 55 AA 09 04 01 01 15 01 00 05 26 50
0006177E: 55 AA 09 04 01 01 15 01 00 05 27 51
00061B66: 55 AA 09 04 01 01 15 01 00 05 28 52
00061F4E: 55 AA 09 04 01 01 15 01 00 05 29 53
00062585: 93 91 D0 05 64 75
0006271E: 55 AA 09 04 01 01 15 01 00 05 2B 55
00062B07: 55 AA 09 04 01 01 15 01 00 05 2C 56
00062EEF: 55 AA 09 04 01 01 15 01 00 05 2D 57
000632D8: 55 AA 09 04 01 01 15 01 00 05 2E 58
000636C1: 55 AA 09 04 01 01 15 01 00 05 2F 59
00063AA7: 55 AA 09 04 01 01 15 01 00 05 30 5A
00063E8E: 55 AA 09 04 01 01 15 01 00 05 31 5B
000643FF: 99 FD 24 D2 35 00 F2 01 02 20 66 7A
00064485: 99 FC 24 D2 35 00 F2 01 02 20 66 B4
000644F0: 99 FB 24 D2 35 00 F2 01 02 20 66 EC
000645AF: 99 FA 24 D2 35 00 F2 01 02 20 66 22
000645AF: 99 F9 24 D2 35 00 F2 01 02 20 66 69
00064704: 99 F8 24 D2 35 00 F2 01 02 20 66 A7
00064704: 99 F7 24 D2 35 00 F2 01 02 20 66 D9
00064704: 99 F6 24 D2 35 00 F2 01 02 20 66 17
000648F8: 99 F5 24 D2 35 00 F2 01 02 20 66 5C
000648F8: 99 F4 24 D2 35 00 F2 01 02 20 66 92
000648F8: 99 F3 24 D2 35 00 F2 01 02 20 66 CA
000648F8: 99 F2 24 D2 35 00 F2 01 02 20 66 04
000648F8: 99 F1 24 D2 35 00 F2 01 02 20 66 4F
00064C18: 99 20 24 D2 35 00 F2 01 02 20 66 B6
00064C18: 55 AA 09 04 01 01 15 01 00 05 34 5E
00064E25: 91 9C 24 4F
00065217: 55 AA 09 04 01 01 15 01 00 05 36 60
000655FE: 55 AA 09 04 01 01 15 01 00 05 37 61
000659E7: 55 AA 09 04 01 01 15 01 00 05 38 62
00065DC5: 91 9C 24 4F
000661B7: 55 AA 09 04 01 01 15 01 00 05 3A 64
0006659E: 55 AA 09 04 01 01 15 01 00 05 3B 65
00066985: 55 AA 09 04 01 01 15 01 00 06 00 2B
00066D66: 91 9C 24 4F
000673A6: 93 91 D0 05 64 75
0006753E: 55 AA 09 04 01 01 15 01 00 06 03 2E
00067930: 55 AA 09 04 01 01 15 01 00 06 04 2F
00067D05: 91 9C 24 4F
000680F8: 55 AA 09 04 01 01 15 01 00 06 06 31
000684DE: 55 AA 09 04 01 01 15 01 00 06 07 32
000688C6: 55 AA 09 04 01 01 15 01 00 06 08 33
00068CA4: 91 9C 24 4F
00069097: 55 AA 09 04 01 01 15 01 00 06 0A 35
0006947E: 55 AA 09 04 01 01 15 01 00 06 0B 36
00069866: 55 AA 09 04 01 01 15 01 00 06 0C 37
00069C45: 91 9C 24 4F
0006A036: 55 AA 09 04 01 01 15 01 00 06 0E 39
0006A41E: 55 AA 09 04 01 01 15 01 00 06 0F 3A
0006ABE7: 9A F9 24 29 04 12 16 0D 04 D0 40 83 22
0006AC4D: 9A F8 24 29 04 12 16 0D 04 D0 40 83 F7
0006ACE3: 9A F7 24 29 04 12 16 0D 04 D0 40 83 10
0006ADB8: 9A F6 24 29 04 12 16 0D 04 D0 40 83 C5
0006ADB8: 9A F5 24 29 04 12 16 0D 04 D0 40 83 A3
0006AF2F: 9A F4 24 29 04 12 16 0D 04 D0 40 83 76
0006AF2F: 9A F3 24 29 04 12 16 0D 04 D0 40 83 6F
0006AF2F: 9A F2 24 29 04 12 16 0D 04 D0 40 83 BA
0006AF2F: 9A F1 24 29 04 12 16 0D 04 D0 40 83 DC
0006B1EB: 9A 20 24 29 04 12 16 0D 04 D0 40 83 34
0006B3B8: 9F F9 48 82 D0 0E FF 48 86 D0 46 A0 F4 58 06 48 0D E8
0006B434: 9F F8 48 82 D0 0E FF 48 86 D0 46 A0 F4 58 06 48 0D 64
0006B547: 9F F7 48 82 D0 0E FF 48 86 D0 46 A0 F4 58 06 48 0D EF
0006B547: 9F F6 48 82 D0 0E FF 48 86 D0 46 A0 F4 58 06 48 0D 63
0006B743: 9F F5 48 82 D0 0E FF 48 86 D0 46 A0 F4 58 06 48 0D EE
0006B743: 9F F4 48 82 D0 0E FF 48 86 D0 46 A0 F4 58 06 48 0D 62
0006B743: 9F F3 48 82 D0 0E FF 48 86 D0 46 A0 F4 58 06 48 0D ED
0006BA96: 9F F1 48 82 D0 0E FF 48 86 D0 46 A0 F4 58 06 48 0D EC
0006BA96: 9F 20 48 82 D0 0E FF 48 86 D0 46 A0 F4 58 06 48 0D 08
0006BA96: 55 AA 09 04 01 01 15 01 00 06 14 3F
0006BD23: 55 AA 09 04 01 01 15 01 00 06 15 40
0006C1C5: 93 91 D0 05 64 75
0006C35D: 55 AA 09 04 01 01 15 01 00 06 17 42
0006C746: 55 AA 09 04 01 01 15 01 00 06 18 43
0006CE02: 93 F6 25 F3 24 AE
0006CE88: 93 F5 25 F3 24 26
0006CED0: 93 F4 25 F3 24 A9
0006CF50: 93 F3 25 F3 24 2F
0006CF99: 93 F2 25 F3 24 A0
0006D019: 93 F1 25 F3 24 28
0006D060: 93 20 25 F3 24 A6
0006D2FE: 55 AA 09 04 01 01 15 01 00 06 1B 46
0006D6E6: 55 AA 09 04 01 01 15 01 00 06 1C 47
0006DC55: 91 F6 24 F2
0006DCDA: 91 F5 24 A7
0006DD21: 91 F4 24 63
0006DDA2: 91 F3 24 0D
0006DDE5: 91 F2 24 C9
0006DE6B: 91 F1 24 9C
0006DEAD: 91 20 24 00
0006E29E: 55 AA 09 04 01 01 15 01 00 06 1F 4A
0006E687: 55 AA 09 04 01 01 15 01 00 06 20 4B
0006EA6E: 55 AA 09 04 01 01 15 01 00 06 21 4C
0006EFE0: 98 F6 D2 35 00 F2 01 02 20 66 23
0006F065: 98 F5 D2 35 00 F2 01 02 20 66 D6
0006F0CB: 98 F4 D2 35 00 F2 01 02 20 66 72
0006F167: 98 F3 D2 35 00 F2 01 02 20 66 25
0006F223: 98 F2 D2 35 00 F2 01 02 20 66 81
0006F223: 98 F1 D2 35 00 F2 01 02 20 66 74
0006F365: 98 20 D2 35 00 F2 01 02 20 66 1D
0006F877: 97 F2 89 A0 19 26 6E F2 66 F1
0006F8D0: 97 F1 89 A0 19 26 6E F2 66 34
0006F940: 97 20 89 A0 19 26 6E F2 66 F8
0006FB98: 98 F2 8C 19 A0 32 26 69 F2 61 69
0006FBF6: 98 F1 8C 19 A0 32 26 69 F2 61 9C
0006FC5F: 98 20 8C 19 A0 32 26 69 F2 61 F5
0006FF4F: 98 F2 8C 32 A0 4B 26 6B F2 63 5D
0006FFC2: 98 F1 8C 32 A0 4B 26 6B F2 63 A8
0007002C: 98 20 8C 32 A0 4B 26 6B F2 63 C1
000702E1: 98 F2 8C 4B A0 64 26 6C F2 64 2C
00070367: 98 F1 8C 4B A0 64 26 6C F2 64 D9
000703CE: 98 20 8C 4B A0 64 26 6C F2 64 B0
000706CA: 99 F2 81 A0 64 26 0E 8D F2 0E 0D 6D
00070750: 99 F1 81 A0 64 26 0E 8D F2 0E 0D 26
000707B1: 99 20 81 A0 64 26 0E 8D F2 0E 0D DF
0007089C: 96 F6 0D 59 09 02 48 0F C3
00070920: 96 F5 0D 59 09 02 48 0F 84
000709B5: 96 F4 0D 59 09 02 48 0F B9
00070A58: 96 F3 0D 59 09 02 48 0F 0A
00070A58: 96 F2 0D 59 09 02 48 0F 37
00070B6B: 96 F1 0D 59 09 02 48 0F 70
00070B6B: 96 20 0D 59 09 02 48 0F E6
00070FE5: 91 F6 24 F2
0007102C: 91 F5 24 A7
000710AC: 91 F4 24 63
000710F6: 91 F3 24 0D
00071175: 91 F2 24 C9
000711BD: 91 F1 24 9C
0007123D: 91 20 24 00
000717B7: 9B F6 26 89 A0 40 0D 61 59 06 03 48 0F 53
0007182B: 9B F5 26 89 A0 40 0D 61 59 06 03 48 0F EB
000718D2: 9B F4 26 89 A0 40 0D 61 59 06 03 48 0F 83
000718D2: 9B F3 26 89 A0 40 0D 61 59 06 03 48 0F 82
00071A61: 9B F2 26 89 A0 40 0D 61 59 06 03 48 0F EA
00071A61: 9B F1 26 89 A0 40 0D 61 59 06 03 48 0F 52
00071A61: 9B 20 26 89 A0 40 0D 61 59 06 03 48 0F 79
00071EC0: 9C F6 25 81 A0 40 0E 13 0E 93 58 02 48 0E E4
00071F2E: 9C F5 25 81 A0 40 0E 13 0E 93 58 02 48 0E 14
00072006: 9C F4 25 81 A0 40 0E 13 0E 93 58 02 48 0E B3
00072006: 9C F3 25 81 A0 40 0E 13 0E 93 58 02 48 0E ED
000721A7: 9C F2 25 81 A0 40 0E 13 0E 93 58 02 48 0E 4A
000721A7: 9C F1 25 81 A0 40 0E 13 0E 93 58 02 48 0E BA
000721A7: 9C 20 25 81 A0 40 0E 13 0E 93 58 02 48 0E B9
000725C7: 9B F6 26 89 A0 40 0D 61 59 06 03 48 0F 53
0007264E: 9B F5 26 89 A0 40 0D 61 59 06 03 48 0F EB
000726EA: 9B F4 26 89 A0 40 0D 61 59 06 03 48 0F 83
000727C8: 9B F3 26 89 A0 40 0D 61 59 06 03 48 0F 82
000727C8: 9B F2 26 89 A0 40 0D 61 59 06 03 48 0F EA
00072952: 9B F1 26 89 A0 40 0D 61 59 06 03 48 0F 52
00072952: 9B 20 26 89 A0 40 0D 61 59 06 03 48 0F 79
00072CD0: 9C F6 25 81 A0 40 0E 13 0E 93 58 02 48 0E E4
00072D46: 9C F5 25 81 A0 40 0E 13 0E 93 58 02 48 0E 14
00072E06: 9C F4 25 81 A0 40 0E 13 0E 93 58 02 48 0E B3
00072E06: 9C F3 25 81 A0 40 0E 13 0E 93 58 02 48 0E ED
00072FAF: 9C F2 25 81 A0 40 0E 13 0E 93 58 02 48 0E 4A
00072FAF: 9C F1 25 81 A0 40 0E 13 0E 93 58 02 48 0E BA
00072FAF: 9C 20 25 81 A0 40 0E 13 0E 93 58 02 48 0E B9
0007341C: 9B F6 26 89 A0 40 0D 61 59 06 03 48 0F 53
0007349F: 9B F5 26 89 A0 40 0D 61 59 06 03 48 0F EB
00073535: 9B F4 26 89 A0 40 0D 61 59 06 03 48 0F 83
00073642: 9B F3 26 89 A0 40 0D 61 59 06 03 48 0F 82
00073642: 9B F2 26 89 A0 40 0D 61 59 06 03 48 0F EA
00073642: 9B F1 26 89 A0 40 0D 61 59 06 03 48 0F 52
0007385E: 9B 20 26 89 A0 40 0D 61 59 06 03 48 0F 79
00073BA8: 9C F6 25 81 A0 40 0E 13 0E 93 58 02 48 0E E4
00073C1B: 9C F5 25 81 A0 40 0E 13 0E 93 58 02 48 0E 14
00073CDE: 9C F4 25 81 A0 40 0E 13 0E 93 58 02 48 0E B3
00073CDE: 9C F3 25 81 A0 40 0E 13 0E 93 58 02 48 0E ED
00073E87: 9C F2 25 81 A0 40 0E 13 0E 93 58 02 48 0E 4A
00073E87: 9C F1 25 81 A0 40 0E 13 0E 93 58 02 48 0E BA
00073E87: 9C 20 25 81 A0 40 0E 13 0E 93 58 02 48 0E B9
0007426D: 9B F6 26 89 A0 40 0D 61 59 06 03 48 0F 53
000742D7: 9B F5 26 89 A0 40 0D 61 59 06 03 48 0F EB
00074389: 9B F4 26 89 A0 40 0D 61 59 06 03 48 0F 83
00074389: 9B F3 26 89 A0 40 0D 61 59 06 03 48 0F 82
00074516: 9B F2 26 89 A0 40 0D 61 59 06 03 48 0F EA
00074516: 9B F1 26 89 A0 40 0D 61 59 06 03 48 0F 52
00074516: 9B 20 26 89 A0 40 0D 61 59 06 03 48 0F 79
00074755: 97 F6 24 61 81 83 20 0E 13 7B
00074755: 97 F5 24 61 81 83 20 0E 13 BE
00074755: 97 F4 24 61 81 83 20 0E 13 FD
00074755: 97 F3 24 61 81 83 20 0E 13 2D
00074755: 97 F2 24 61 81 83 20 0E 13 6E
000749F8: 97 F1 24 61 81 83 20 0E 13 AB
000749F8: 97 20 24 61 81 83 20 0E 13 67
000749F8: 94 F1 25 F2 48 85 6B
00074B87: 94 20 25 F2 48 85 F8
00074D9F: 96 F6 29 14 19 0D 14 12 91
00074E23: 96 F5 29 14 19 0D 14 12 D6
00074E82: 96 F4 29 14 19 0D 14 12 EB
00074EEC: 96 F3 29 14 19 0D 14 12 58
00074F6C: 96 F2 29 14 19 0D 14 12 65
0007500E: 96 F1 29 14 19 0D 14 12 22
0007500E: 96 20 29 14 19 0D 14 12 B4
00075142: 92 F6 24 62 99
00075192: 92 F5 24 62 7D
00075209: 92 F4 24 62 D6
00075273: 92 F3 24 62 AC
000752E2: 92 F2 24 62 07
0007535B: 92 F1 24 62 E3
000753CD: 92 20 24 62 51
00075634: 93 F6 24 0E 0D AA
000756BB: 93 F5 24 0E 0D 22
0007570C: 93 F4 24 0E 0D AD
00075783: 93 F3 24 0E 0D 2B
000757CC: 93 F2 24 0E 0D A4
0007584A: 93 F1 24 0E 0D 2C
00075893: 93 20 24 0E 0D A2
00075AA3: 93 F6 24 0E 13 28
00075AEC: 93 F5 24 0E 13 A0
00075B6B: 93 F4 24 0E 13 2F
00075BB2: 93 F3 24 0E 13 A9
00075C33: 93 F2 24 0E 13 26
00075C83: 93 F1 24 0E 13 AE
00075CFB: 93 20 24 0E 13 20
00075E05: 93 91 D0 05 64 75
00075F10: 92 F6 24 63 C7
00075F94: 92 F5 24 63 23
00075FEB: 92 F4 24 63 88
0007605D: 92 F3 24 63 F2
000760A1: 92 F2 24 63 59
00076125: 92 F1 24 63 BD
00076168: 92 20 24 63 0F
000762F7: 92 F6 24 66 F8
0007637C: 92 F5 24 66 1C
000763CB: 92 F4 24 66 B7
00076445: 92 F3 24 66 CD
00076492: 92 F2 24 66 66
0007650C: 92 F1 24 66 82
00076557: 92 20 24 66 30
000766DF: 93 F6 24 0E 0E 48
00076765: 93 F5 24 0E 0E C0
000767AC: 93 F4 24 0E 0E 4F
0007682D: 93 F3 24 0E 0E C9
0007687E: 93 F2 24 0E 0E 46
000768F5: 93 F1 24 0E 0E CE
0007693D: 93 20 24 0E 0E 40
000769C0: 9A F5 24 48 82 D0 0E FE D0 42 02 0D 78
00076A66: 9A F4 24 48 82 D0 0E FE D0 42 02 0D AD
00076B3A: 9A F3 24 48 82 D0 0E FE D0 42 02 0D B4
00076B3A: 9A F2 24 48 82 D0 0E FE D0 42 02 0D 61
00076CB0: 9A F1 24 48 82 D0 0E FE D0 42 02 0D 07
00076CB0: 9A 20 24 48 82 D0 0E FE D0 42 02 0D EF
00076CB0: 98 FC 24 61 0E 93 58 02 48 0E 5C
00076CB0: 98 FB 24 61 0E 93 58 02 48 0E 0B
00076F3B: 98 FA 24 61 0E 93 58 02 48 0E AF
00076F3B: 98 F9 24 61 0E 93 58 02 48 0E 5A
00076F3B: 98 F8 24 61 0E 93 58 02 48 0E FE
00076F3B: 98 F7 24 61 0E 93 58 02 48 0E F4
00077283: 98 F4 24 61 0E 93 58 02 48 0E 01
00077283: 98 F3 24 61 0E 93 58 02 48 0E 56
00077283: 98 F2 24 61 0E 93 58 02 48 0E F2
00077283: 98 F1 24 61 0E 93 58 02 48 0E 07
00077283: 98 20 24 61 0E 93 58 02 48 0E 6E
000775B8: 96 FD 29 04 15 12 19 04 95
0007763F: 96 FC 29 04 15 12 19 04 A8
000776A9: 96 FB 29 04 15 12 19 04 1B
0007774C: 96 FA 29 04 15 12 19 04 26
0007774C: 96 F9 29 04 15 12 19 04 61
00077867: 96 F8 29 04 15 12 19 04 5C
00077867: 96 F7 29 04 15 12 19 04 1E
00077972: 96 F6 29 04 15 12 19 04 23
00077972: 96 F5 29 04 15 12 19 04 64
00077972: 96 F4 29 04 15 12 19 04 59
00077AFD: 96 F3 29 04 15 12 19 04 EA
00077AFD: 96 F2 29 04 15 12 19 04 D7
00077AFD: 96 F1 29 04 15 12 19 04 90
00077AFD: 96 20 29 04 15 12 19 04 06
00077E4F: 91 FD 24 D1
00077ED4: 91 FC 24 15
00077F1D: 91 FB 24 7B
00077F9D: 91 FA 24 BF
00077FDF: 91 F9 24 EA
00078065: 91 F8 24 2E
000780A7: 91 F7 24 36
0007812C: 91 F6 24 F2
0007816F: 91 F5 24 A7
000781F4: 91 F4 24 63
0007824A: 91 F3 24 0D
000782BE: 91 F2 24 C9
00078305: 91 F1 24 9C
00078384: 91 20 24 00
00078450: 9B F6 24 48 82 D0 0E FF D0 46 A0 F7 24 99
000784C3: 9B F5 24 48 82 D0 0E FF D0 46 A0 F7 24 21
0007856C: 9B F4 24 48 82 D0 0E FF D0 46 A0 F7 24 49
0007856C: 9B F3 24 48 82 D0 0E FF D0 46 A0 F7 24 48
000786F9: 9B F2 24 48 82 D0 0E FF D0 46 A0 F7 24 20
000786F9: 9B F1 24 48 82 D0 0E FF D0 46 A0 F7 24 98
000786F9: 9B 20 24 48 82 D0 0E FF D0 46 A0 F7 24 B3
00078B9B: 9C F1 24 48 82 D0 0E FF D0 49 A0 D0 46 E9 28
00078C1F: 9C 20 24 48 82 D0 0E FF D0 49 A0 D0 46 E9 2B
00078CD1: 97 F3 48 87 59 06 05 48 90 5D
00078D80: 97 F2 48 87 59 06 05 48 90 1E
00078D80: 97 F1 48 87 59 06 05 48 90 DB
00078EAC: 97 20 48 87 59 06 05 48 90 17
00078F83: 9D F6 D0 21 FF D0 32 F8 D1 55 9C F3 D0 9C 00 B4
00079072: 9D F5 D0 21 FF D0 32 F8 D1 55 9C F3 D0 9C 00 C0
00079072: 9D F4 D0 21 FF D0 32 F8 D1 55 9C F3 D0 9C 00 EC
00079220: 9D F3 D0 21 FF D0 32 F8 D1 55 9C F3 D0 9C 00 28
00079220: 9D F2 D0 21 FF D0 32 F8 D1 55 9C F3 D0 9C 00 04
00079220: 9D F1 D0 21 FF D0 32 F8 D1 55 9C F3 D0 9C 00 70
00079220: 9D 20 D0 21 FF D0 32 F8 D1 55 9C F3 D0 9C 00 92
00079220: 55 AA 09 04 01 01 15 01 00 07 10 3C
0007964D: 55 AA 09 04 01 01 15 01 00 07 11 3D
00079A2D: 91 9D 24 8B
00079E1E: 55 AA 09 04 01 01 15 01 00 07 13 3F
0007A206: 55 AA 09 04 01 01 15 01 00 07 14 40
0007A5EE: 55 AA 09 04 01 01 15 01 00 07 15 41
0007A9CC: 91 9D 24 8B
0007AC24: 93 91 D0 05 64 75
0007ADC1: 55 AA 09 04 01 01 15 01 00 07 17 43
0007B1A5: 55 AA 09 04 01 01 15 01 00 07 18 44
0007B58D: 55 AA 09 04 01 01 15 01 00 07 19 45
0007B96C: 91 9D 24 8B
0007BD5E: 55 AA 09 04 01 01 15 01 00 07 1B 47
0007C145: 55 AA 09 04 01 01 15 01 00 07 1C 48
0007C52D: 55 AA 09 04 01 01 15 01 00 07 1D 49
0007C90B: 91 9D 24 8B
0007CCFD: 55 AA 09 04 01 01 15 01 00 07 1F 4B
0007D0E5: 55 AA 09 04 01 01 15 01 00 07 20 4C
0007D4CC: 55 AA 09 04 01 01 15 01 00 07 21 4D
0007D8AC: 91 9D 24 8B
0007DC9D: 55 AA 09 04 01 01 15 01 00 07 23 4F
0007E084: 55 AA 09 04 01 01 15 01 00 07 24 50
0007E46D: 55 AA 09 04 01 01 15 01 00 07 25 51
0007E858: 91 9D 24 8B
0007EC3D: 55 AA 09 04 01 01 15 01 00 07 27 53
0007F024: 55 AA 09 04 01 01 15 01 00 07 28 54
0007F40C: 55 AA 09 04 01 01 15 01 00 07 29 55
0007F7EB: 91 9D 24 8B
0007FA44: 93 91 D0 05 64 75
0007FBDE: 55 AA 09 04 01 01 15 01 00 07 2B 57
0007FFC7: 55 AA 09 04 01 01 15 01 00 07 2C 58
000803AC: 55 AA 09 04 01 01 15 01 00 07 2D 59
0008078B: 91 9D 24 8B
00080B7D: 55 AA 09 04 01 01 15 01 00 07 2F 5B
00080F65: 55 AA 09 04 01 01 15 01 00 07 30 5C
0008134E: 55 AA 09 04 01 01 15 01 00 07 31 5D
0008172B: 91 9D 24 8B
00081B1E: 55 AA 09 04 01 01 15 01 00 07 33 5F
00081F05: 55 AA 09 04 01 01 15 01 00 07 34 60
000822ED: 55 AA 09 04 01 01 15 01 00 07 35 61
000826CC: 91 9D 24 8B
00082ABE: 55 AA 09 04 01 01 15 01 00 07 37 63
00082EA5: 55 AA 09 04 01 01 15 01 00 07 38 64
0008328D: 55 AA 09 04 01 01 15 01 00 07 39 65
0008366C: 91 9D 24 8B
00083A5D: 55 AA 09 04 01 01 15 01 00 07 3B 67
00083E46: 55 AA 09 04 01 01 15 01 00 08 00 2D
0008422C: 55 AA 09 04 01 01 15 01 00 08 01 2E
0008460B: 91 9D 24 8B
00084865: 93 91 D0 05 64 75
000849FD: 55 AA 09 04 01 01 15 01 00 08 03 30
00084DE5: 55 AA 09 04 01 01 15 01 00 08 04 31
000851CC: 55 AA 09 04 01 01 15 01 00 08 05 32
000855AB: 91 9D 24 8B
0008599D: 55 AA 09 04 01 01 15 01 00 08 07 34
00085D84: 55 AA 09 04 01 01 15 01 00 08 08 35
0008616C: 55 AA 09 04 01 01 15 01 00 08 09 36
00086555: 55 AA 09 04 01 01 15 01 00 08 0A 37
0008693C: 55 AA 09 04 01 01 15 01 00 08 0B 38
00086F75: 97 FD 24 61 48 86 F8 48 85 05
00086FD6: 97 FC 24 61 48 86 F8 48 85 46
0008703E: 97 FB 24 61 48 86 F8 48 85 96
000870D2: 97 FA 24 61 48 86 F8 48 85 D5
00087180: 97 F9 24 61 48 86 F8 48 85 10
00087180: 97 F8 24 61 48 86 F8 48 85 53
000872AC: 97 F7 24 61 48 86 F8 48 85 A9
000872AC: 97 F6 24 61 48 86 F8 48 85 EA
000872AC: 97 F5 24 61 48 86 F8 48 85 2F
00087453: 97 F4 24 61 48 86 F8 48 85 6C
00087453: 97 F3 24 61 48 86 F8 48 85 BC
00087453: 97 F2 24 61 48 86 F8 48 85 FF
00087453: 97 F1 24 61 48 86 F8 48 85 3A
00087672: 97 20 24 61 48 86 F8 48 85 F6
00087672: 55 AA 09 04 01 01 15 01 00 08 0E 3B
000878DB: 55 AA 09 04 01 01 15 01 00 08 0F 3C
00087CC4: 55 AA 09 04 01 01 15 01 00 08 10 3D
000880AC: 55 AA 09 04 01 01 15 01 00 08 11 3E
000884AF: 55 AA 09 04 01 01 15 01 00 08 12 3F
0008887C: 55 AA 09 04 01 01 15 01 00 08 13 40
00088C63: 55 AA 09 04 01 01 15 01 00 08 14 41
0008904C: 55 AA 09 04 01 01 15 01 00 08 15 42
00089683: 93 91 D0 05 64 75
0008981E: 55 AA 09 04 01 01 15 01 00 08 17 44
00089C04: 55 AA 09 04 01 01 15 01 00 08 18 45
00089FEC: 55 AA 09 04 01 01 15 01 00 08 19 46
0008A3D3: 55 AA 09 04 01 01 15 01 00 08 1A 47
0008A7F7: 97 FD 24 61 48 86 F8 48 85 05
0008A87D: 97 FC 24 61 48 86 F8 48 85 46
0008A8D6: 97 FB 24 61 48 86 F8 48 85 96
0008A94E: 97 FA 24 61 48 86 F8 48 85 D5
0008A9FA: 97 F9 24 61 48 86 F8 48 85 10
0008A9FA: 97 F8 24 61 48 86 F8 48 85 53
0008AB26: 97 F7 24 61 48 86 F8 48 85 A9
0008AB26: 97 F6 24 61 48 86 F8 48 85 EA
0008AB26: 97 F5 24 61 48 86 F8 48 85 2F
0008ACDB: 97 F4 24 61 48 86 F8 48 85 6C
0008ACDB: 97 F3 24 61 48 86 F8 48 85 BC
0008ACDB: 97 F2 24 61 48 86 F8 48 85 FF
0008ACDB: 97 F1 24 61 48 86 F8 48 85 3A
0008AEFD: 97 20 24 61 48 86 F8 48 85 F6
0008AFAC: 55 AA 09 04 01 01 15 01 00 08 1D 4A
0008B580: 91 9E 24 DE
0008B75C: 55 AA 09 04 01 01 15 01 00 08 1F 4C
0008BB43: 55 AA 09 04 01 01 15 01 00 08 20 4D
0008BF2C: 55 AA 09 04 01 01 15 01 00 08 21 4E
0008C51F: 91 9E 24 DE
0008C6FC: 55 AA 09 04 01 01 15 01 00 08 23 50
0008CAE5: 55 AA 09 04 01 01 15 01 00 08 24 51
0008CECC: 55 AA 09 04 01 01 15 01 00 08 25 52
0008D4C0: 91 9E 24 DE
0008D69D: 55 AA 09 04 01 01 15 01 00 08 27 54
0008DA84: 55 AA 09 04 01 01 15 01 00 08 28 55
0008DE6C: 55 AA 09 04 01 01 15 01 00 08 29 56
0008E460: 91 9E 24 DE
0008E4A4: 93 91 D0 05 64 75
0008E63C: 55 AA 09 04 01 01 15 01 00 08 2B 58
0008EA24: 55 AA 09 04 01 01 15 01 00 08 2C 59
0008EE0D: 55 AA 09 04 01 01 15 01 00 08 2D 5A
0008F400: 91 9E 24 DE
0008F5DB: 55 AA 09 04 01 01 15 01 00 08 2F 5C
0008FC9A: 9A FD 24 D1 41 04 04 D2 35 04 F0 10 7F
0008FD00: 9A FC 24 D1 41 04 04 D2 35 04 F0 10 AA
0008FDA3: 9A FB 24 D1 41 04 04 D2 35 04 F0 10 B3
0008FDA3: 55 AA 09 04 01 01 15 01 00 08 31 5E
0008FDA3: 9A FA 24 D1 41 04 04 D2 35 04 F0 10 66
0008FFAB: 9A F9 24 D1 41 04 04 D2 35 04 F0 10 00
0008FFAB: 9A F8 24 D1 41 04 04 D2 35 04 F0 10 D5
0008FFAB: 9A F7 24 D1 41 04 04 D2 35 04 F0 10 32
0008FFAB: 9A F6 24 D1 41 04 04 D2 35 04 F0 10 E7
00090268: 9A F5 24 D1 41 04 04 D2 35 04 F0 10 81
00090268: 9A F4 24 D1 41 04 04 D2 35 04 F0 10 54
00090268: 9A F3 24 D1 41 04 04 D2 35 04 F0 10 4D
00090268: 9A F2 24 D1 41 04 04 D2 35 04 F0 10 98
000905AD: 95 F6 67 58 01 48 84 4A
000905AD: 95 F5 67 58 01 48 84 13
000905AD: 95 F4 67 58 01 48 84 24
000905AD: 95 F3 67 58 01 48 84 A1
00090766: 95 F2 67 58 01 48 84 96
00090766: 95 F1 67 58 01 48 84 CF
00090766: 95 20 67 58 01 48 84 3C
000908C4: 9C F2 67 58 02 48 84 5B AB F0 E6 33 48 1C DD
000908C4: 9C F1 67 58 02 48 84 5B AB F0 E6 33 48 1C 2D
00090A6C: 9C 20 67 58 02 48 84 5B AB F0 E6 33 48 1C 2E
00090A6C: 55 AA 09 04 01 01 15 01 00 08 34 61
000910A9: 9C FD 67 58 02 48 84 5B AC F0 E6 33 48 1C 43
00091118: 9C FC 67 58 02 48 84 5B AC F0 E6 33 48 1C E4
000911DF: 9C FB 67 58 02 48 84 5B AC F0 E6 33 48 1C BA
000911DF: 9C FA 67 58 02 48 84 5B AC F0 E6 33 48 1C 1D
00091388: 9C F9 67 58 02 48 84 5B AC F0 E6 33 48 1C ED
00091388: 9C F8 67 58 02 48 84 5B AC F0 E6 33 48 1C 4A
00091388: 9C F7 67 58 02 48 84 5B AC F0 E6 33 48 1C 51
00091388: 9C F6 67 58 02 48 84 5B AC F0 E6 33 48 1C F6
000916B4: 9C F5 67 58 02 48 84 5B AC F0 E6 33 48 1C 06
000916B4: 9C F4 67 58 02 48 84 5B AC F0 E6 33 48 1C A1
000916B4: 9C F3 67 58 02 48 84 5B AC F0 E6 33 48 1C FF
000916B4: 9C F2 67 58 02 48 84 5B AC F0 E6 33 48 1C 58
000919F6: 55 AA 09 04 01 01 15 01 00 08 38 65
0009208A: 9C FD 67 58 02 48 84 5B AB F0 E6 33 48 1C C6
00092111: 9C FC 67 58 02 48 84 5B AB F0 E6 33 48 1C 61
000921C6: 9C FB 67 58 02 48 84 5B AB F0 E6 33 48 1C 3F
000922AF: 9C FA 67 58 02 48 84 5B AB F0 E6 33 48 1C 98
000922AF: 9C F9 67 58 02 48 84 5B AB F0 E6 33 48 1C 68
000922AF: 9C F8 67 58 02 48 84 5B AB F0 E6 33 48 1C CF
00092514: 9C F7 67 58 02 48 84 5B AB F0 E6 33 48 1C D4
00092514: 9C F6 67 58 02 48 84 5B AB F0 E6 33 48 1C 73
00092514: 9C F5 67 58 02 48 84 5B AB F0 E6 33 48 1C 83
00092514: 9C F4 67 58 02 48 84 5B AB F0 E6 33 48 1C 24
00092859: 9C F2 67 58 02 48 84 5B AB F0 E6 33 48 1C DD
00092859: 9C F1 67 58 02 48 84 5B AB F0 E6 33 48 1C 2D
00092859: 9C 20 67 58 02 48 84 5B AB F0 E6 33 48 1C 2E
00092ABE: 91 FD 24 D1
00092ABE: 91 FC 24 15
00092ABE: 91 FB 24 7B
00092ABE: 91 FA 24 BF
00092ABE: 91 F9 24 EA
00092ABE: 91 F8 24 2E
00092C1B: 91 F7 24 36
00092C1B: 91 F6 24 F2
00092C1B: 91 F5 24 A7
00092CE3: 91 F4 24 63
00092CE3: 91 F3 24 0D
00092D85: 91 F2 24 C9
00092D85: 91 F1 24 9C
00092E18: 91 20 24 00
00092E18: 99 FD 24 64 58 02 48 84 FC 48 85 0D
00092F12: 99 FC 24 64 58 02 48 84 FC 48 85 C3
00092F12: 99 FB 24 64 58 02 48 84 FC 48 85 9B
00093072: 99 FA 24 64 58 02 48 84 FC 48 85 55
00093072: 99 F9 24 64 58 02 48 84 FC 48 85 1E
00093072: 99 F8 24 64 58 02 48 84 FC 48 85 D0
00093072: 99 F7 24 64 58 02 48 84 FC 48 85 AE
000932F4: 99 F6 24 64 58 02 48 84 FC 48 85 60
000932F4: 99 F5 24 64 58 02 48 84 FC 48 85 2B
000932F4: 99 F4 24 64 58 02 48 84 FC 48 85 E5
000932F4: 99 F3 24 64 58 02 48 84 FC 48 85 BD
000932F4: 99 F2 24 64 58 02 48 84 FC 48 85 73
00093635: 99 20 24 64 58 02 48 84 FC 48 85 C1
00093635: 55 AA 09 04 01 01 15 01 00 09 03 31
00093843: 55 AA 09 04 01 01 15 01 00 09 04 32
00093C2C: 55 AA 09 04 01 01 15 01 00 09 05 33
00094014: 55 AA 09 04 01 01 15 01 00 09 06 34
000943FA: 55 AA 09 04 01 01 15 01 00 09 07 35
00094AB7: 91 FD 24 D1
00094AFF: 91 FC 24 15
00094B7F: 91 FB 24 7B
00094BC8: 91 FA 24 BF
00094C47: 91 F9 24 EA
00094C90: 91 F8 24 2E
00094D10: 91 F7 24 36
00094D53: 91 F6 24 F2
00094DD7: 91 F5 24 A7
00094E1A: 91 F4 24 63
00094E9F: 91 F3 24 0D
00094EE1: 91 F2 24 C9
00094F68: 91 F1 24 9C
00094FA9: 91 20 24 00
0009539D: 55 AA 09 04 01 01 15 01 00 09 0B 39
00095782: 55 AA 09 04 01 01 15 01 00 09 0C 3A
00095B6C: 55 AA 09 04 01 01 15 01 00 09 0D 3B
00095F53: 55 AA 09 04 01 01 15 01 00 09 0E 3C
0009633C: 55 AA 09 04 01 01 15 01 00 09 0F 3D
00096723: 55 AA 09 04 01 01 15 01 00 09 10 3E
00096B8A: 9C F4 24 D0 39 02 46 81 EC AC 0E 13 F4 24 D2
00096C11: 9C F3 24 D0 39 02 46 81 EC AC 0E 13 F4 24 8C
00096CC2: 9C F2 24 D0 39 02 46 81 EC AC 0E 13 F4 24 2B
00096DAF: 9C F1 24 D0 39 02 46 81 EC AC 0E 13 F4 24 DB
00096DAF: 9C 20 24 D0 39 02 46 81 EC AC 0E 13 F4 24 D8
00097293: 9C F4 24 D0 39 02 46 81 EC AB 0E 13 F4 24 83
00097318: 9C F3 24 D0 39 02 46 81 EC AB 0E 13 F4 24 DD
000973D2: 9C F2 24 D0 39 02 46 81 EC AB 0E 13 F4 24 7A
000973D2: 9C F1 24 D0 39 02 46 81 EC AB 0E 13 F4 24 8A
0009757B: 9C 20 24 D0 39 02 46 81 EC AB 0E 13 F4 24 89
00097A20: 9C F4 24 D0 39 02 46 81 EC AC 0E 13 F4 24 D2
00097A98: 9C F3 24 D0 39 02 46 81 EC AC 0E 13 F4 24 8C
00097B5A: 9C F2 24 D0 39 02 46 81 EC AC 0E 13 F4 24 2B
00097B5A: 9C F1 24 D0 39 02 46 81 EC AC 0E 13 F4 24 DB
00097CFF: 9C 20 24 D0 39 02 46 81 EC AC 0E 13 F4 24 D8
000980E2: 93 91 D0 05 64 75
0009816B: 9C F4 24 D0 39 02 46 81 EC AB 0E 13 F4 24 83
000981F0: 9C F3 24 D0 39 02 46 81 EC AB 0E 13 F4 24 DD
000982A1: 9C F2 24 D0 39 02 46 81 EC AB 0E 13 F4 24 7A
0009838E: 9C F1 24 D0 39 02 46 81 EC AB 0E 13 F4 24 8A
0009838E: 9C 20 24 D0 39 02 46 81 EC AB 0E 13 F4 24 89
000988B4: 9C F4 24 D0 39 02 46 81 EC AC 0E 13 F4 24 D2
0009893B: 9C F3 24 D0 39 02 46 81 EC AC 0E 13 F4 24 8C
000989F5: 9C F2 24 D0 39 02 46 81 EC AC 0E 13 F4 24 2B
000989F5: 9C F1 24 D0 39 02 46 81 EC AC 0E 13 F4 24 DB
00098B9E: 9C 20 24 D0 39 02 46 81 EC AC 0E 13 F4 24 D8
00099043: 9B FD 24 5B 02 88 66 00 48 89 64 FD 24 58
000990B0: 9B FC 24 5B 02 88 66 00 48 89 64 FD 24 30
0009915C: 9B FB 24 5B 02 88 66 00 48 89 64 FD 24 31
0009923D: 9B FA 24 5B 02 88 66 00 48 89 64 FD 24 59
0009923D: 9B F9 24 5B 02 88 66 00 48 89 64 FD 24 E1
0009923D: 9B F8 24 5B 02 88 66 00 48 89 64 FD 24 89
0009947C: 9B F7 24 5B 02 88 66 00 48 89 64 FD 24 E3
0009947C: 9B F6 24 5B 02 88 66 00 48 89 64 FD 24 8B
0009947C: 9B F5 24 5B 02 88 66 00 48 89 64 FD 24 33
0009947C: 9B F4 24 5B 02 88 66 00 48 89 64 FD 24 5B
000997E7: 9B F2 24 5B 02 88 66 00 48 89 64 FD 24 32
000997E7: 9B F1 24 5B 02 88 66 00 48 89 64 FD 24 8A
000997E7: 9B 20 24 5B 02 88 66 00 48 89 64 FD 24 A1
000997E7: 95 FD 24 64 F2 48 85 78
000997E7: 95 FC 24 64 F2 48 85 4F
00099AED: 95 FB 24 64 F2 48 85 CA
00099AED: 95 FA 24 64 F2 48 85 FD
00099AED: 95 F9 24 64 F2 48 85 A4
00099AED: 95 F8 24 64 F2 48 85 93
00099AED: 95 F7 24 64 F2 48 85 B7
00099AED: 95 F6 24 64 F2 48 85 80
00099AED: 95 F5 24 64 F2 48 85 D9
00099AED: 95 F4 24 64 F2 48 85 EE
00099E3F: 95 F3 24 64 F2 48 85 6B
00099E3F: 95 F2 24 64 F2 48 85 5C
00099E3F: 95 F1 24 64 F2 48 85 05
00099E3F: 95 20 24 64 F2 48 85 F6
00099E3F: 55 AA 09 04 01 01 15 01 00 09 1E 4C
0009A3C7: 91 9F 24 1A
0009A5A3: 55 AA 09 04 01 01 15 01 00 09 20 4E
0009A98A: 55 AA 09 04 01 01 15 01 00 09 21 4F
0009AD72: 55 AA 09 04 01 01 15 01 00 09 22 50
0009B367: 91 9F 24 1A
0009B544: 55 AA 09 04 01 01 15 01 00 09 24 52
0009B92A: 55 AA 09 04 01 01 15 01 00 09 25 53
0009BD13: 55 AA 09 04 01 01 15 01 00 09 26 54
0009C306: 91 9F 24 1A
0009C4E3: 55 AA 09 04 01 01 15 01 00 09 28 56
0009C8CA: 55 AA 09 04 01 01 15 01 00 09 29 57
0009CF01: 93 91 D0 05 64 75
0009D2A7: 91 9F 24 1A
0009D482: 55 AA 09 04 01 01 15 01 00 09 2C 5A
0009D86A: 55 AA 09 04 01 01 15 01 00 09 2D 5B
0009DC53: 55 AA 09 04 01 01 15 01 00 09 2E 5C
0009E246: 91 9F 24 1A
0009E422: 55 AA 09 04 01 01 15 01 00 09 30 5E
0009E80A: 55 AA 09 04 01 01 15 01 00 09 31 5F
0009EBF2: 55 AA 09 04 01 01 15 01 00 09 32 60
0009F1E6: 91 9F 24 1A
0009F3C3: 55 AA 09 04 01 01 15 01 00 09 34 62
0009F7AA: 55 AA 09 04 01 01 15 01 00 09 35 63
0009FBA7: 55 AA 09 04 01 01 15 01 00 09 36 64
0009FF79: 55 AA 09 04 01 01 15 01 00 09 37 65
000A007D: 99 FD 24 64 58 02 48 84 FC 48 85 0D
000A00E8: 99 FC 24 64 58 02 48 84 FC 48 85 C3
000A0166: 99 FB 24 64 58 02 48 84 FC 48 85 9B
000A0224: 99 FA 24 64 58 02 48 84 FC 48 85 55
000A0224: 99 F9 24 64 58 02 48 84 FC 48 85 1E
000A0382: 99 F8 24 64 58 02 48 84 FC 48 85 D0
000A0382: 99 F7 24 64 58 02 48 84 FC 48 85 AE
000A0382: 99 F6 24 64 58 02 48 84 FC 48 85 60
000A0382: 99 F5 24 64 58 02 48 84 FC 48 85 2B
000A060C: 99 F4 24 64 58 02 48 84 FC 48 85 E5
000A060C: 99 F3 24 64 58 02 48 84 FC 48 85 BD
000A060C: 99 F2 24 64 58 02 48 84 FC 48 85 73
000A060C: 99 F1 24 64 58 02 48 84 FC 48 85 38
000A060C: 99 20 24 64 58 02 48 84 FC 48 85 C1
000A092C: 55 AA 09 04 01 01 15 01 00 09 39 67
000A0D3E: 91 90 24 02
000A0F1B: 55 AA 09 04 01 01 15 01 00 09 3B 69
000A1302: 55 AA 09 04 01 01 15 01 00 0A 00 2F
000A16EC: 55 AA 09 04 01 01 15 01 00 0A 01 30
000A1CDF: 91 90 24 02
000A1D28: 93 91 D0 05 64 75
000A1EBB: 55 AA 09 04 01 01 15 01 00 0A 03 32
000A22A2: 55 AA 09 04 01 01 15 01 00 0A 04 33
000A2689: 55 AA 09 04 01 01 15 01 00 0A 05 34
000A2C7E: 91 90 24 02
000A2E5A: 55 AA 09 04 01 01 15 01 00 0A 07 36
000A3242: 55 AA 09 04 01 01 15 01 00 0A 08 37
000A3629: 55 AA 09 04 01 01 15 01 00 0A 09 38
000A3C1E: 91 90 24 02
000A3DFA: 55 AA 09 04 01 01 15 01 00 0A 0B 3A
000A41E1: 55 AA 09 04 01 01 15 01 00 0A 0C 3B
000A45C9: 55 AA 09 04 01 01 15 01 00 0A 0D 3C
000A4BBE: 91 90 24 02
000A517C: 9D FD 24 0D 62 D0 33 F0 D1 41 09 04 D0 45 A0 D1
000A51F0: 9D FC 24 0D 62 D0 33 F0 D1 41 09 04 D0 45 A0 FD
000A52D9: 9D FB 24 0D 62 D0 33 F0 D1 41 09 04 D0 45 A0 39
000A52D9: 9D FA 24 0D 62 D0 33 F0 D1 41 09 04 D0 45 A0 15
000A5493: 9D F9 24 0D 62 D0 33 F0 D1 41 09 04 D0 45 A0 61
000A5493: 9D F8 24 0D 62 D0 33 F0 D1 41 09 04 D0 45 A0 4D
000A5493: 9D F7 24 0D 62 D0 33 F0 D1 41 09 04 D0 45 A0 F0
000A5493: 9D F6 24 0D 62 D0 33 F0 D1 41 09 04 D0 45 A0 DC
000A57E5: 9D F5 24 0D 62 D0 33 F0 D1 41 09 04 D0 45 A0 A8
000A57E5: 9D F4 24 0D 62 D0 33 F0 D1 41 09 04 D0 45 A0 84
000A57E5: 9D F3 24 0D 62 D0 33 F0 D1 41 09 04 D0 45 A0 40
000A5B29: 55 AA 09 04 01 01 15 01 00 0A 12 41
000A600D: 91 FD 24 D1
000A605D: 91 FC 24 15
000A60D5: 91 FB 24 7B
000A611D: 91 FA 24 BF
000A619E: 91 F9 24 EA
000A61E6: 91 F8 24 2E
000A6266: 91 F7 24 36
000A62A9: 91 F6 24 F2
000A6330: 91 F5 24 A7
000A6371: 91 F4 24 63
000A63F5: 91 F3 24 0D
000A6438: 91 F2 24 C9
000A64BD: 91 F1 24 9C
000A6508: 91 20 24 00
000A6B41: 93 91 D0 05 64 75
000A6FAD: 91 FD 24 D1
000A6FF6: 91 FC 24 15
000A7077: 91 FB 24 7B
000A70B8: 91 FA 24 BF
000A7140: 91 F9 24 EA
000A717F: 91 F8 24 2E
000A7205: 91 F7 24 36
000A7248: 91 F6 24 F2
000A72CD: 91 F5 24 A7
000A7315: 91 F4 24 63
000A7395: 91 F3 24 0D
000A73DD: 91 F2 24 C9
000A745D: 91 F1 24 9C
000A74A6: 91 20 24 00
000A7891: 55 AA 09 04 01 01 15 01 00 0A 1A 49
000A7C79: 55 AA 09 04 01 01 15 01 00 0A 1B 4A
000A8338: 9F FD 24 29 04 15 15 19 19 D2 35 00 F2 01 02 20 66 80
000A83B4: 9F FC 24 29 04 15 15 19 19 D2 35 00 F2 01 02 20 66 0C
000A84CA: 9F FB 24 29 04 15 15 19 19 D2 35 00 F2 01 02 20 66 83
000A84CA: 9F FA 24 29 04 15 15 19 19 D2 35 00 F2 01 02 20 66 0F
000A86BB: 9F F9 24 29 04 15 15 19 19 D2 35 00 F2 01 02 20 66 82
000A86BB: 9F F8 24 29 04 15 15 19 19 D2 35 00 F2 01 02 20 66 0E
000A86BB: 9F F7 24 29 04 15 15 19 19 D2 35 00 F2 01 02 20 66 85
000A8A2D: 9F F5 24 29 04 15 15 19 19 D2 35 00 F2 01 02 20 66 84
000A8A2D: 9F F4 24 29 04 15 15 19 19 D2 35 00 F2 01 02 20 66 08
000A8A2D: 9F F3 24 29 04 15 15 19 19 D2 35 00 F2 01 02 20 66 87
000A8D74: 9F FD 24 0D 48 82 D0 0E FF D0 46 A0 59 09 04 48 0F 97
000A8D74: 9F FC 24 0D 48 82 D0 0E FF D0 46 A0 59 09 04 48 0F 1B
000A8D74: 9F FB 24 0D 48 82 D0 0E FF D0 46 A0 59 09 04 48 0F 94
000A90BA: 9F F7 24 0D 48 82 D0 0E FF D0 46 A0 59 09 04 48 0F 92
000A90BA: 9F F6 24 0D 48 82 D0 0E FF D0 46 A0 59 09 04 48 0F 1E
000A90BA: 9F F5 24 0D 48 82 D0 0E FF D0 46 A0 59 09 04 48 0F 93
000A93FE: 9F 20 24 0D 48 82 D0 0E FF D0 46 A0 59 09 04 48 0F 75
000A93FE: 55 AA 09 04 01 01 15 01 00 0A 21 50
000A97D0: 55 AA 09 04 01 01 15 01 00 0A 22 51
000A9BB8: 55 AA 09 04 01 01 15 01 00 0A 23 52
000A9FA0: 55 AA 09 04 01 01 15 01 00 0A 24 53
000AA513: 9C F1 24 0E 13 F2 62 F2 64 F2 48 85 58 0F AA
000AA598: 9C 20 24 0E 13 F2 62 F2 64 F2 48 85 58 0F A9
000AA771: 55 AA 09 04 01 01 15 01 00 0A 26 55
000AAB50: 91 91 24 C6
000AAF43: 55 AA 09 04 01 01 15 01 00 0A 28 57
000AB329: 55 AA 09 04 01 01 15 01 00 0A 29 58
000AB960: 93 91 D0 05 64 75
000ABAF0: 91 91 24 C6
000ABEE1: 55 AA 09 04 01 01 15 01 00 0A 2C 5B
000AC2CA: 55 AA 09 04 01 01 15 01 00 0A 2D 5C
000AC6B1: 55 AA 09 04 01 01 15 01 00 0A 2E 5D
000ACA90: 91 91 24 C6
000ACE82: 55 AA 09 04 01 01 15 01 00 0A 30 5F
000AD269: 55 AA 09 04 01 01 15 01 00 0A 31 60
000AD651: 55 AA 09 04 01 01 15 01 00 0A 32 61
000ADA2F: 91 91 24 C6
000ADE21: 55 AA 09 04 01 01 15 01 00 0A 34 63
000AE208: 55 AA 09 04 01 01 15 01 00 0A 35 64
000AE5F0: 55 AA 09 04 01 01 15 01 00 0A 36 65
000AE9CF: 91 91 24 C6
000AEDC1: 55 AA 09 04 01 01 15 01 00 0A 38 67
000AF1A9: 55 AA 09 04 01 01 15 01 00 0A 39 68
000AF590: 55 AA 09 04 01 01 15 01 00 0A 3A 69
000AF96F: 91 91 24 C6
000AFD60: 55 AA 09 04 01 01 15 01 00 0B 00 30
000B0148: 55 AA 09 04 01 01 15 01 00 0B 01 31
000B0780: 93 91 D0 05 64 75
000B090E: 91 91 24 C6
000B0D00: 55 AA 09 04 01 01 15 01 00 0B 04 34
000B10E8: 55 AA 09 04 01 01 15 01 00 0B 05 35
000B11AA: 9D FD 24 0D 62 D0 33 F0 D1 41 09 04 D0 45 A0 D1
000B1230: 9D FC 24 0D 62 D0 33 F0 D1 41 09 04 D0 45 A0 FD
000B1303: 9D FB 24 0D 62 D0 33 F0 D1 41 09 04 D0 45 A0 39
000B1303: 9D FA 24 0D 62 D0 33 F0 D1 41 09 04 D0 45 A0 15
000B14C1: 9D F9 24 0D 62 D0 33 F0 D1 41 09 04 D0 45 A0 61
000B14C1: 9D F8 24 0D 62 D0 33 F0 D1 41 09 04 D0 45 A0 4D
000B14C1: 9D F7 24 0D 62 D0 33 F0 D1 41 09 04 D0 45 A0 F0
000B14C1: 9D F6 24 0D 62 D0 33 F0 D1 41 09 04 D0 45 A0 DC
000B1813: 9D F5 24 0D 62 D0 33 F0 D1 41 09 04 D0 45 A0 A8
000B1813: 9D F4 24 0D 62 D0 33 F0 D1 41 09 04 D0 45 A0 84
000B1813: 9D F3 24 0D 62 D0 33 F0 D1 41 09 04 D0 45 A0 40
000B1B57: 55 AA 09 04 01 01 15 01 00 0B 07 37
000B1CA0: 55 AA 09 04 01 01 15 01 00 0B 08 38
000B2087: 55 AA 09 04 01 01 15 01 00 0B 09 39
000B2746: 94 FD 48 85 58 0F CC
000B27CB: 94 FC 48 85 58 0F 01
000B2820: 94 FB 48 85 58 0F 50
000B2893: 94 FA 48 85 58 0F 9D
000B28E8: 94 F9 48 85 58 0F D3
000B295B: 94 F8 48 85 58 0F 1E
000B29B8: 94 F7 48 85 58 0F 71
000B2A42: 94 F6 48 85 58 0F BC
000B2ACB: 94 F5 48 85 58 0F F2
000B2B55: 94 F4 48 85 58 0F 3F
000B2B55: 94 F3 48 85 58 0F 6E
000B2C35: 94 F2 48 85 58 0F A3
000B2C35: 94 F1 48 85 58 0F ED
000B2D17: 94 20 48 85 58 0F 7E
000B3235: 91 92 24 93
000B3410: 55 AA 09 04 01 01 15 01 00 0B 0E 3E
000B37F9: 55 AA 09 04 01 01 15 01 00 0B 0F 3F
000B3BDF: 55 AA 09 04 01 01 15 01 00 0B 10 40
000B41D3: 91 92 24 93
000B43AF: 55 AA 09 04 01 01 15 01 00 0B 12 42
000B4797: 55 AA 09 04 01 01 15 01 00 0B 13 43
000B4B7F: 55 AA 09 04 01 01 15 01 00 0B 14 44
000B5173: 91 92 24 93
000B559F: 93 91 D0 05 64 75
000B5738: 55 AA 09 04 01 01 15 01 00 0B 17 47
000B5B20: 55 AA 09 04 01 01 15 01 00 0B 18 48
000B6114: 91 92 24 93
000B62F1: 55 AA 09 04 01 01 15 01 00 0B 1A 4A
000B66D7: 55 AA 09 04 01 01 15 01 00 0B 1B 4B
000B6AC1: 55 AA 09 04 01 01 15 01 00 0B 1C 4C
000B70B5: 91 92 24 93
000B7291: 55 AA 09 04 01 01 15 01 00 0B 1E 4E
000B7678: 55 AA 09 04 01 01 15 01 00 0B 1F 4F
000B7A5F: 55 AA 09 04 01 01 15 01 00 0B 20 50
000B8053: 91 92 24 93
000B822F: 55 AA 09 04 01 01 15 01 00 0B 22 52
000B8617: 55 AA 09 04 01 01 15 01 00 0B 23 53
000B89B6: 9F F6 26 61 0E 88 58 F0 48 04 D0 42 16 D0 45 83 0D B9
000B8A48: 9F F5 26 61 0E 88 58 F0 48 04 D0 42 16 D0 45 83 0D 34
000B8B4E: 9F F4 26 61 0E 88 58 F0 48 04 D0 42 16 D0 45 83 0D B8
000B8B4E: 9F F3 26 61 0E 88 58 F0 48 04 D0 42 16 D0 45 83 0D 37
000B8D42: 9F F2 26 61 0E 88 58 F0 48 04 D0 42 16 D0 45 83 0D BB
000B8D42: 9F F1 26 61 0E 88 58 F0 48 04 D0 42 16 D0 45 83 0D 36
000B8D42: 9F 20 26 61 0E 88 58 F0 48 04 D0 42 16 D0 45 83 0D D2
000B9017: 9E 93 26 61 0E 88 58 F0 48 04 D0 42 16 D0 45 83 CE
000B91D0: 55 AA 09 04 01 01 15 01 00 0B 26 56
000B95B6: 55 AA 09 04 01 01 15 01 00 0B 27 57
000B9BAF: 9E 93 26 61 0E 88 58 F0 48 04 D0 42 16 D0 45 83 CE
000B9D87: 55 AA 09 04 01 01 15 01 00 0B 29 59
000BA3BF: 93 91 D0 05 64 75
000BA768: 9E 93 26 61 0E 88 58 F0 48 04 D0 42 16 D0 45 83 CE
000BA940: 55 AA 09 04 01 01 15 01 00 0B 2C 5C
000BAD27: 55 AA 09 04 01 01 15 01 00 0B 2D 5D
000BB31F: 9E 93 26 61 0E 88 58 F0 48 04 D0 42 16 D0 45 83 CE
000BB4F7: 55 AA 09 04 01 01 15 01 00 0B 2F 5F
000BB8DE: 55 AA 09 04 01 01 15 01 00 0B 30 60
000BBED6: 9E 93 26 61 0E 88 58 F0 48 04 D0 42 16 D0 45 83 CE
000BC0AF: 55 AA 09 04 01 01 15 01 00 0B 32 62
000BC496: 55 AA 09 04 01 01 15 01 00 0B 33 63
000BCA8E: 9E 93 26 61 0E 88 58 F0 48 04 D0 42 16 D0 45 83 CE
000BCC67: 55 AA 09 04 01 01 15 01 00 0B 35 65
000BD050: 55 AA 09 04 01 01 15 01 00 0B 36 66
000BD437: 55 AA 09 04 01 01 15 01 00 0B 37 67
000BD658: 9E 93 26 61 0E 88 58 F0 48 04 D0 42 16 D0 45 83 CE
000BD820: 55 AA 09 04 01 01 15 01 00 0B 38 68
000BDF63: 9E F6 26 64 0E 8D 58 F0 48 04 D0 42 16 D0 45 83 5D
000BDFE5: 9E F5 26 64 0E 8D 58 F0 48 04 D0 42 16 D0 45 83 C4
000BE0D5: 9E F4 26 64 0E 8D 58 F0 48 04 D0 42 16 D0 45 83 44
000BE0D5: 9E F3 26 64 0E 8D 58 F0 48 04 D0 42 16 D0 45 83 EF
000BE2B0: 9E F2 26 64 0E 8D 58 F0 48 04 D0 42 16 D0 45 83 6F
000BE2B0: 9E F1 26 64 0E 8D 58 F0 48 04 D0 42 16 D0 45 83 F6
000BE2B0: 9E 20 26 64 0E 8D 58 F0 48 04 D0 42 16 D0 45 83 A3
000BE66D: 9E 94 26 64 0E 8D 58 F0 48 04 D0 42 16 D0 45 83 C6
000BE7BF: 55 AA 09 04 01 01 15 01 00 0C 00 31
000BEBA6: 55 AA 09 04 01 01 15 01 00 0C 01 32
000BF1DD: 93 91 D0 05 64 75
000BF23F: 9E 94 26 64 0E 8D 58 F0 48 04 D0 42 16 D0 45 83 C6
000BF377: 55 AA 09 04 01 01 15 01 00 0C 03 34
000BF75E: 55 AA 09 04 01 01 15 01 00 0C 04 35
000BFDDB: 9E 94 26 64 0E 8D 58 F0 48 04 D0 42 16 D0 45 83 C6
000BFF2E: 55 AA 09 04 01 01 15 01 00 0C 06 37
000C0317: 55 AA 09 04 01 01 15 01 00 0C 07 38
000C0994: 9E 94 26 64 0E 8D 58 F0 48 04 D0 42 16 D0 45 83 C6
000C0AE7: 55 AA 09 04 01 01 15 01 00 0C 09 3A
000C0ECE: 55 AA 09 04 01 01 15 01 00 0C 0A 3B
000C154B: 9E 94 26 64 0E 8D 58 F0 48 04 D0 42 16 D0 45 83 C6
000C169F: 55 AA 09 04 01 01 15 01 00 0C 0C 3D
000C1A86: 55 AA 09 04 01 01 15 01 00 0C 0D 3E
000C2103: 9E 94 26 64 0E 8D 58 F0 48 04 D0 42 16 D0 45 83 C6
000C226C: 55 AA 09 04 01 01 15 01 00 0C 0F 40
000C263E: 55 AA 09 04 01 01 15 01 00 0C 10 41
000C2CBC: 9E 94 26 64 0E 8D 58 F0 48 04 D0 42 16 D0 45 83 C6
000C2E10: 55 AA 09 04 01 01 15 01 00 0C 12 43
000C31F6: 55 AA 09 04 01 01 15 01 00 0C 13 44
000C3873: 9E 94 26 64 0E 8D 58 F0 48 04 D0 42 16 D0 45 83 C6
000C39C6: 55 AA 09 04 01 01 15 01 00 0C 15 46
000C3FFC: 93 91 D0 05 64 75
000C442B: 9E 94 26 64 0E 8D 58 F0 48 04 D0 42 16 D0 45 83 C6
000C457E: 55 AA 09 04 01 01 15 01 00 0C 18 49
000C4966: 55 AA 09 04 01 01 15 01 00 0C 19 4A
000C4FE2: 9E 94 26 64 0E 8D 58 F0 48 04 D0 42 16 D0 45 83 C6
000C5136: 55 AA 09 04 01 01 15 01 00 0C 1B 4C
000C551D: 55 AA 09 04 01 01 15 01 00 0C 1C 4D
000C5B9B: 9E 94 26 64 0E 8D 58 F0 48 04 D0 42 16 D0 45 83 C6
000C5CEE: 55 AA 09 04 01 01 15 01 00 0C 1E 4F
000C60D6: 55 AA 09 04 01 01 15 01 00 0C 1F 50
000C64BE: 55 AA 09 04 01 01 15 01 00 0C 20 51
000C68A6: 55 AA 09 04 01 01 15 01 00 0C 21 52
000C6EDF: 9E F6 26 61 0E 97 58 F0 48 04 D0 42 16 D0 45 83 FC
000C6F67: 9E F5 26 61 0E 97 58 F0 48 04 D0 42 16 D0 45 83 65
000C705A: 9E F4 26 61 0E 97 58 F0 48 04 D0 42 16 D0 45 83 E5
000C705A: 9E F3 26 61 0E 97 58 F0 48 04 D0 42 16 D0 45 83 4E
000C7234: 9E F2 26 61 0E 97 58 F0 48 04 D0 42 16 D0 45 83 CE
000C7234: 9E F1 26 61 0E 97 58 F0 48 04 D0 42 16 D0 45 83 57
000C7234: 9E 20 26 61 0E 97 58 F0 48 04 D0 42 16 D0 45 83 02
000C76F4: 9E 95 26 61 0E 97 58 F0 48 04 D0 42 16 D0 45 83 E7
000C7847: 55 AA 09 04 01 01 15 01 00 0C 25 56
000C7C2D: 55 AA 09 04 01 01 15 01 00 0C 26 57
000C82AA: 9E 95 26 61 0E 97 58 F0 48 04 D0 42 16 D0 45 83 E7
000C83FD: 55 AA 09 04 01 01 15 01 00 0C 28 59
000C87E5: 55 AA 09 04 01 01 15 01 00 0C 29 5A
000C8E1E: 93 91 D0 05 64 75
000C8E6E: 9E 95 26 61 0E 97 58 F0 48 04 D0 42 16 D0 45 83 E7
000C8FB4: 55 AA 09 04 01 01 15 01 00 0C 2B 5C
000C939E: 55 AA 09 04 01 01 15 01 00 0C 2C 5D
000C9A1B: 9E 95 26 61 0E 97 58 F0 48 04 D0 42 16 D0 45 83 E7
000C9B6E: 55 AA 09 04 01 01 15 01 00 0C 2E 5F
000C9F55: 55 AA 09 04 01 01 15 01 00 0C 2F 60
000CA5D2: 9E 95 26 61 0E 97 58 F0 48 04 D0 42 16 D0 45 83 E7
000CA726: 55 AA 09 04 01 01 15 01 00 0C 31 62
000CAB0D: 55 AA 09 04 01 01 15 01 00 0C 32 63
000CB189: 9E 95 26 61 0E 97 58 F0 48 04 D0 42 16 D0 45 83 E7
000CB2DE: 55 AA 09 04 01 01 15 01 00 0C 34 65
000CB6C5: 55 AA 09 04 01 01 15 01 00 0C 35 66
000CBD42: 9E 95 26 61 0E 97 58 F0 48 04 D0 42 16 D0 45 83 E7
000CBE96: 55 AA 09 04 01 01 15 01 00 0C 37 68
000CC27D: 55 AA 09 04 01 01 15 01 00 0C 38 69
000CC8F9: 9E 95 26 61 0E 97 58 F0 48 04 D0 42 16 D0 45 83 E7
000CCA4D: 55 AA 09 04 01 01 15 01 00 0C 3A 6B
000CCE34: 55 AA 09 04 01 01 15 01 00 0C 3B 6C
000CD4B1: 9E 95 26 61 0E 97 58 F0 48 04 D0 42 16 D0 45 83 E7
000CD605: 55 AA 09 04 01 01 15 01 00 0D 01 33
000CDC3C: 93 91 D0 05 64 75
000CE06B: 9E 95 26 61 0E 97 58 F0 48 04 D0 42 16 D0 45 83 E7
000CE1BD: 55 AA 09 04 01 01 15 01 00 0D 04 36
000CE5A4: 55 AA 09 04 01 01 15 01 00 0D 05 37
000CEC21: 9E 95 26 61 0E 97 58 F0 48 04 D0 42 16 D0 45 83 E7
000CEE38: 9E FD 29 04 15 15 04 12 D2 35 00 F2 01 02 20 66 3B
000CEEAF: 9E FC 29 04 15 15 04 12 D2 35 00 F2 01 02 20 66 BB
000CEFA9: 9E FB 29 04 15 15 04 12 D2 35 00 F2 01 02 20 66 10
000CEFA9: 9E FA 29 04 15 15 04 12 D2 35 00 F2 01 02 20 66 90
000CF184: 9E F9 29 04 15 15 04 12 D2 35 00 F2 01 02 20 66 09
000CF184: 9E F8 29 04 15 15 04 12 D2 35 00 F2 01 02 20 66 89
000CF184: 9E F7 29 04 15 15 04 12 D2 35 00 F2 01 02 20 66 46
000CF184: 9E F6 29 04 15 15 04 12 D2 35 00 F2 01 02 20 66 C6
000CF507: 9E F5 29 04 15 15 04 12 D2 35 00 F2 01 02 20 66 5F
000CF507: 9E F4 29 04 15 15 04 12 D2 35 00 F2 01 02 20 66 DF
000CF507: 9E F3 29 04 15 15 04 12 D2 35 00 F2 01 02 20 66 74
000CF855: 9F FD 26 0D 48 82 D0 0E FF D0 46 A0 59 09 0B 48 0F D1
000CF855: 9F FC 26 0D 48 82 D0 0E FF D0 46 A0 59 09 0B 48 0F 5D
000CF855: 9F FB 26 0D 48 82 D0 0E FF D0 46 A0 59 09 0B 48 0F D2
000CFC7C: 9F F7 26 0D 48 82 D0 0E FF D0 46 A0 59 09 0B 48 0F D4
000CFC7C: 9F F6 26 0D 48 82 D0 0E FF D0 46 A0 59 09 0B 48 0F 58
000CFC7C: 9F F5 26 0D 48 82 D0 0E FF D0 46 A0 59 09 0B 48 0F D5
000CFFC1: 55 AA 09 04 01 01 15 01 00 0D 0B 3D
000D00FB: 55 AA 09 04 01 01 15 01 00 0D 0C 3E
000D04E3: 55 AA 09 04 01 01 15 01 00 0D 0D 3F
000D08CB: 55 AA 09 04 01 01 15 01 00 0D 0E 40
000D0CB3: 55 AA 09 04 01 01 15 01 00 0D 0F 41
000D109C: 55 AA 09 04 01 01 15 01 00 0D 10 42
000D1485: 55 AA 09 04 01 01 15 01 00 0D 11 43
000D1AFE: 92 FD 48 85 25
000D1B83: 92 FC 48 85 8E
000D1BD0: 92 FB 48 85 F4
000D1C4B: 92 FA 48 85 5F
000D1C97: 92 F9 48 85 BB
000D1D14: 92 F8 48 85 10
000D1D5D: 92 F7 48 85 4F
000D1DDB: 92 F6 48 85 E4
000D1E21: 92 F5 48 85 00
000D1EA3: 92 F4 48 85 AB
000D1EE7: 92 F3 48 85 D1
000D1F6B: 92 F2 48 85 7A
000D1FB6: 92 F1 48 85 9E
000D2033: 92 20 48 85 2C
000D228E: 9C F4 24 48 86 58 0C 61 D0 33 F0 D0 45 83 11
000D2314: 9C F3 24 48 86 58 0C 61 D0 33 F0 D0 45 83 4F
000D23CB: 9C F2 24 48 86 58 0C 61 D0 33 F0 D0 45 83 E8
000D24B2: 9C F1 24 48 86 58 0C 61 D0 33 F0 D0 45 83 18
000D24B2: 9C 20 24 48 86 58 0C 61 D0 33 F0 D0 45 83 1B
000D2A5C: 93 91 D0 05 64 75
000D2BF4: 55 AA 09 04 01 01 15 01 00 0D 17 49
000D2FDB: 55 AA 09 04 01 01 15 01 00 0D 18 4A
000D33C3: 55 AA 09 04 01 01 15 01 00 0D 19 4B
000D37AB: 55 AA 09 04 01 01 15 01 00 0D 1A 4C
000D3C96: 94 FD 48 85 58 28 6C
000D3CEB: 94 FC 48 85 58 28 A1
000D3D5E: 94 FB 48 85 58 28 F0
000D3DC1: 94 FA 48 85 58 28 3D
000D3E26: 94 F9 48 85 58 28 73
000D3E80: 94 F8 48 85 58 28 BE
000D3F09: 94 F7 48 85 58 28 D1
000D3F93: 94 F6 48 85 58 28 1C
000D401C: 94 F5 48 85 58 28 52
000D401C: 94 F4 48 85 58 28 9F
000D40FD: 94 F3 48 85 58 28 CE
000D40FD: 94 F2 48 85 58 28 03
000D41E6: 94 F1 48 85 58 28 4D
000D41E6: 94 20 48 85 58 28 DE
000D4365: 55 AA 09 04 01 01 15 01 00 0D 1D 4F
000D474C: 55 AA 09 04 01 01 15 01 00 0D 1E 50
000D4B33: 55 AA 09 04 01 01 15 01 00 0D 1F 51
000D4F1C: 55 AA 09 04 01 01 15 01 00 0D 20 52
000D5306: 55 AA 09 04 01 01 15 01 00 0D 21 53
000D56EC: 55 AA 09 04 01 01 15 01 00 0D 22 54
000D5AD3: 55 AA 09 04 01 01 15 01 00 0D 23 55
000D5EBC: 55 AA 09 04 01 01 15 01 00 0D 24 56
000D62A3: 55 AA 09 04 01 01 15 01 00 0D 25 57
000D668D: 55 AA 09 04 01 01 15 01 00 0D 26 58
000D6A74: 55 AA 09 04 01 01 15 01 00 0D 27 59
000D6E5B: 55 AA 09 04 01 01 15 01 00 0D 28 5A
000D7244: 55 AA 09 04 01 01 15 01 00 0D 29 5B
000D787A: 93 91 D0 05 64 75
000D7988: 9A FD 24 67 58 04 48 84 D0 3D 01 74 0B
000D7A0D: 9A FC 24 67 58 04 48 84 D0 3D 01 74 DE
000D7A86: 9A FB 24 67 58 04 48 84 D0 3D 01 74 C7
000D7B5A: 9A FA 24 67 58 04 48 84 D0 3D 01 74 12
000D7B5A: 9A F9 24 67 58 04 48 84 D0 3D 01 74 74
000D7CD1: 9A F8 24 67 58 04 48 84 D0 3D 01 74 A1
000D7CD1: 9A F7 24 67 58 04 48 84 D0 3D 01 74 46
000D7CD1: 9A F6 24 67 58 04 48 84 D0 3D 01 74 93
000D7CD1: 9A F5 24 67 58 04 48 84 D0 3D 01 74 F5
000D7F8C: 9A F4 24 67 58 04 48 84 D0 3D 01 74 20
000D7F8C: 9A F3 24 67 58 04 48 84 D0 3D 01 74 39
000D7F8C: 9A F2 24 67 58 04 48 84 D0 3D 01 74 EC
000D7F8C: 9A F1 24 67 58 04 48 84 D0 3D 01 74 8A
000D82DE: 94 F5 74 73 F6 74 1E
000D82DE: 94 F4 74 73 F6 74 D3
000D82DE: 94 F3 74 73 F6 74 82
000D82DE: 94 F2 74 73 F6 74 4F
000D82DE: 94 F1 74 73 F6 74 01
000D82DE: 94 20 74 73 F6 74 92
000D851A: 9C F1 74 8C 1F AB F4 84 3C AB 5A 73 F6 74 1F
000D851A: 9C 20 74 8C 1F AB F4 84 3C AB 5A 73 F6 74 1C
000D86C3: 98 F1 74 84 1F AB F4 73 F6 74 1D
000D86C3: 98 20 74 84 1F AB F4 73 F6 74 74
000D8BC2: 98 F1 74 8C 3C AB 5A 73 F6 74 BF
000D8C28: 98 20 74 8C 3C AB 5A 73 F6 74 D6
000D8EB4: 98 F1 74 8C 00 AB 3C 73 F6 74 B6
000D8F25: 98 20 74 8C 00 AB 3C 73 F6 74 DF
000D8FEC: 98 F1 74 8C 00 AB 1F 73 F6 74 4E
000D904A: 98 20 74 8C 00 AB 1F 73 F6 74 27
000D9183: 55 AA 09 04 01 01 15 01 00 0D 31 63
000D956B: 55 AA 09 04 01 01 15 01 00 0D 32 64
000D9952: 55 AA 09 04 01 01 15 01 00 0D 33 65
000D9D3C: 55 AA 09 04 01 01 15 01 00 0D 34 66
000DA122: 55 AA 09 04 01 01 15 01 00 0D 35 67
000DA50A: 55 AA 09 04 01 01 15 01 00 0D 36 68
000DA8F2: 55 AA 09 04 01 01 15 01 00 0D 37 69
000DACDA: 55 AA 09 04 01 01 15 01 00 0D 38 6A
000DB0C3: 55 AA 09 04 01 01 15 01 00 0D 39 6B
000DB4AA: 55 AA 09 04 01 01 15 01 00 0D 3A 6C
000DB892: 55 AA 09 04 01 01 15 01 00 0D 3B 6D
000DBC7A: 55 AA 09 04 01 01 15 01 00 0E 00 33
000DC061: 55 AA 09 04 01 01 15 01 00 0E 01 34
000DC69A: 93 91 D0 05 64 75
000DC832: 55 AA 09 04 01 01 15 01 00 0E 03 36
000DCC1A: 55 AA 09 04 01 01 15 01 00 0E 04 37
000DD002: 55 AA 09 04 01 01 15 01 00 0E 05 38
000DD3EA: 55 AA 09 04 01 01 15 01 00 0E 06 39
000DD7D2: 55 AA 09 04 01 01 15 01 00 0E 07 3A
000DDBBC: 55 AA 09 04 01 01 15 01 00 0E 08 3B
000DDFB3: 55 AA 09 04 01 01 15 01 00 0E 09 3C
000DE38A: 55 AA 09 04 01 01 15 01 00 0E 0A 3D
000DE772: 55 AA 09 04 01 01 15 01 00 0E 0B 3E
000DED27: 9D FD 26 D0 45 83 62 6A 58 F0 48 04 D0 32 40 4B
000DEDA5: 9D FC 26 D0 45 83 62 6A 58 F0 48 04 D0 32 40 67
000DEE96: 9D FB 26 D0 45 83 62 6A 58 F0 48 04 D0 32 40 A3
000DEE96: 9D FA 26 D0 45 83 62 6A 58 F0 48 04 D0 32 40 8F
000DF048: 9D F9 26 D0 45 83 62 6A 58 F0 48 04 D0 32 40 FB
000DF048: 9D F8 26 D0 45 83 62 6A 58 F0 48 04 D0 32 40 D7
000DF048: 9D F7 26 D0 45 83 62 6A 58 F0 48 04 D0 32 40 6A
000DF048: 9D F6 26 D0 45 83 62 6A 58 F0 48 04 D0 32 40 46
000DF391: 9D F5 26 D0 45 83 62 6A 58 F0 48 04 D0 32 40 32
000DF391: 9D F4 26 D0 45 83 62 6A 58 F0 48 04 D0 32 40 1E
000DF391: 9D F3 26 D0 45 83 62 6A 58 F0 48 04 D0 32 40 DA
000DF713: 55 AA 09 04 01 01 15 01 00 0E 0F 42
000DFAFD: 55 AA 09 04 01 01 15 01 00 0E 10 43
000DFEE2: 55 AA 09 04 01 01 15 01 00 0E 11 44
000E02CA: 55 AA 09 04 01 01 15 01 00 0E 12 45
000E06B2: 55 AA 09 04 01 01 15 01 00 0E 13 46
000E0A9A: 55 AA 09 04 01 01 15 01 00 0E 14 47
000E0E82: 55 AA 09 04 01 01 15 01 00 0E 15 48
000E12E9: 9B F1 0E 0D 0E 8D 71 F4 62 6A D0 32 40 A6
000E136F: 9B 20 0E 0D 0E 8D 71 F4 62 6A D0 32 40 8D
000E14B8: 93 91 D0 05 64 75
000E18E6: 99 F1 63 6B 71 F4 62 6A D0 32 40 3E
000E196C: 99 20 63 6B 71 F4 62 6A D0 32 40 C7
000E1A3B: 55 AA 09 04 01 01 15 01 00 0E 18 4B
000E21C1: 9B F1 0E 0E 0E 8E 71 F4 62 6A D0 32 40 28
000E2232: 9B 20 0E 0E 0E 8E 71 F4 62 6A D0 32 40 03
000E2395: 9D F1 26 D0 45 83 62 6A 58 F0 48 04 D0 32 40 82
000E241A: 9D 20 26 D0 45 83 62 6A 58 F0 48 04 D0 32 40 60
000E25F2: 55 AA 09 04 01 01 15 01 00 0E 1B 4E
000E2ADF: 9C F1 24 8C 00 AB 1F 48 13 D0 3D 01 F4 24 32
000E2B65: 9C 20 24 8C 00 AB 1F 48 13 D0 3D 01 F4 24 31
000E2C17: 9C F1 24 8C 3C AB 5A 48 13 D0 3D 01 F4 24 CC
000E2D04: 9C 20 24 8C 3C AB 5A 48 13 D0 3D 01 F4 24 CF
000E2DF2: 9C F1 24 8C 5A AB F4 48 13 D0 3D 01 F4 24 68
000E2DF2: 9C 20 24 8C 5A AB F4 48 13 D0 3D 01 F4 24 6B
000E2F9B: 9C F1 24 8C 1F AB 3C 48 13 D0 3D 01 F4 24 6D
000E2F9B: 9C 20 24 8C 1F AB 3C 48 13 D0 3D 01 F4 24 6E
000E31AA: 55 AA 09 04 01 01 15 01 00 0E 1E 51
000E3592: 55 AA 09 04 01 01 15 01 00 0E 1F 52
000E3979: 55 AA 09 04 01 01 15 01 00 0E 20 53
000E3D61: 55 AA 09 04 01 01 15 01 00 0E 21 54
000E4149: 55 AA 09 04 01 01 15 01 00 0E 22 55
000E4741: 9D FD 24 29 02 19 1D 48 82 D0 0E FF D0 42 F3 BB
000E47C6: 9D FC 24 29 02 19 1D 48 82 D0 0E FF D0 42 F3 97
000E4895: 9D FB 24 29 02 19 1D 48 82 D0 0E FF D0 42 F3 53
000E4895: 9D FA 24 29 02 19 1D 48 82 D0 0E FF D0 42 F3 7F
000E4A56: 9D F9 24 29 02 19 1D 48 82 D0 0E FF D0 42 F3 0B
000E4A56: 9D F8 24 29 02 19 1D 48 82 D0 0E FF D0 42 F3 27
000E4A56: 9D F7 24 29 02 19 1D 48 82 D0 0E FF D0 42 F3 9A
000E4A56: 9D F6 24 29 02 19 1D 48 82 D0 0E FF D0 42 F3 B6
000E4DA8: 9D F5 24 29 02 19 1D 48 82 D0 0E FF D0 42 F3 C2
000E4DA8: 9D F4 24 29 02 19 1D 48 82 D0 0E FF D0 42 F3 EE
000E4DA8: 9D F3 24 29 02 19 1D 48 82 D0 0E FF D0 42 F3 2A
000E50F9: 55 AA 09 04 01 01 15 01 00 0E 26 59
000E56DD: 92 FD 48 85 25
000E5763: 92 FC 48 85 8E
000E57B0: 92 FB 48 85 F4
000E582B: 92 FA 48 85 5F
000E5870: 92 F9 48 85 BB
000E58F3: 92 F8 48 85 10
000E5936: 92 F7 48 85 4F
000E59BC: 92 F6 48 85 E4
000E59FF: 92 F5 48 85 00
000E5A82: 92 F4 48 85 AB
000E5AD0: 92 F3 48 85 D1
000E5B4B: 92 F2 48 85 7A
000E5B98: 92 F1 48 85 9E
000E5C13: 92 20 48 85 2C
000E5EF2: 97 F2 24 67 F3 48 85 58 03 1C
000E5F4C: 97 F1 24 67 F3 48 85 58 03 D9
000E5FBA: 97 20 24 67 F3 48 85 58 03 15
000E62DE: 93 91 D0 05 64 75
000E6326: 97 F2 24 62 F3 48 85 58 03 F7
000E6389: 97 F1 24 62 F3 48 85 58 03 32
000E63F8: 97 20 24 62 F3 48 85 58 03 FE
000E6747: 97 F2 24 67 F3 48 85 58 03 1C
000E67CD: 97 F1 24 67 F3 48 85 58 03 D9
000E682F: 97 20 24 67 F3 48 85 58 03 15
000E689F: 97 F2 24 62 F3 48 85 58 03 F7
000E694B: 97 F1 24 62 F3 48 85 58 03 32
000E69FA: 97 20 24 62 F3 48 85 58 03 FE
000E6AA9: 97 F2 24 67 F3 48 85 58 03 1C
000E6AA9: 97 F1 24 67 F3 48 85 58 03 D9
000E6BD4: 97 20 24 67 F3 48 85 58 03 15
000E6C90: 55 AA 09 04 01 01 15 01 00 0E 2D 60
000E7020: 91 93 24 57
000E7411: 55 AA 09 04 01 01 15 01 00 0E 2F 62
000E77F9: 55 AA 09 04 01 01 15 01 00 0E 30 63
000E7BE1: 55 AA 09 04 01 01 15 01 00 0E 31 64
000E7FC0: 91 93 24 57
000E83B1: 55 AA 09 04 01 01 15 01 00 0E 33 66
000E879C: 55 AA 09 04 01 01 15 01 00 0E 34 67
000E8B84: 55 AA 09 04 01 01 15 01 00 0E 35 68
000E8F5F: 91 93 24 57
000E9351: 55 AA 09 04 01 01 15 01 00 0E 37 6A
000E9738: 55 AA 09 04 01 01 15 01 00 0E 38 6B
000E9B21: 55 AA 09 04 01 01 15 01 00 0E 39 6C
000E9EFF: 91 93 24 57
000EA2F1: 55 AA 09 04 01 01 15 01 00 0E 3B 6E
000EA6D9: 55 AA 09 04 01 01 15 01 00 0F 00 34
000EAAC0: 55 AA 09 04 01 01 15 01 00 0F 01 35
000EAEA8: 91 93 24 57
000EB0F7: 93 91 D0 05 64 75
000EB291: 55 AA 09 04 01 01 15 01 00 0F 03 37
000EB678: 55 AA 09 04 01 01 15 01 00 0F 04 38
000EBA60: 55 AA 09 04 01 01 15 01 00 0F 05 39
000EBE3F: 91 93 24 57
000EC231: 55 AA 09 04 01 01 15 01 00 0F 07 3B
000EC618: 55 AA 09 04 01 01 15 01 00 0F 08 3C
000ECA00: 55 AA 09 04 01 01 15 01 00 0F 09 3D
000ECDDE: 91 93 24 57
000ED1D0: 55 AA 09 04 01 01 15 01 00 0F 0B 3F
000ED5B7: 55 AA 09 04 01 01 15 01 00 0F 0C 40
000ED9A0: 55 AA 09 04 01 01 15 01 00 0F 0D 41
000EDD7E: 91 93 24 57
000EE170: 55 AA 09 04 01 01 15 01 00 0F 0F 43
000EE557: 55 AA 09 04 01 01 15 01 00 0F 10 44
000EE943: 55 AA 09 04 01 01 15 01 00 0F 11 45
000EED1E: 91 93 24 57
000EF110: 55 AA 09 04 01 01 15 01 00 0F 13 47
000EF4F8: 55 AA 09 04 01 01 15 01 00 0F 14 48
000EF8DF: 55 AA 09 04 01 01 15 01 00 0F 15 49
000EFCBE: 91 93 24 57
000EFF17: 93 91 D0 05 64 75
000F00AF: 55 AA 09 04 01 01 15 01 00 0F 17 4B
000F0497: 55 AA 09 04 01 01 15 01 00 0F 18 4C
000F087F: 55 AA 09 04 01 01 15 01 00 0F 19 4D
000F0C5D: 91 93 24 57
000F1050: 55 AA 09 04 01 01 15 01 00 0F 1B 4F
000F1436: 55 AA 09 04 01 01 15 01 00 0F 1C 50
000F181F: 55 AA 09 04 01 01 15 01 00 0F 1D 51
000F1BFE: 91 93 24 57
000F1FEF: 55 AA 09 04 01 01 15 01 00 0F 1F 53
000F23D9: 55 AA 09 04 01 01 15 01 00 0F 20 54
000F27C0: 55 AA 09 04 01 01 15 01 00 0F 21 55
000F2BA2: 9F FD 26 F1 89 A0 40 0D 6E 59 02 19 48 0F D0 3A 32 E0
000F2C29: 9F FC 26 F1 89 A0 40 0D 6E 59 02 19 48 0F D0 3A 32 6C
000F2D3B: 9F FB 26 F1 89 A0 40 0D 6E 59 02 19 48 0F D0 3A 32 E3
000F2D3B: 9F FA 26 F1 89 A0 40 0D 6E 59 02 19 48 0F D0 3A 32 6F
000F2F25: 9F F9 26 F1 89 A0 40 0D 6E 59 02 19 48 0F D0 3A 32 E2
000F2F25: 9F F8 26 F1 89 A0 40 0D 6E 59 02 19 48 0F D0 3A 32 6E
000F2F25: 9F F7 26 F1 89 A0 40 0D 6E 59 02 19 48 0F D0 3A 32 E5
000F32C2: 9F F5 26 F1 89 A0 40 0D 6E 59 02 19 48 0F D0 3A 32 E4
000F32C2: 9F F4 26 F1 89 A0 40 0D 6E 59 02 19 48 0F D0 3A 32 68
000F32C2: 9F F3 26 F1 89 A0 40 0D 6E 59 02 19 48 0F D0 3A 32 E7
000F36B5: 9F 96 26 F1 89 A0 40 0D 6E 59 02 19 48 0F D0 3A 32 59
000F36B5: 9F 96 26 F1 89 A0 40 0D 6E 59 02 19 48 0F D0 3A 32 59
000F36B5: 55 AA 09 04 01 01 15 01 00 0F 24 58
000F394C: 55 AA 09 04 01 01 15 01 00 0F 25 59
000F3B46: 55 AA 09 04 01 01 15 01 00 0F 26 5A
000F3F2F: 55 AA 09 04 01 01 15 01 00 0F 27 5B
000F4317: 55 AA 09 04 01 01 15 01 00 0F 28 5C
000F46FF: 55 AA 09 04 01 01 15 01 00 0F 29 5D
000F4D35: 93 91 D0 05 64 75
000F4ECF: 55 AA 09 04 01 01 15 01 00 0F 2B 5F
000F52B7: 55 AA 09 04 01 01 15 01 00 0F 2C 60
000F56A9: 55 AA 09 04 01 01 15 01 00 0F 2D 61
000F5A87: 55 AA 09 04 01 01 15 01 00 0F 2E 62
000F5E6F: 55 AA 09 04 01 01 15 01 00 0F 2F 63
000F6256: 55 AA 09 04 01 01 15 01 00 0F 30 64
000F663F: 55 AA 09 04 01 01 15 01 00 0F 31 65
000F6A26: 55 AA 09 04 01 01 15 01 00 0F 32 66
000F6E0E: 55 AA 09 04 01 01 15 01 00 0F 33 67
000F71F6: 55 AA 09 04 01 01 15 01 00 0F 34 68
000F75DF: 55 AA 09 04 01 01 15 01 00 0F 35 69
000F79C6: 55 AA 09 04 01 01 15 01 00 0F 36 6A
000F7DAE: 55 AA 09 04 01 01 15 01 00 0F 37 6B
000F8196: 55 AA 09 04 01 01 15 01 00 0F 38 6C
000F857E: 55 AA 09 04 01 01 15 01 00 0F 39 6D
000F8966: 55 AA 09 04 01 01 15 01 00 0F 3A 6E
000F8D4E: 55 AA 09 04 01 01 15 01 00 0F 3B 6F
000F9136: 55 AA 09 04 01 01 15 01 00 10 00 35
000F951E: 55 AA 09 04 01 01 15 01 00 10 01 36
000F9B56: 93 91 D0 05 64 75
000F9CEE: 55 AA 09 04 01 01 15 01 00 10 03 38
000FA0D7: 55 AA 09 04 01 01 15 01 00 10 04 39
000FA4BE: 55 AA 09 04 01 01 15 01 00 10 05 3A
000FA8A6: 55 AA 09 04 01 01 15 01 00 10 06 3B
000FAC8D: 55 AA 09 04 01 01 15 01 00 10 07 3C
000FB075: 55 AA 09 04 01 01 15 01 00 10 08 3D
000FB45F: 55 AA 09 04 01 01 15 01 00 10 09 3E
000FB851: 55 AA 09 04 01 01 15 01 00 10 0A 3F
000FBC2D: 55 AA 09 04 01 01 15 01 00 10 0B 40
000FC016: 55 AA 09 04 01 01 15 01 00 10 0C 41
000FC64E: 94 FD 48 85 58 0C 2E
000FC69B: 94 FC 48 85 58 0C E3
000FC716: 94 FB 48 85 58 0C B2
000FC76E: 94 FA 48 85 58 0C 7F
000FC7DE: 94 F9 48 85 58 0C 31
000FC844: 94 F8 48 85 58 0C FC
000FC8CB: 94 F7 48 85 58 0C 93
000FC954: 94 F6 48 85 58 0C 5E
000FC954: 94 F5 48 85 58 0C 10
000FCA31: 94 F4 48 85 58 0C DD
000FCA31: 94 F3 48 85 58 0C 8C
000FCB0C: 94 F2 48 85 58 0C 41
000FCB0C: 94 F1 48 85 58 0C 0F
000FCBEE: 94 20 48 85 58 0C 9C
000FCBEE: 55 AA 09 04 01 01 15 01 00 10 0F 44
000FCFB6: 55 AA 09 04 01 01 15 01 00 10 10 45
000FD39E: 55 AA 09 04 01 01 15 01 00 10 11 46
000FD785: 55 AA 09 04 01 01 15 01 00 10 12 47
000FDF0B: 99 F1 24 D2 35 00 F2 01 02 20 66 4F
000FDF77: 99 20 24 D2 35 00 F2 01 02 20 66 B6
000FE33E: 55 AA 09 04 01 01 15 01 00 10 15 4A
000FE974: 93 91 D0 05 64 75
000FEB10: 55 AA 09 04 01 01 15 01 00 10 17 4C
000FF1CD: 9D FD 24 29 11 1D 48 88 D0 0E FE D0 3D 20 76 E4
000FF241: 9D FC 24 29 11 1D 48 88 D0 0E FE D0 3D 20 76 C8
000FF32E: 9D FB 24 29 11 1D 48 88 D0 0E FE D0 3D 20 76 0C
000FF32E: 9D FA 24 29 11 1D 48 88 D0 0E FE D0 3D 20 76 20
000FF4EC: 9D F9 24 29 11 1D 48 88 D0 0E FE D0 3D 20 76 54
000FF4EC: 9D F8 24 29 11 1D 48 88 D0 0E FE D0 3D 20 76 78
000FF4EC: 9D F7 24 29 11 1D 48 88 D0 0E FE D0 3D 20 76 C5
000FF4EC: 9D F6 24 29 11 1D 48 88 D0 0E FE D0 3D 20 76 E9
000FF83E: 9D F5 24 29 11 1D 48 88 D0 0E FE D0 3D 20 76 9D
000FF83E: 9D F4 24 29 11 1D 48 88 D0 0E FE D0 3D 20 76 B1
000FF83E: 9D F3 24 29 11 1D 48 88 D0 0E FE D0 3D 20 76 75
000FFB83: 9B F4 D0 40 83 89 A0 40 29 13 04 1D 1D DE
000FFB83: 9B F3 D0 40 83 89 A0 40 29 13 04 1D 1D DF
000FFB83: 9B F2 D0 40 83 89 A0 40 29 13 04 1D 1D B7
000FFB83: 9B F1 D0 40 83 89 A0 40 29 13 04 1D 1D 0F
000FFEC9: 9B F4 D0 40 83 81 A0 40 29 13 1D 01 1D 91
000FFEC9: 9B F3 D0 40 83 81 A0 40 29 13 1D 01 1D 90
000FFEC9: 9B F2 D0 40 83 81 A0 40 29 13 1D 01 1D F8
001000FF: 9B F1 D0 40 83 81 A0 40 29 13 1D 01 1D 40
001000FF: 9B 20 D0 40 83 81 A0 40 29 13 1D 01 1D 6B
0010028E: 55 AA 09 04 01 01 15 01 00 10 1D 52
00100666: 55 AA 09 04 01 01 15 01 00 10 1E 53
00100CDE: 94 FD 48 85 58 0C 2E
00100D65: 94 FC 48 85 58 0C E3
00100DBB: 94 FB 48 85 58 0C B2
00100E2C: 94 FA 48 85 58 0C 7F
00100E82: 94 F9 48 85 58 0C 31
00100EF5: 94 F8 48 85 58 0C FC
00100F56: 94 F7 48 85 58 0C 93
00100FDB: 94 F6 48 85 58 0C 5E
00101066: 94 F5 48 85 58 0C 10
00101066: 94 F4 48 85 58 0C DD
00101146: 94 F3 48 85 58 0C 8C
00101146: 94 F2 48 85 58 0C 41
00101233: 94 F1 48 85 58 0C 0F
00101233: 94 20 48 85 58 0C 9C
001018D9: 91 FD 24 D1
00101922: 91 FC 24 15
001019A1: 91 FB 24 7B
001019E9: 91 FA 24 BF
00101A69: 91 F9 24 EA
00101AAC: 91 F8 24 2E
00101B31: 91 F7 24 36
00101B74: 91 F6 24 F2
00101BF9: 91 F5 24 A7
00101C42: 91 F4 24 63
00101CC1: 91 F3 24 0D
00101D08: 91 F2 24 C9
00101DA4: 91 F1 24 9C
00101DE9: 91 20 24 00
001021BD: 55 AA 09 04 01 01 15 01 00 10 25 5A
001025A5: 55 AA 09 04 01 01 15 01 00 10 26 5B
00102A50: 9B FD 24 48 88 D0 0E FE D0 3D 20 76 72 C2
00102AD4: 9B FC 24 48 88 D0 0E FE D0 3D 20 76 72 AA
00102B72: 9B FB 24 48 88 D0 0E FE D0 3D 20 76 72 AB
00102C53: 9B FA 24 48 88 D0 0E FE D0 3D 20 76 72 C3
00102C53: 9B F9 24 48 88 D0 0E FE D0 3D 20 76 72 7B
00102C53: 9B F8 24 48 88 D0 0E FE D0 3D 20 76 72 13
00102E93: 9B F7 24 48 88 D0 0E FE D0 3D 20 76 72 79
00102E93: 9B F6 24 48 88 D0 0E FE D0 3D 20 76 72 11
00102E93: 9B F5 24 48 88 D0 0E FE D0 3D 20 76 72 A9
00102E93: 9B F4 24 48 88 D0 0E FE D0 3D 20 76 72 C1
00102E93: 9B F3 24 48 88 D0 0E FE D0 3D 20 76 72 C0
0010322F: 9B F2 24 48 88 D0 0E FE D0 3D 20 76 72 A8
0010322F: 9B F1 24 48 88 D0 0E FE D0 3D 20 76 72 10
0010322F: 9B 20 24 48 88 D0 0E FE D0 3D 20 76 72 3B
0010322F: 55 AA 09 04 01 01 15 01 00 10 2A 5F
00103580: 9B F4 81 A0 64 24 0E 01 F1 48 85 58 0F 5C
00103606: 9B F3 81 A0 64 24 0E 01 F1 48 85 58 0F 5D
001036BD: 9B F2 81 A0 64 24 0E 01 F1 48 85 58 0F 35
001036BD: 9B F1 81 A0 64 24 0E 01 F1 48 85 58 0F 8D
0010385C: 9B 20 81 A0 64 24 0E 01 F1 48 85 58 0F A6
0010385C: 93 91 D0 05 64 75
0010385C: 95 20 89 A0 11 48 86 DF
001039E9: 55 AA 09 04 01 01 15 01 00 10 2C 61
00103D93: 9B F4 81 A0 64 24 0E 01 F1 48 85 58 0F 5C
00103E05: 9B F3 81 A0 64 24 0E 01 F1 48 85 58 0F 5D
00103EB5: 9B F2 81 A0 64 24 0E 01 F1 48 85 58 0F 35
00103EB5: 9B F1 81 A0 64 24 0E 01 F1 48 85 58 0F 8D
00104041: 9B 20 81 A0 64 24 0E 01 F1 48 85 58 0F A6
00104041: 96 F1 8C 22 A0 36 48 86 DA
0010418D: 96 20 8C 22 A0 36 48 86 4C
0010418D: 55 AA 09 04 01 01 15 01 00 10 2E 63
001047BB: 9B F1 81 A0 64 24 0E 01 F1 48 85 58 0F 8D
00104826: 9B 20 81 A0 64 24 0E 01 F1 48 85 58 0F A6
001048D5: 55 AA 09 04 01 01 15 01 00 10 30 65
00104DFA: 96 F1 8C 10 A0 24 48 86 D8
00104E7F: 96 20 8C 10 A0 24 48 86 4E
0010511C: 9B F1 81 A0 64 24 0E 01 F1 48 85 58 0F 8D
0010519B: 9B 20 81 A0 64 24 0E 01 F1 48 85 58 0F A6
001055CB: 9B F1 81 A0 64 24 0E 01 F1 48 85 58 0F 8D
00105637: 9B 20 81 A0 64 24 0E 01 F1 48 85 58 0F A6
001059B2: 96 F1 8C 34 A0 48 48 86 21
00105A37: 96 20 8C 34 A0 48 48 86 B7
00105C54: 55 AA 09 04 01 01 15 01 00 10 35 6A
001063DC: 9F FD 69 59 06 05 48 0F D0 34 EE D0 40 A9 D0 3D 01 FF
00106462: 9F FC 69 59 06 05 48 0F D0 34 EE D0 40 A9 D0 3D 01 73
00106574: 9F FB 69 59 06 05 48 0F D0 34 EE D0 40 A9 D0 3D 01 FC
00106574: 9F FA 69 59 06 05 48 0F D0 34 EE D0 40 A9 D0 3D 01 70
0010676B: 9F F9 69 59 06 05 48 0F D0 34 EE D0 40 A9 D0 3D 01 FD
0010676B: 9F F8 69 59 06 05 48 0F D0 34 EE D0 40 A9 D0 3D 01 71
0010676B: 9F F7 69 59 06 05 48 0F D0 34 EE D0 40 A9 D0 3D 01 FA
00106AD3: 9F F5 69 59 06 05 48 0F D0 34 EE D0 40 A9 D0 3D 01 FB
00106AD3: 9F F4 69 59 06 05 48 0F D0 34 EE D0 40 A9 D0 3D 01 77
00106AD3: 9F F3 69 59 06 05 48 0F D0 34 EE D0 40 A9 D0 3D 01 F8
00106E11: 92 20 48 85 2C
00106E11: 9F FC 24 D0 32 64 69 5B A9 EE 2A 34 48 1D D0 3D 04 CB
00106E11: 9F FB 24 D0 32 64 69 5B A9 EE 2A 34 48 1D D0 3D 04 44
00107041: 9F FA 24 D0 32 64 69 5B A9 EE 2A 34 48 1D D0 3D 04 C8
00107041: 9F F9 24 D0 32 64 69 5B A9 EE 2A 34 48 1D D0 3D 04 45
00107041: 9F F8 24 D0 32 64 69 5B A9 EE 2A 34 48 1D D0 3D 04 C9
001073EB: 9F F5 24 D0 32 64 69 5B A9 EE 2A 34 48 1D D0 3D 04 43
001073EB: 9F F4 24 D0 32 64 69 5B A9 EE 2A 34 48 1D D0 3D 04 CF
001073EB: 9F F3 24 D0 32 64 69 5B A9 EE 2A 34 48 1D D0 3D 04 40
0010773C: 94 FD 48 85 58 0C 2E
0010773C: 94 FC 48 85 58 0C E3
0010773C: 94 FB 48 85 58 0C B2
0010773C: 94 FA 48 85 58 0C 7F
0010773C: 94 F9 48 85 58 0C 31
0010791F: 94 F8 48 85 58 0C FC
0010791F: 94 F7 48 85 58 0C 93
0010791F: 94 F6 48 85 58 0C 5E
0010791F: 94 F5 48 85 58 0C 10
0010791F: 94 F4 48 85 58 0C DD
00107B06: 94 F3 48 85 58 0C 8C
00107B06: 94 F2 48 85 58 0C 41
00107B06: 94 F1 48 85 58 0C 0F
00107B06: 94 20 48 85 58 0C 9C
00107C97: 55 AA 09 04 01 01 15 01 00 11 01 37
00107F7B: 55 AA 09 04 01 01 15 01 00 11 02 38
001085B2: 93 91 D0 05 64 75
0010874D: 55 AA 09 04 01 01 15 01 00 11 04 3A
00108B33: 55 AA 09 04 01 01 15 01 00 11 05 3B
00108F1D: 55 AA 09 04 01 01 15 01 00 11 06 3C
00109304: 55 AA 09 04 01 01 15 01 00 11 07 3D
001096EC: 55 AA 09 04 01 01 15 01 00 11 08 3E
00109AD3: 55 AA 09 04 01 01 15 01 00 11 09 3F
0010A257: 91 F1 24 9C
0010A2A1: 91 20 24 00
0010A68D: 55 AA 09 04 01 01 15 01 00 11 0C 42
0010AA74: 55 AA 09 04 01 01 15 01 00 11 0D 43
0010AE5C: 55 AA 09 04 01 01 15 01 00 11 0E 44
0010B243: 55 AA 09 04 01 01 15 01 00 11 0F 45
0010B63C: 55 AA 09 04 01 01 15 01 00 11 10 46
0010BA14: 55 AA 09 04 01 01 15 01 00 11 11 47
0010BDFB: 55 AA 09 04 01 01 15 01 00 11 12 48
0010C1E2: 55 AA 09 04 01 01 15 01 00 11 13 49
0010C9AD: 9D FD 24 29 02 15 1D 48 82 D0 0E FF D0 42 F3 8E
0010CA26: 9D FC 24 29 02 15 1D 48 82 D0 0E FF D0 42 F3 A2
0010CB02: 9D FB 24 29 02 15 1D 48 82 D0 0E FF D0 42 F3 66
0010CB02: 9D FA 24 29 02 15 1D 48 82 D0 0E FF D0 42 F3 4A
0010CCC7: 9D F9 24 29 02 15 1D 48 82 D0 0E FF D0 42 F3 3E
0010CCC7: 9D F8 24 29 02 15 1D 48 82 D0 0E FF D0 42 F3 12
0010CCC7: 9D F7 24 29 02 15 1D 48 82 D0 0E FF D0 42 F3 AF
0010CCC7: 9D F6 24 29 02 15 1D 48 82 D0 0E FF D0 42 F3 83
0010D016: 9D F5 24 29 02 15 1D 48 82 D0 0E FF D0 42 F3 F7
0010D016: 9D F4 24 29 02 15 1D 48 82 D0 0E FF D0 42 F3 DB
0010D016: 9D F3 24 29 02 15 1D 48 82 D0 0E FF D0 42 F3 1F
0010D367: 92 FD 48 85 25
0010D367: 92 FC 48 85 8E
0010D367: 92 FB 48 85 F4
0010D451: 92 FA 48 85 5F
0010D451: 92 F9 48 85 BB
0010D500: 92 F8 48 85 10
0010D500: 92 F7 48 85 4F
0010D5AF: 92 F6 48 85 E4
0010D5AF: 92 F5 48 85 00
0010D65E: 92 F4 48 85 AB
0010D65E: 92 F3 48 85 D1
0010D70B: 92 F2 48 85 7A
0010D774: 92 F1 48 85 9E
0010D7E5: 92 20 48 85 2C
0010D953: 55 AA 09 04 01 01 15 01 00 11 19 4F
0010DD3B: 55 AA 09 04 01 01 15 01 00 11 1A 50
0010E123: 55 AA 09 04 01 01 15 01 00 11 1B 51
0010E50A: 55 AA 09 04 01 01 15 01 00 11 1C 52
0010E8F3: 55 AA 09 04 01 01 15 01 00 11 1D 53
0010ECDA: 55 AA 09 04 01 01 15 01 00 11 1E 54
0010F0C2: 55 AA 09 04 01 01 15 01 00 11 1F 55
0010F4AA: 55 AA 09 04 01 01 15 01 00 11 20 56
0010F892: 55 AA 09 04 01 01 15 01 00 11 21 57
0010FC7A: 55 AA 09 04 01 01 15 01 00 11 22 58
00110061: 55 AA 09 04 01 01 15 01 00 11 23 59
0011050B: 98 FD 24 0D 29 04 19 12 19 12 A8
00110591: 98 FC 24 0D 29 04 19 12 19 12 0C
001105F8: 98 FB 24 0D 29 04 19 12 19 12 5B
00110691: 98 FA 24 0D 29 04 19 12 19 12 FF
00110745: 98 F9 24 0D 29 04 19 12 19 12 0A
00110745: 98 F8 24 0D 29 04 19 12 19 12 AE
00110889: 98 F7 24 0D 29 04 19 12 19 12 A4
00110889: 98 F6 24 0D 29 04 19 12 19 12 00
00110889: 98 F5 24 0D 29 04 19 12 19 12 F5
00110A58: 98 F4 24 0D 29 04 19 12 19 12 51
00110A58: 98 F3 24 0D 29 04 19 12 19 12 06
00110A58: 98 F2 24 0D 29 04 19 12 19 12 A2
00110A58: 98 F1 24 0D 29 04 19 12 19 12 57
00110A58: 98 20 24 0D 29 04 19 12 19 12 3E
00110D42: 55 AA 09 04 01 01 15 01 00 11 26 5C
001110C5: 9D 97 48 82 D0 0E FF D0 46 A0 59 09 03 48 0F 88
001113EB: 55 AA 09 04 01 01 15 01 00 11 28 5E
001117D2: 55 AA 09 04 01 01 15 01 00 11 29 5F
00111BBB: 55 AA 09 04 01 01 15 01 00 11 2A 60
001121F1: 93 91 D0 05 64 75
0011238B: 55 AA 09 04 01 01 15 01 00 11 2C 62
00112834: 9D 97 48 82 D0 0E FF D0 46 A0 59 09 03 48 0F 88
00112B5A: 55 AA 09 04 01 01 15 01 00 11 2E 64
00112F5A: 55 AA 09 04 01 01 15 01 00 11 2F 65
0011332A: 55 AA 09 04 01 01 15 01 00 11 30 66
00113712: 55 AA 09 04 01 01 15 01 00 11 31 67
00113AFA: 55 AA 09 04 01 01 15 01 00 11 32 68
00113FA4: 9D 97 48 82 D0 0E FF D0 46 A0 59 09 03 48 0F 88
001142CA: 55 AA 09 04 01 01 15 01 00 11 34 6A
001146B1: 55 AA 09 04 01 01 15 01 00 11 35 6B
00114A9A: 55 AA 09 04 01 01 15 01 00 11 36 6C
00114FC7: 94 FD 48 85 58 16 CD
0011504C: 94 FC 48 85 58 16 00
001150AE: 94 FB 48 85 58 16 51
00115114: 94 FA 48 85 58 16 9C
0011516A: 94 F9 48 85 58 16 D2
001151DB: 94 F8 48 85 58 16 1F
0011523B: 94 F7 48 85 58 16 70
001152C4: 94 F6 48 85 58 16 BD
00115355: 94 F5 48 85 58 16 F3
00115355: 94 F4 48 85 58 16 3E
00115437: 94 F3 48 85 58 16 6F
00115437: 94 F2 48 85 58 16 A2
00115518: 94 F1 48 85 58 16 EC
00115518: 94 20 48 85 58 16 7F
00115652: 55 AA 09 04 01 01 15 01 00 11 39 6F
00115A30: 91 94 24 39
00115E22: 55 AA 09 04 01 01 15 01 00 11 3B 71
0011620A: 55 AA 09 04 01 01 15 01 00 12 00 37
001165F1: 55 AA 09 04 01 01 15 01 00 12 01 38
00117011: 93 91 D0 05 64 75
001171A9: 55 AA 09 04 01 01 15 01 00 12 04 3B
00117591: 55 AA 09 04 01 01 15 01 00 12 05 3C
00117970: 91 94 24 39
00117D60: 55 AA 09 04 01 01 15 01 00 12 07 3E
00118149: 55 AA 09 04 01 01 15 01 00 12 08 3F
00118530: 55 AA 09 04 01 01 15 01 00 12 09 40
00118910: 91 94 24 39
00118D01: 55 AA 09 04 01 01 15 01 00 12 0B 42
001190E9: 55 AA 09 04 01 01 15 01 00 12 0C 43
001194D0: 55 AA 09 04 01 01 15 01 00 12 0D 44
001198AF: 91 94 24 39
00119CA1: 55 AA 09 04 01 01 15 01 00 12 0F 46
0011A08A: 55 AA 09 04 01 01 15 01 00 12 10 47
0011A471: 55 AA 09 04 01 01 15 01 00 12 11 48
0011A84F: 91 94 24 39
0011AC41: 55 AA 09 04 01 01 15 01 00 12 13 4A
0011B02B: 55 AA 09 04 01 01 15 01 00 12 14 4B
0011B413: 55 AA 09 04 01 01 15 01 00 12 15 4C
0011B7F0: 91 94 24 39
0011BE2F: 93 91 D0 05 64 75
0011BFC9: 55 AA 09 04 01 01 15 01 00 12 18 4F
0011C3B0: 55 AA 09 04 01 01 15 01 00 12 19 50
0011C790: 91 94 24 39
0011CB80: 55 AA 09 04 01 01 15 01 00 12 1B 52
0011CF69: 55 AA 09 04 01 01 15 01 00 12 1C 53
0011D34F: 55 AA 09 04 01 01 15 01 00 12 1D 54
0011D72F: 91 94 24 39
0011DB22: 55 AA 09 04 01 01 15 01 00 12 1F 56
0011DF0A: 55 AA 09 04 01 01 15 01 00 12 20 57
0011E2F1: 55 AA 09 04 01 01 15 01 00 12 21 58
0011E6CF: 91 94 24 39
0011EAC1: 55 AA 09 04 01 01 15 01 00 12 23 5A
0011EEA8: 55 AA 09 04 01 01 15 01 00 12 24 5B
0011F290: 55 AA 09 04 01 01 15 01 00 12 25 5C
0011F66F: 91 94 24 39
0011FA60: 55 AA 09 04 01 01 15 01 00 12 27 5E
0011FE48: 55 AA 09 04 01 01 15 01 00 12 28 5F
0012022F: 55 AA 09 04 01 01 15 01 00 12 29 60
0012060E: 91 94 24 39
00120C4F: 93 91 D0 05 64 75
00120DE9: 55 AA 09 04 01 01 15 01 00 12 2C 63
001211CF: 55 AA 09 04 01 01 15 01 00 12 2D 64
001215AE: 91 94 24 39
001219A0: 55 AA 09 04 01 01 15 01 00 12 2F 66
00121D87: 55 AA 09 04 01 01 15 01 00 12 30 67
0012216F: 55 AA 09 04 01 01 15 01 00 12 31 68
0012254E: 91 94 24 39
00122941: 55 AA 09 04 01 01 15 01 00 12 33 6A
00122D28: 55 AA 09 04 01 01 15 01 00 12 34 6B
001233E6: 9C FD 24 D1 41 19 03 D0 48 EE D1 3C 02 01 A7
00123457: 9C FC 24 D1 41 19 03 D0 48 EE D1 3C 02 01 00
00123528: 9C FB 24 D1 41 19 03 D0 48 EE D1 3C 02 01 5E
00123528: 55 AA 09 04 01 01 15 01 00 12 36 6D
00123528: 9C FA 24 D1 41 19 03 D0 48 EE D1 3C 02 01 F9
00123763: 9C F9 24 D1 41 19 03 D0 48 EE D1 3C 02 01 09
00123763: 9C F8 24 D1 41 19 03 D0 48 EE D1 3C 02 01 AE
00123763: 9C F7 24 D1 41 19 03 D0 48 EE D1 3C 02 01 B5
00123763: 9C F6 24 D1 41 19 03 D0 48 EE D1 3C 02 01 12
00123763: 9C F5 24 D1 41 19 03 D0 48 EE D1 3C 02 01 E2
00123B3F: 9C F4 24 D1 41 19 03 D0 48 EE D1 3C 02 01 45
00123B3F: 9C F3 24 D1 41 19 03 D0 48 EE D1 3C 02 01 1B
00123B3F: 9C F2 24 D1 41 19 03 D0 48 EE D1 3C 02 01 BC
00123B3F: 9C F1 24 D1 41 19 03 D0 48 EE D1 3C 02 01 4C
00123F58: 9E F8 A0 46 81 EC A9 0D 0E 13 0E 93 58 F0 48 04 E1
00123F58: 9E F7 A0 46 81 EC A9 0D 0E 13 0E 93 58 F0 48 04 2E
00123F58: 9E F6 A0 46 81 EC A9 0D 0E 13 0E 93 58 F0 48 04 AE
00124370: 55 AA 09 04 01 01 15 01 00 12 39 70
00124497: 55 AA 09 04 01 01 15 01 00 12 3A 71
0012487E: 55 AA 09 04 01 01 15 01 00 12 3B 72
00124C66: 55 AA 09 04 01 01 15 01 00 13 00 38
0012504E: 55 AA 09 04 01 01 15 01 00 13 01 39
00125436: 55 AA 09 04 01 01 15 01 00 13 02 3A
00125A6E: 93 91 D0 05 64 75
00125C07: 55 AA 09 04 01 01 15 01 00 13 04 3C
00125FEF: 55 AA 09 04 01 01 15 01 00 13 05 3D
001263D7: 55 AA 09 04 01 01 15 01 00 13 06 3E
001267BF: 55 AA 09 04 01 01 15 01 00 13 07 3F
00126BA7: 55 AA 09 04 01 01 15 01 00 13 08 40
00126F8E: 55 AA 09 04 01 01 15 01 00 13 09 41
0012737E: 55 AA 09 04 01 01 15 01 00 13 0A 42
0012775E: 55 AA 09 04 01 01 15 01 00 13 0B 43
00127B46: 55 AA 09 04 01 01 15 01 00 13 0C 44
00127F2E: 55 AA 09 04 01 01 15 01 00 13 0D 45
00128316: 55 AA 09 04 01 01 15 01 00 13 0E 46
001286FE: 55 AA 09 04 01 01 15 01 00 13 0F 47
00128AE6: 55 AA 09 04 01 01 15 01 00 13 10 48
00128ECE: 55 AA 09 04 01 01 15 01 00 13 11 49
001292B5: 55 AA 09 04 01 01 15 01 00 13 12 4A
0012969E: 55 AA 09 04 01 01 15 01 00 13 13 4B
00129A85: 55 AA 09 04 01 01 15 01 00 13 14 4C
0012A03B: 9C FD A0 D0 39 28 46 81 EC AA 48 85 58 28 82
0012A0B5: 9C FC A0 D0 39 28 46 81 EC AA 48 85 58 28 25
0012A178: 9C FB A0 D0 39 28 46 81 EC AA 48 85 58 28 7B
0012A178: 9C FA A0 D0 39 28 46 81 EC AA 48 85 58 28 DC
0012A31A: 9C F9 A0 D0 39 28 46 81 EC AA 48 85 58 28 2C
0012A31A: 9C F8 A0 D0 39 28 46 81 EC AA 48 85 58 28 8B
0012A31A: 9C F7 A0 D0 39 28 46 81 EC AA 48 85 58 28 90
0012A31A: 9C F6 A0 D0 39 28 46 81 EC AA 48 85 58 28 37
0012A63A: 9C F5 A0 D0 39 28 46 81 EC AA 48 85 58 28 C7
0012A63A: 9C F4 A0 D0 39 28 46 81 EC AA 48 85 58 28 60
0012A63A: 9C F3 A0 D0 39 28 46 81 EC AA 48 85 58 28 3E
0012A63A: 9C F2 A0 D0 39 28 46 81 EC AA 48 85 58 28 99
0012A986: 93 91 D0 05 64 75
0012AA26: 55 AA 09 04 01 01 15 01 00 13 18 50
0012AE0D: 55 AA 09 04 01 01 15 01 00 13 19 51
0012B1F5: 55 AA 09 04 01 01 15 01 00 13 1A 52
0012B5DD: 55 AA 09 04 01 01 15 01 00 13 1B 53
0012B9C6: 55 AA 09 04 01 01 15 01 00 13 1C 54
0012BDAF: 55 AA 09 04 01 01 15 01 00 13 1D 55
0012C195: 55 AA 09 04 01 01 15 01 00 13 1E 56
0012C57E: 55 AA 09 04 01 01 15 01 00 13 1F 57
0012C966: 55 AA 09 04 01 01 15 01 00 13 20 58
0012CD4F: 55 AA 09 04 01 01 15 01 00 13 21 59
0012D134: 55 AA 09 04 01 01 15 01 00 13 22 5A
0012D7B0: 98 FD 24 48 13 D0 3D 01 F5 24 4E
0012D836: 98 FC 24 48 13 D0 3D 01 F5 24 EA
0012D89D: 98 FB 24 48 13 D0 3D 01 F5 24 BD
0012D930: 98 FA 24 48 13 D0 3D 01 F5 24 19
0012D9F8: 98 F9 24 48 13 D0 3D 01 F5 24 EC
0012D9F8: 98 F8 24 48 13 D0 3D 01 F5 24 48
0012DB36: 98 F7 24 48 13 D0 3D 01 F5 24 42
0012DB36: 98 F6 24 48 13 D0 3D 01 F5 24 E6
0012DB36: 98 F5 24 48 13 D0 3D 01 F5 24 13
0012DD05: 98 F4 24 48 13 D0 3D 01 F5 24 B7
0012DD05: 98 F3 24 48 13 D0 3D 01 F5 24 E0
0012DD05: 98 F2 24 48 13 D0 3D 01 F5 24 44
0012DD05: 98 F1 24 48 13 D0 3D 01 F5 24 B1
0012DD05: 98 20 24 48 13 D0 3D 01 F5 24 D8
0012DFE7: 9C 20 24 8C 1F AB 3C 48 13 D0 3D 01 FF 24 4D
0012DFE7: 98 F2 24 89 A0 40 48 11 67 6F 97
0012DFE7: 98 F1 24 89 A0 40 48 11 67 6F 62
0012DFE7: 98 20 24 89 A0 40 48 11 67 6F 0B
0012E271: 55 AA 09 04 01 01 15 01 00 13 26 5E
0012E4BE: 55 AA 09 04 01 01 15 01 00 13 27 5F
0012E8A4: 55 AA 09 04 01 01 15 01 00 13 28 60
0012ED0C: 9C 20 24 8C 3C AB 5A 48 13 D0 3D 01 FF 24 EC
0012F06F: 9C 20 24 8C 00 AB 1F 48 13 D0 3D 01 FF 24 12
0012F2C8: 9B 20 81 AB 00 24 48 13 D0 3D 01 F5 24 26
0012F6AC: 93 91 D0 05 64 75
0012F777: 9C 20 24 8C 3C AB 5A 48 13 D0 3D 01 FF 24 EC
0012F7FC: 98 F1 24 89 A0 40 48 11 67 6F 62
0012F884: 98 20 24 89 A0 40 48 11 67 6F 0B
0012FDB6: 9B 20 89 AB F4 24 48 13 D0 3D 01 F5 24 DA
001302ED: 9C 20 24 8C 3C AB 5A 48 13 D0 3D 01 FF 24 EC
0013035B: 98 F2 24 89 A0 40 48 11 67 6F 97
001303F9: 98 F1 24 89 A0 40 48 11 67 6F 62
001303F9: 98 20 24 89 A0 40 48 11 67 6F 0B
001307DE: 9C 20 24 8C 1F AB 3C 48 13 D0 3D 01 FF 24 4D
0013092B: 98 F2 24 89 A0 40 48 11 67 6F 97
00130992: 98 F1 24 89 A0 40 48 11 67 6F 62
001309F6: 98 20 24 89 A0 40 48 11 67 6F 0B
00130BCD: 55 AA 09 04 01 01 15 01 00 13 31 69
00131352: 98 F2 24 48 13 D0 3D 01 F5 24 44
001313AF: 98 F1 24 48 13 D0 3D 01 F5 24 B1
0013141C: 98 20 24 48 13 D0 3D 01 F5 24 D8
001315EE: 9A F6 24 66 0D 58 01 48 0D FE 48 85 8D
00131674: 9A F5 24 66 0D 58 01 48 0D FE 48 85 EB
001316F3: 9A F4 24 66 0D 58 01 48 0D FE 48 85 3E
001317C8: 9A F3 24 66 0D 58 01 48 0D FE 48 85 27
0013194B: 9A F1 24 66 0D 58 01 48 0D FE 48 85 94
0013194B: 9A 20 24 66 0D 58 01 48 0D FE 48 85 7C
00131F55: 55 AA 09 04 01 01 15 01 00 13 36 6E
00132333: 91 95 24 FD
00132725: 55 AA 09 04 01 01 15 01 00 13 38 70
00132B0C: 55 AA 09 04 01 01 15 01 00 13 39 71
00132EF4: 55 AA 09 04 01 01 15 01 00 13 3A 72
001332D3: 91 95 24 FD
001336C5: 55 AA 09 04 01 01 15 01 00 14 00 39
00133AAD: 55 AA 09 04 01 01 15 01 00 14 01 3A
00133E94: 55 AA 09 04 01 01 15 01 00 14 02 3B
00134272: 91 95 24 FD
001344CB: 93 91 D0 05 64 75
00134665: 55 AA 09 04 01 01 15 01 00 14 04 3D
00134A4C: 55 AA 09 04 01 01 15 01 00 14 05 3E
00134E33: 55 AA 09 04 01 01 15 01 00 14 06 3F
00135212: 91 95 24 FD
00135605: 55 AA 09 04 01 01 15 01 00 14 08 41
001359EB: 55 AA 09 04 01 01 15 01 00 14 09 42
00135DD4: 55 AA 09 04 01 01 15 01 00 14 0A 43
001361B2: 91 95 24 FD
001365A4: 55 AA 09 04 01 01 15 01 00 14 0C 45
0013698B: 55 AA 09 04 01 01 15 01 00 14 0D 46
00136D74: 55 AA 09 04 01 01 15 01 00 14 0E 47
00137151: 91 95 24 FD
00137543: 55 AA 09 04 01 01 15 01 00 14 10 49
0013792B: 55 AA 09 04 01 01 15 01 00 14 11 4A
00137D13: 55 AA 09 04 01 01 15 01 00 14 12 4B
00137E9E: 9D FD 24 D0 39 01 46 81 EC A9 48 11 F5 48 85 E3
00137F1A: 9D FC 24 D0 39 01 46 81 EC A9 48 11 F5 48 85 CF
00137FFB: 9D FB 24 D0 39 01 46 81 EC A9 48 11 F5 48 85 0B
00137FFB: 9D FA 24 D0 39 01 46 81 EC A9 48 11 F5 48 85 27
001381BC: 9D F9 24 D0 39 01 46 81 EC A9 48 11 F5 48 85 53
001381BC: 9D F8 24 D0 39 01 46 81 EC A9 48 11 F5 48 85 7F
001381BC: 9D F7 24 D0 39 01 46 81 EC A9 48 11 F5 48 85 C2
001381BC: 9D F6 24 D0 39 01 46 81 EC A9 48 11 F5 48 85 EE
00138505: 9D F5 24 D0 39 01 46 81 EC A9 48 11 F5 48 85 9A
00138505: 9D F4 24 D0 39 01 46 81 EC A9 48 11 F5 48 85 B6
00138505: 9D F3 24 D0 39 01 46 81 EC A9 48 11 F5 48 85 72
0013884A: 96 F4 24 6F 58 02 48 84 7A
0013884A: 96 F3 24 6F 58 02 48 84 C9
0013884A: 96 F2 24 6F 58 02 48 84 F4
001389DA: 96 F1 24 6F 58 02 48 84 B3
001389DA: 96 20 24 6F 58 02 48 84 25
00138CB4: 55 AA 09 04 01 01 15 01 00 14 16 4F
001392EA: 93 91 D0 05 64 75
00139482: 55 AA 09 04 01 01 15 01 00 14 18 51
0013986B: 55 AA 09 04 01 01 15 01 00 14 19 52
00139C54: 55 AA 09 04 01 01 15 01 00 14 1A 53
0013A03B: 55 AA 09 04 01 01 15 01 00 14 1B 54
0013A423: 55 AA 09 04 01 01 15 01 00 14 1C 55
0013A80A: 55 AA 09 04 01 01 15 01 00 14 1D 56
0013ABF4: 55 AA 09 04 01 01 15 01 00 14 1E 57
0013AFDA: 55 AA 09 04 01 01 15 01 00 14 1F 58
0013B3BC: 9D FD 24 D0 39 02 46 81 EC AB 67 58 01 48 84 6F
0013B442: 9D FC 24 D0 39 02 46 81 EC AB 67 58 01 48 84 43
0013B519: 9D FB 24 D0 39 02 46 81 EC AB 67 58 01 48 84 87
0013B519: 9D FA 24 D0 39 02 46 81 EC AB 67 58 01 48 84 AB
0013B6D2: 9D F9 24 D0 39 02 46 81 EC AB 67 58 01 48 84 DF
0013B6D2: 9D F8 24 D0 39 02 46 81 EC AB 67 58 01 48 84 F3
0013B6D2: 9D F7 24 D0 39 02 46 81 EC AB 67 58 01 48 84 4E
0013B6D2: 9D F6 24 D0 39 02 46 81 EC AB 67 58 01 48 84 62
0013BA24: 9D F5 24 D0 39 02 46 81 EC AB 67 58 01 48 84 16
0013BA24: 9D F4 24 D0 39 02 46 81 EC AB 67 58 01 48 84 3A
0013BA24: 9D F3 24 D0 39 02 46 81 EC AB 67 58 01 48 84 FE
0013BD75: 96 F6 24 6F 58 02 48 84 00
0013BD75: 96 F5 24 6F 58 02 48 84 47
0013BD75: 96 F4 24 6F 58 02 48 84 7A
0013BD75: 96 F3 24 6F 58 02 48 84 C9
0013BD75: 96 F2 24 6F 58 02 48 84 F4
0013BD75: 96 F1 24 6F 58 02 48 84 B3
0013C047: 96 20 24 6F 58 02 48 84 25
0013C047: 55 AA 09 04 01 01 15 01 00 14 23 5C
0013C4ED: 9D FD 24 D0 39 02 46 81 EC AC 67 58 01 48 84 EA
0013C569: 9D FC 24 D0 39 02 46 81 EC AC 67 58 01 48 84 C6
0013C64A: 9D FB 24 D0 39 02 46 81 EC AC 67 58 01 48 84 02
0013C64A: 9D FA 24 D0 39 02 46 81 EC AC 67 58 01 48 84 2E
0013C805: 9D F9 24 D0 39 02 46 81 EC AC 67 58 01 48 84 5A
0013C805: 9D F8 24 D0 39 02 46 81 EC AC 67 58 01 48 84 76
0013C805: 9D F7 24 D0 39 02 46 81 EC AC 67 58 01 48 84 CB
0013C805: 9D F6 24 D0 39 02 46 81 EC AC 67 58 01 48 84 E7
0013CB54: 9D F5 24 D0 39 02 46 81 EC AC 67 58 01 48 84 93
0013CB54: 9D F4 24 D0 39 02 46 81 EC AC 67 58 01 48 84 BF
0013CB54: 9D F3 24 D0 39 02 46 81 EC AC 67 58 01 48 84 7B
0013CEA1: 96 F6 24 6F 58 02 48 84 00
0013CEA1: 96 F5 24 6F 58 02 48 84 47
0013CEA1: 96 F4 24 6F 58 02 48 84 7A
0013CEA1: 96 F3 24 6F 58 02 48 84 C9
0013D096: 96 F2 24 6F 58 02 48 84 F4
0013D096: 96 F1 24 6F 58 02 48 84 B3
0013D096: 96 20 24 6F 58 02 48 84 25
0013D404: 92 FD 48 85 25
0013D489: 92 FC 48 85 8E
0013D4D7: 92 FB 48 85 F4
0013D550: 92 FA 48 85 5F
0013D595: 92 F9 48 85 BB
0013D61A: 92 F8 48 85 10
0013D665: 92 F7 48 85 4F
0013D6E1: 92 F6 48 85 E4
0013D72D: 92 F5 48 85 00
0013D7A9: 92 F4 48 85 AB
0013D7F6: 92 F3 48 85 D1
0013D88B: 92 F2 48 85 7A
0013D8D3: 92 F1 48 85 9E
0013D938: 92 20 48 85 2C
0013DACB: 9A F6 89 83 15 24 6F 0D 58 02 48 0D C2
0013DB3E: 9A F5 89 83 15 24 6F 0D 58 02 48 0D A4
0013DBD0: 9A F4 89 83 15 24 6F 0D 58 02 48 0D 71
0013DCA5: 9A F3 89 83 15 24 6F 0D 58 02 48 0D 68
0013DCA5: 9A F2 89 83 15 24 6F 0D 58 02 48 0D BD
0013DCA5: 9A F1 89 83 15 24 6F 0D 58 02 48 0D DB
0013DEBF: 9A 20 89 83 15 24 6F 0D 58 02 48 0D 33
0013DEBF: 9B F6 8C 15 83 2B 24 6F 0D 58 02 48 0D 77
0013DEBF: 9B F5 8C 15 83 2B 24 6F 0D 58 02 48 0D CF
0013DEBF: 9B F4 8C 15 83 2B 24 6F 0D 58 02 48 0D A7
0013E1A0: 9B F3 8C 15 83 2B 24 6F 0D 58 02 48 0D A6
0013E1A0: 9B F2 8C 15 83 2B 24 6F 0D 58 02 48 0D CE
0013E1A0: 9B F1 8C 15 83 2B 24 6F 0D 58 02 48 0D 76
0013E1A0: 9B 20 8C 15 83 2B 24 6F 0D 58 02 48 0D 5D
0013E1A0: 93 91 D0 05 64 75
0013E4DB: 92 FD 48 85 25
0013E4DB: 9A F5 81 83 2B 24 6F 0D 58 02 48 0D C7
0013E4DB: 92 FC 48 85 8E
0013E4DB: 9A F4 81 83 2B 24 6F 0D 58 02 48 0D 12
0013E4DB: 92 FB 48 85 F4
0013E4DB: 9A F3 81 83 2B 24 6F 0D 58 02 48 0D 0B
0013E4DB: 92 FA 48 85 5F
0013E85F: 9A 20 81 83 2B 24 6F 0D 58 02 48 0D 50
0013E85F: 92 F7 48 85 4F
0013E85F: 92 F6 48 85 E4
0013E85F: 92 F5 48 85 00
0013E85F: 92 F4 48 85 AB
0013E85F: 92 F3 48 85 D1
0013E85F: 92 F2 48 85 7A
0013E85F: 92 F1 48 85 9E
0013E85F: 92 20 48 85 2C
0013EB2F: 9D F6 24 0D 58 01 48 0D 67 8C 15 83 2B 0E 13 5E
0013EB2F: 9D F5 24 0D 58 01 48 0D 67 8C 15 83 2B 0E 13 2A
0013EB2F: 9D F4 24 0D 58 01 48 0D 67 8C 15 83 2B 0E 13 06
0013EF3D: 91 FD 24 D1
0013EF3D: 91 FC 24 15
0013EF3D: 91 FB 24 7B
0013EF3D: 91 FA 24 BF
0013EF3D: 91 F9 24 EA
0013EF3D: 91 F8 24 2E
0013F09B: 91 F7 24 36
0013F09B: 91 F6 24 F2
0013F09B: 91 F5 24 A7
0013F09B: 91 F4 24 63
0013F195: 91 F3 24 0D
0013F195: 91 F2 24 C9
0013F22B: 91 F1 24 9C
0013F22B: 91 20 24 00
0013F62A: 55 AA 09 04 01 01 15 01 00 14 31 6A
0013FC62: 98 FD 24 0E 0D F2 48 85 58 0F 85
0013FCC0: 98 FC 24 0E 0D F2 48 85 58 0F 21
0013FD2C: 98 FB 24 0E 0D F2 48 85 58 0F 76
0013FDEA: 98 FA 24 0E 0D F2 48 85 58 0F D2
0013FDEA: 98 F9 24 0E 0D F2 48 85 58 0F 27
0013FF2E: 98 F8 24 0E 0D F2 48 85 58 0F 83
0013FF2E: 98 F7 24 0E 0D F2 48 85 58 0F 89
0013FF2E: 98 F6 24 0E 0D F2 48 85 58 0F 2D
001400FC: 98 F5 24 0E 0D F2 48 85 58 0F D8
001400FC: 98 F4 24 0E 0D F2 48 85 58 0F 7C
001400FC: 98 F3 24 0E 0D F2 48 85 58 0F 2B
001400FC: 98 F2 24 0E 0D F2 48 85 58 0F 8F
001400FC: 98 F1 24 0E 0D F2 48 85 58 0F 7A
001403DD: 98 20 24 0E 0D F2 48 85 58 0F 13
001403DD: 55 AA 09 04 01 01 15 01 00 14 34 6D
001405C9: 55 AA 09 04 01 01 15 01 00 14 35 6E
00140AF9: 97 FD 24 66 F2 48 85 58 0F BF
00140B7C: 97 FC 24 66 F2 48 85 58 0F FC
00140BE1: 97 FB 24 66 F2 48 85 58 0F 2C
00140C55: 97 FA 24 66 F2 48 85 58 0F 6F
00140D04: 97 F9 24 66 F2 48 85 58 0F AA
00140D04: 97 F8 24 66 F2 48 85 58 0F E9
00140E30: 97 F7 24 66 F2 48 85 58 0F 13
00140E30: 97 F6 24 66 F2 48 85 58 0F 50
00140E30: 97 F5 24 66 F2 48 85 58 0F 95
00140FD8: 97 F4 24 66 F2 48 85 58 0F D6
00140FD8: 97 F3 24 66 F2 48 85 58 0F 06
00140FD8: 97 F2 24 66 F2 48 85 58 0F 45
00140FD8: 97 F1 24 66 F2 48 85 58 0F 80
001411FE: 97 20 24 66 F2 48 85 58 0F 4C
001411FE: 55 AA 09 04 01 01 15 01 00 14 38 71
00141569: 55 AA 09 04 01 01 15 01 00 14 39 72
00141A14: 9B FD 24 0E 0D 6E 58 F0 48 03 D0 42 04 CA
00141A99: 9B FC 24 0E 0D 6E 58 F0 48 03 D0 42 04 A2
00141B36: 9B FB 24 0E 0D 6E 58 F0 48 03 D0 42 04 A3
00141C17: 9B FA 24 0E 0D 6E 58 F0 48 03 D0 42 04 CB
00141C17: 9B F9 24 0E 0D 6E 58 F0 48 03 D0 42 04 73
00141C17: 9B F8 24 0E 0D 6E 58 F0 48 03 D0 42 04 1B
00141E56: 9B F7 24 0E 0D 6E 58 F0 48 03 D0 42 04 71
00141E56: 9B F6 24 0E 0D 6E 58 F0 48 03 D0 42 04 19
00141E56: 9B F5 24 0E 0D 6E 58 F0 48 03 D0 42 04 A1
00141E56: 9B F4 24 0E 0D 6E 58 F0 48 03 D0 42 04 C9
00141E56: 9B F3 24 0E 0D 6E 58 F0 48 03 D0 42 04 C8
001421F3: 9B F2 24 0E 0D 6E 58 F0 48 03 D0 42 04 A0
001421F3: 9B F1 24 0E 0D 6E 58 F0 48 03 D0 42 04 18
001421F3: 9B 20 24 0E 0D 6E 58 F0 48 03 D0 42 04 33
001421F3: 55 AA 09 04 01 01 15 01 00 15 00 3A
00142508: 55 AA 09 04 01 01 15 01 00 15 01 3B
00142CD3: 9F FD 48 83 D0 0E 80 5B AC EC 2A 32 48 1C D0 39 06 E5
00142D5E: 9F FC 48 83 D0 0E 80 5B AC EC 2A 32 48 1C D0 39 06 69
00142E6B: 9F FB 48 83 D0 0E 80 5B AC EC 2A 32 48 1C D0 39 06 E6
00142E6B: 9F FA 48 83 D0 0E 80 5B AC EC 2A 32 48 1C D0 39 06 6A
0014305E: 9F F9 48 83 D0 0E 80 5B AC EC 2A 32 48 1C D0 39 06 E7
0014305E: 9F F8 48 83 D0 0E 80 5B AC EC 2A 32 48 1C D0 39 06 6B
0014305E: 9F F7 48 83 D0 0E 80 5B AC EC 2A 32 48 1C D0 39 06 E0
001433B0: 9F F5 48 83 D0 0E 80 5B AC EC 2A 32 48 1C D0 39 06 E1
001433B0: 9F F4 48 83 D0 0E 80 5B AC EC 2A 32 48 1C D0 39 06 6D
001433B0: 9F F3 48 83 D0 0E 80 5B AC EC 2A 32 48 1C D0 39 06 E2
001436F6: 55 AA 09 04 01 01 15 01 00 15 05 3F
00143B67: 97 FD 24 67 F2 48 85 58 0F 88
00143BEC: 97 FC 24 67 F2 48 85 58 0F CB
00143C52: 97 FB 24 67 F2 48 85 58 0F 1B
00143CC4: 97 FA 24 67 F2 48 85 58 0F 58
00143D73: 97 F9 24 67 F2 48 85 58 0F 9D
00143D73: 97 F8 24 67 F2 48 85 58 0F DE
00143E9F: 97 F7 24 67 F2 48 85 58 0F 24
00143E9F: 97 F6 24 67 F2 48 85 58 0F 67
00143E9F: 97 F5 24 67 F2 48 85 58 0F A2
00144048: 97 F4 24 67 F2 48 85 58 0F E1
00144048: 97 F3 24 67 F2 48 85 58 0F 31
00144048: 97 F2 24 67 F2 48 85 58 0F 72
00144048: 97 F1 24 67 F2 48 85 58 0F B7
0014426E: 97 20 24 67 F2 48 85 58 0F 7B
00144449: 55 AA 09 04 01 01 15 01 00 15 09 43
00144AC4: 98 FD 24 0E 13 F2 48 85 58 0F CD
00144B49: 98 FC 24 0E 13 F2 48 85 58 0F 69
00144BAF: 98 FB 24 0E 13 F2 48 85 58 0F 3E
00144C4B: 98 FA 24 0E 13 F2 48 85 58 0F 9A
00144D07: 98 F9 24 0E 13 F2 48 85 58 0F 6F
00144D07: 98 F8 24 0E 13 F2 48 85 58 0F CB
00144E4C: 98 F7 24 0E 13 F2 48 85 58 0F C1
00144E4C: 98 F6 24 0E 13 F2 48 85 58 0F 65
00144E4C: 98 F5 24 0E 13 F2 48 85 58 0F 90
00144E4C: 98 F4 24 0E 13 F2 48 85 58 0F 34
0014509F: 98 F3 24 0E 13 F2 48 85 58 0F 63
0014509F: 98 F2 24 0E 13 F2 48 85 58 0F C7
0014509F: 98 F1 24 0E 13 F2 48 85 58 0F 32
0014509F: 98 20 24 0E 13 F2 48 85 58 0F 5B
001453E9: 55 AA 09 04 01 01 15 01 00 15 0D 47
0014599C: 97 FD 24 63 F2 48 85 58 0F 54
00145A21: 97 FC 24 63 F2 48 85 58 0F 17
00145A82: 97 FB 24 63 F2 48 85 58 0F C7
00145AFA: 97 FA 24 63 F2 48 85 58 0F 84
00145BA9: 97 F9 24 63 F2 48 85 58 0F 41
00145BA9: 97 F8 24 63 F2 48 85 58 0F 02
00145CD5: 97 F7 24 63 F2 48 85 58 0F F8
00145CD5: 97 F6 24 63 F2 48 85 58 0F BB
00145CD5: 97 F5 24 63 F2 48 85 58 0F 7E
00145E75: 97 F4 24 63 F2 48 85 58 0F 3D
00145E75: 97 F3 24 63 F2 48 85 58 0F ED
00145E75: 97 F2 24 63 F2 48 85 58 0F AE
00145E75: 97 F1 24 63 F2 48 85 58 0F 6B
001460A7: 97 20 24 63 F2 48 85 58 0F A7
001460A7: 55 AA 09 04 01 01 15 01 00 15 10 4A
0014665E: 9A FD 24 48 83 D0 0E 80 D0 45 A9 72 04
001466CE: 9A FC 24 48 83 D0 0E 80 D0 45 A9 72 D1
00146765: 9A FB 24 48 83 D0 0E 80 D0 45 A9 72 C8
0014683A: 9A FA 24 48 83 D0 0E 80 D0 45 A9 72 1D
0014683A: 9A F9 24 48 83 D0 0E 80 D0 45 A9 72 7B
0014683A: 9A F8 24 48 83 D0 0E 80 D0 45 A9 72 AE
00146A52: 9A F7 24 48 83 D0 0E 80 D0 45 A9 72 49
00146A52: 9A F6 24 48 83 D0 0E 80 D0 45 A9 72 9C
00146A52: 9A F5 24 48 83 D0 0E 80 D0 45 A9 72 FA
00146A52: 9A F4 24 48 83 D0 0E 80 D0 45 A9 72 2F
00146A52: 9A F3 24 48 83 D0 0E 80 D0 45 A9 72 36
00146DA8: 9A F2 24 48 83 D0 0E 80 D0 45 A9 72 E3
00146DA8: 9A F1 24 48 83 D0 0E 80 D0 45 A9 72 85
00146DA8: 9A 20 24 48 83 D0 0E 80 D0 45 A9 72 6D
001470C8: 96 F6 8C 1F AB 5A 48 86 8B
0014714E: 96 F5 8C 1F AB 5A 48 86 CC
001471AD: 96 F4 8C 1F AB 5A 48 86 F1
0014722D: 96 F3 8C 1F AB 5A 48 86 42
0014729F: 96 F2 8C 1F AB 5A 48 86 7F
00147342: 96 F1 8C 1F AB 5A 48 86 38
00147342: 96 20 8C 1F AB 5A 48 86 AE
001479E6: 96 F6 8C 5A AB F4 48 86 B2
00147A3B: 96 F5 8C 5A AB F4 48 86 F5
00147AAD: 96 F4 8C 5A AB F4 48 86 C8
00147B19: 96 F3 8C 5A AB F4 48 86 7B
00147BBC: 96 F2 8C 5A AB F4 48 86 46
00147BBC: 96 F1 8C 5A AB F4 48 86 01
00147CCE: 96 20 8C 5A AB F4 48 86 97
00147D71: 93 91 D0 05 64 75
001480EE: 96 F6 8C 00 AB 1F 48 86 9C
00148144: 96 F5 8C 00 AB 1F 48 86 DB
001481B5: 96 F4 8C 00 AB 1F 48 86 E6
00148226: 96 F3 8C 00 AB 1F 48 86 55
001482C5: 96 F2 8C 00 AB 1F 48 86 68
001482C5: 96 F1 8C 00 AB 1F 48 86 2F
001483D7: 96 20 8C 00 AB 1F 48 86 B9
00148A0D: 9E FD 24 48 83 D0 0E 80 D2 35 02 AC 02 D0 45 E6 4F
00148A8E: 9E FC 24 48 83 D0 0E 80 D2 35 02 AC 02 D0 45 E6 CF
00148B84: 9E FB 24 48 83 D0 0E 80 D2 35 02 AC 02 D0 45 E6 64
00148B84: 9E FA 24 48 83 D0 0E 80 D2 35 02 AC 02 D0 45 E6 E4
00148D5D: 9E F9 24 48 83 D0 0E 80 D2 35 02 AC 02 D0 45 E6 7D
00148D5D: 9E F8 24 48 83 D0 0E 80 D2 35 02 AC 02 D0 45 E6 FD
00148D5D: 9E F7 24 48 83 D0 0E 80 D2 35 02 AC 02 D0 45 E6 32
00148D5D: 9E F6 24 48 83 D0 0E 80 D2 35 02 AC 02 D0 45 E6 B2
001490EB: 9E F5 24 48 83 D0 0E 80 D2 35 02 AC 02 D0 45 E6 2B
001490EB: 9E F4 24 48 83 D0 0E 80 D2 35 02 AC 02 D0 45 E6 AB
001490EB: 9E F3 24 48 83 D0 0E 80 D2 35 02 AC 02 D0 45 E6 00
0014942B: 55 AA 09 04 01 01 15 01 00 15 1D 57
0014964F: 55 AA 09 04 01 01 15 01 00 15 1E 58
00149A37: 55 AA 09 04 01 01 15 01 00 15 1F 59
00149E20: 55 AA 09 04 01 01 15 01 00 15 20 5A
0014A208: 55 AA 09 04 01 01 15 01 00 15 21 5B
0014A7FB: 92 FD 48 85 25
0014A83F: 92 FC 48 85 8E
0014A8C3: 92 FB 48 85 F4
0014A910: 92 FA 48 85 5F
0014A98B: 92 F9 48 85 BB
0014A9D8: 92 F8 48 85 10
0014AA53: 92 F7 48 85 4F
0014AA9D: 92 F6 48 85 E4
0014AB1C: 92 F5 48 85 00
0014AB67: 92 F4 48 85 AB
0014ABE3: 92 F3 48 85 D1
0014AC2F: 92 F2 48 85 7A
0014ACAB: 92 F1 48 85 9E
0014ACF8: 92 20 48 85 2C
0014AE81: 9D F6 89 AB 3C 24 0D 48 83 D0 0E 80 F6 48 85 EC
0014AF07: 9D F5 89 AB 3C 24 0D 48 83 D0 0E 80 F6 48 85 98
0014AFD7: 9D F4 89 AB 3C 24 0D 48 83 D0 0E 80 F6 48 85 B4
0014AFD7: 9D F3 89 AB 3C 24 0D 48 83 D0 0E 80 F6 48 85 70
0014B1A5: 9D F2 89 AB 3C 24 0D 48 83 D0 0E 80 F6 48 85 5C
0014B1A5: 9D F1 89 AB 3C 24 0D 48 83 D0 0E 80 F6 48 85 28
0014B1A5: 9D 20 89 AB 3C 24 0D 48 83 D0 0E 80 F6 48 85 CA
0014B547: 9D F6 81 AB 3C 24 0D 48 83 D0 0E 80 F6 48 85 A9
0014B5C3: 9D F5 81 AB 3C 24 0D 48 83 D0 0E 80 F6 48 85 DD
0014B6A4: 9D F4 81 AB 3C 24 0D 48 83 D0 0E 80 F6 48 85 F1
0014B6A4: 9D F3 81 AB 3C 24 0D 48 83 D0 0E 80 F6 48 85 35
0014B866: 9D F2 81 AB 3C 24 0D 48 83 D0 0E 80 F6 48 85 19
0014B866: 9D F1 81 AB 3C 24 0D 48 83 D0 0E 80 F6 48 85 6D
0014B866: 9D 20 81 AB 3C 24 0D 48 83 D0 0E 80 F6 48 85 8F
0014BAEB: 97 F6 24 D0 39 0A D0 45 AA EB
0014BAEB: 97 F5 24 D0 39 0A D0 45 AA 2E
0014BAEB: 97 F4 24 D0 39 0A D0 45 AA 6D
0014BAEB: 97 F3 24 D0 39 0A D0 45 AA BD
0014BAEB: 97 F2 24 D0 39 0A D0 45 AA FE
0014BD9A: 97 F1 24 D0 39 0A D0 45 AA 3B
0014BD9A: 97 20 24 D0 39 0A D0 45 AA F7
0014BD9A: 9B FD A0 46 81 EC A9 48 83 D0 0E 80 0D CB
0014BD9A: 9B FC A0 46 81 EC A9 48 83 D0 0E 80 0D A3
0014BD9A: 9B FB A0 46 81 EC A9 48 83 D0 0E 80 0D A2
0014C13A: 9B F9 A0 46 81 EC A9 48 83 D0 0E 80 0D 72
0014C13A: 9B F8 A0 46 81 EC A9 48 83 D0 0E 80 0D 1A
0014C13A: 9B F7 A0 46 81 EC A9 48 83 D0 0E 80 0D 70
0014C13A: 9B F6 A0 46 81 EC A9 48 83 D0 0E 80 0D 18
0014C4FD: 9B 20 A0 46 81 EC A9 48 83 D0 0E 80 0D 32
0014C5DD: 55 AA 09 04 01 01 15 01 00 15 2A 64
0014CCB4: 97 FD 24 67 F2 48 85 58 03 2B
0014CD17: 97 FC 24 67 F2 48 85 58 03 68
0014CD7D: 97 FB 24 67 F2 48 85 58 03 B8
0014CE08: 97 FA 24 67 F2 48 85 58 03 FB
0014CEB7: 97 F9 24 67 F2 48 85 58 03 3E
0014CEB7: 97 F8 24 67 F2 48 85 58 03 7D
0014CFEC: 97 F7 24 67 F2 48 85 58 03 87
0014CFEC: 97 F6 24 67 F2 48 85 58 03 C4
0014CFEC: 97 F5 24 67 F2 48 85 58 03 01
0014D195: 97 F4 24 67 F2 48 85 58 03 42
0014D195: 97 F3 24 67 F2 48 85 58 03 92
0014D195: 97 F2 24 67 F2 48 85 58 03 D1
0014D195: 97 F1 24 67 F2 48 85 58 03 14
0014D3BB: 97 20 24 67 F2 48 85 58 03 D8
0014D7E9: 9B F6 8C 19 83 25 24 66 F2 48 85 58 03 77
0014D86D: 9B F5 8C 19 83 25 24 66 F2 48 85 58 03 CF
0014D908: 9B F4 8C 19 83 25 24 66 F2 48 85 58 03 A7
0014D9E3: 9B F3 8C 19 83 25 24 66 F2 48 85 58 03 A6
0014D9E3: 9B F2 8C 19 83 25 24 66 F2 48 85 58 03 CE
0014DB7C: 9B F1 8C 19 83 25 24 66 F2 48 85 58 03 76
0014DB7C: 9B 20 8C 19 83 25 24 66 F2 48 85 58 03 5D
0014DD0B: 9A F1 89 83 19 24 66 F2 48 85 58 03 68
0014DD0B: 9A 20 89 83 19 24 66 F2 48 85 58 03 80
0014DE82: 9B F2 8C 25 83 32 24 66 F2 48 85 58 03 AB
0014DE82: 9B F1 8C 25 83 32 24 66 F2 48 85 58 03 13
0014DE82: 9B 20 8C 25 83 32 24 66 F2 48 85 58 03 38
0014E0C2: 9A F2 81 83 32 24 66 F2 48 85 58 03 6F
0014E0C2: 9A F1 81 83 32 24 66 F2 48 85 58 03 09
0014E0C2: 9A 20 81 83 32 24 66 F2 48 85 58 03 E1
0014E0C2: 55 AA 09 04 01 01 15 01 00 15 31 6B
0014E754: 94 F2 48 85 FD 24 B1
0014E7A2: 94 F1 48 85 FD 24 FF
0014E80B: 94 20 48 85 FD 24 6C
0014E860: 55 AA 09 04 01 01 15 01 00 15 33 6D
0014EC41: 55 AA 09 04 01 01 15 01 00 15 34 6E
0014F027: 55 AA 09 04 01 01 15 01 00 15 35 6F
0014F76B: 9D F2 89 83 19 24 0D 48 83 D0 0E 80 F2 48 85 65
0014F7E7: 9D F1 89 83 19 24 0D 48 83 D0 0E 80 F2 48 85 11
0014F8C5: 9D 20 89 83 19 24 0D 48 83 D0 0E 80 F2 48 85 F3
0014F9B8: 9E F2 8C 19 83 25 24 0D 48 83 D0 0E 80 F2 48 85 13
0014F9B8: 9E F1 8C 19 83 25 24 0D 48 83 D0 0E 80 F2 48 85 8A
0014FB9C: 9E 20 8C 19 83 25 24 0D 48 83 D0 0E 80 F2 48 85 DF
0014FB9C: 9E F2 8C 25 83 32 24 0D 48 83 D0 0E 80 F2 48 85 83
0014FB9C: 9E F1 8C 25 83 32 24 0D 48 83 D0 0E 80 F2 48 85 1A
0014FE4B: 9E 20 8C 25 83 32 24 0D 48 83 D0 0E 80 F2 48 85 4F
0014FE4B: 9D F2 81 83 32 24 0D 48 83 D0 0E 80 F2 48 85 6B
0014FE4B: 9D F1 81 83 32 24 0D 48 83 D0 0E 80 F2 48 85 1F
00150191: 55 AA 09 04 01 01 15 01 00 15 39 73
001503AF: 55 AA 09 04 01 01 15 01 00 15 3A 74
00150797: 55 AA 09 04 01 01 15 01 00 15 3B 75
00150BBB: 9C F6 24 D0 39 0A 46 81 EC A9 66 0D 48 0F 74
00150C40: 9C F5 24 D0 39 0A 46 81 EC A9 66 0D 48 0F 84
00150CFA: 9C F4 24 D0 39 0A 46 81 EC A9 66 0D 48 0F 23
00150CFA: 9C F3 24 D0 39 0A 46 81 EC A9 66 0D 48 0F 7D
00150EA3: 9C F2 24 D0 39 0A 46 81 EC A9 66 0D 48 0F DA
00150EA3: 9C F1 24 D0 39 0A 46 81 EC A9 66 0D 48 0F 2A
00150EA3: 9C 20 24 D0 39 0A 46 81 EC A9 66 0D 48 0F 29
00151107: 55 AA 09 04 01 01 15 01 00 16 01 3C
00151351: 55 AA 09 04 01 01 15 01 00 16 02 3D
00151735: 55 AA 09 04 01 01 15 01 00 16 03 3E
00151B9A: 92 FD 48 85 25
00151BE6: 92 FC 48 85 8E
00151C61: 92 FB 48 85 F4
00151CAD: 92 FA 48 85 5F
00151D2A: 92 F9 48 85 BB
00151D78: 92 F8 48 85 10
00151DF2: 92 F7 48 85 4F
00151E3C: 92 F6 48 85 E4
00151EBC: 92 F5 48 85 00
00151F0B: 92 F4 48 85 AB
00151F82: 92 F3 48 85 D1
00151FD0: 92 F2 48 85 7A
0015204C: 92 F1 48 85 9E
00152099: 92 20 48 85 2C
00152199: 97 F6 24 D0 39 03 D0 45 AA 78
001521F5: 97 F5 24 D0 39 03 D0 45 AA BD
00152261: 97 F4 24 D0 39 03 D0 45 AA FE
00152308: 97 F3 24 D0 39 03 D0 45 AA 2E
001523B7: 97 F2 24 D0 39 03 D0 45 AA 6D
001523B7: 97 F1 24 D0 39 03 D0 45 AA A8
001524E3: 97 20 24 D0 39 03 D0 45 AA 64
0015268C: 9B FD A0 46 81 EC A9 48 83 D0 0E 80 0D CB
00152713: 9B FC A0 46 81 EC A9 48 83 D0 0E 80 0D A3
001527A8: 9B FB A0 46 81 EC A9 48 83 D0 0E 80 0D A2
00152890: 9B FA A0 46 81 EC A9 48 83 D0 0E 80 0D CA
00152890: 9B F9 A0 46 81 EC A9 48 83 D0 0E 80 0D 72
00152A21: 9B F8 A0 46 81 EC A9 48 83 D0 0E 80 0D 1A
00152A21: 9B F7 A0 46 81 EC A9 48 83 D0 0E 80 0D 70
00152A21: 9B F6 A0 46 81 EC A9 48 83 D0 0E 80 0D 18
00152A21: 9B F5 A0 46 81 EC A9 48 83 D0 0E 80 0D A0
00152D0E: 9B F4 A0 46 81 EC A9 48 83 D0 0E 80 0D C8
00152D0E: 9B F3 A0 46 81 EC A9 48 83 D0 0E 80 0D C9
00152D0E: 9B F2 A0 46 81 EC A9 48 83 D0 0E 80 0D A1
00152D0E: 9B F1 A0 46 81 EC A9 48 83 D0 0E 80 0D 19
00153054: 55 AA 09 04 01 01 15 01 00 16 09 44
0015328D: 55 AA 09 04 01 01 15 01 00 16 0A 45
00153676: 55 AA 09 04 01 01 15 01 00 16 0B 46
00153D33: 9B FD 24 67 F2 48 85 29 04 08 02 19 1D 9C
00153DB7: 9B FC 24 67 F2 48 85 29 04 08 02 19 1D F4
00153E56: 9B FB 24 67 F2 48 85 29 04 08 02 19 1D F5
00153E56: 9B FA 24 67 F2 48 85 29 04 08 02 19 1D 9D
00153FE7: 9B F9 24 67 F2 48 85 29 04 08 02 19 1D 25
00153FE7: 9B F8 24 67 F2 48 85 29 04 08 02 19 1D 4D
00153FE7: 9B F7 24 67 F2 48 85 29 04 08 02 19 1D 27
00154225: 9B F6 24 67 F2 48 85 29 04 08 02 19 1D 4F
00154225: 9B F5 24 67 F2 48 85 29 04 08 02 19 1D F7
00154225: 9B F4 24 67 F2 48 85 29 04 08 02 19 1D 9F
00154225: 9B F3 24 67 F2 48 85 29 04 08 02 19 1D 9E
001545C7: 9B 20 24 67 F2 48 85 29 04 08 02 19 1D 65
00154825: 9F F3 24 D0 39 04 46 81 EC AB 0E 08 48 86 F6 48 85 70
001548AA: 9F F2 24 D0 39 04 46 81 EC AB 0E 08 48 86 F6 48 85 FC
001549BE: 9F F1 24 D0 39 04 46 81 EC AB 0E 08 48 86 F6 48 85 71
001549BE: 9F 20 24 D0 39 04 46 81 EC AB 0E 08 48 86 F6 48 85 95
001549BE: 55 AA 09 04 01 01 15 01 00 16 10 4B
00154F6F: 9F F3 24 D0 39 04 46 81 EC AC 0E 02 48 86 F6 48 85 6F
00154FF7: 9F F2 24 D0 39 04 46 81 EC AC 0E 02 48 86 F6 48 85 E3
00155107: 9F F1 24 D0 39 04 46 81 EC AC 0E 02 48 86 F6 48 85 6E
00155107: 9F 20 24 D0 39 04 46 81 EC AC 0E 02 48 86 F6 48 85 8A
001552FB: 55 AA 09 04 01 01 15 01 00 16 12 4D
00155676: 9C F4 24 48 82 D0 0E FF D0 42 09 D0 45 A9 78
001556FC: 9C F3 24 48 82 D0 0E FF D0 42 09 D0 45 A9 26
001557B5: 9C F2 24 48 82 D0 0E FF D0 42 09 D0 45 A9 81
001557B5: 9C F1 24 48 82 D0 0E FF D0 42 09 D0 45 A9 71
0015595E: 9C 20 24 48 82 D0 0E FF D0 42 09 D0 45 A9 72
00155A4C: 55 AA 09 04 01 01 15 01 00 16 14 4F
00155D85: 55 AA 09 04 01 01 15 01 00 16 15 50
0015616F: 55 AA 09 04 01 01 15 01 00 16 16 51
00156555: 55 AA 09 04 01 01 15 01 00 16 17 52
00156D1D: 98 FD 24 0E 13 F2 48 85 58 03 6E
00156D83: 98 FC 24 0E 13 F2 48 85 58 03 CA
00156DE8: 98 FB 24 0E 13 F2 48 85 58 03 9D
00156EA4: 98 FA 24 0E 13 F2 48 85 58 03 39
00156EA4: 98 F9 24 0E 13 F2 48 85 58 03 CC
00156FE9: 98 F8 24 0E 13 F2 48 85 58 03 68
00156FE9: 98 F7 24 0E 13 F2 48 85 58 03 62
00156FE9: 98 F6 24 0E 13 F2 48 85 58 03 C6
001571B7: 98 F5 24 0E 13 F2 48 85 58 03 33
001571B7: 98 F4 24 0E 13 F2 48 85 58 03 97
001571B7: 98 F3 24 0E 13 F2 48 85 58 03 C0
001571B7: 98 F2 24 0E 13 F2 48 85 58 03 64
001571B7: 98 F1 24 0E 13 F2 48 85 58 03 91
00157491: 98 20 24 0E 13 F2 48 85 58 03 F8
00157894: 9B F6 24 48 11 D0 3D 01 62 6A FA 48 85 1D
00157919: 9B F5 24 48 11 D0 3D 01 62 6A FA 48 85 A5
001579B6: 9B F4 24 48 11 D0 3D 01 62 6A FA 48 85 CD
00157A98: 9B F3 24 48 11 D0 3D 01 62 6A FA 48 85 CC
00157A98: 9B F2 24 48 11 D0 3D 01 62 6A FA 48 85 A4
00157A98: 9B F1 24 48 11 D0 3D 01 62 6A FA 48 85 1C
00157CD7: 9B 20 24 48 11 D0 3D 01 62 6A FA 48 85 37
00157FDD: 9B F6 24 48 11 D0 3D 01 62 6A FA 48 85 1D
00158057: 9B F5 24 48 11 D0 3D 01 62 6A FA 48 85 A5
00158101: 9B F4 24 48 11 D0 3D 01 62 6A FA 48 85 CD
00158101: 9B F3 24 48 11 D0 3D 01 62 6A FA 48 85 CC
00158292: 9B F2 24 48 11 D0 3D 01 62 6A FA 48 85 A4
00158292: 9B F1 24 48 11 D0 3D 01 62 6A FA 48 85 1C
00158292: 9B 20 24 48 11 D0 3D 01 62 6A FA 48 85 37
001584D0: 55 AA 09 04 01 01 15 01 00 16 1F 5A
0015887C: 55 AA 09 04 01 01 15 01 00 16 20 5B
00158C65: 55 AA 09 04 01 01 15 01 00 16 21 5C
0015904B: 55 AA 09 04 01 01 15 01 00 16 22 5D
00159434: 55 AA 09 04 01 01 15 01 00 16 23 5E
00159961: 95 44 1B 97 0A 00 11 CE
001599BB: 95 44 1A 97 0A 00 11 03
00159A29: 95 44 19 97 0A 00 11 4D
00159A81: 95 44 18 97 0A 00 11 80
00159B00: 95 44 17 97 0A 00 11 EF
00159B97: 95 44 16 97 0A 00 11 22
00159C29: 95 44 15 97 0A 00 11 6C
00159C29: 95 44 14 97 0A 00 11 A1
00159D1D: 95 44 13 97 0A 00 11 F0
00159D1D: 95 44 12 97 0A 00 11 3D
00159E23: 95 44 11 97 0A 00 11 73
00159E23: 95 44 10 97 0A 00 11 BE
00159E23: 94 FF 97 0A 00 11 6A
00159F71: 94 FE 97 0A 00 11 A7
00159F71: 94 FD 97 0A 00 11 E9
00159F71: 94 FC 97 0A 00 11 24
0015A0AA: 94 FB 97 0A 00 11 75
0015A0AA: 94 FA 97 0A 00 11 B8
0015A0AA: 94 F9 97 0A 00 11 F6
0015A0AA: 94 F8 97 0A 00 11 3B
0015A23A: 94 F7 97 0A 00 11 54
0015A23A: 94 F6 97 0A 00 11 99
0015A23A: 94 F5 97 0A 00 11 D7
0015A23A: 94 F4 97 0A 00 11 1A
0015A3CA: 94 F3 97 0A 00 11 4B
0015A3CA: 94 F2 97 0A 00 11 86
0015A3CA: 94 F1 97 0A 00 11 C8
0015A3CA: 94 20 97 0A 00 11 5B
0015AAD6: 9C 44 1B 09 00 10 15 88 95 F4 07 00 11 01 B3
0015AB5B: 9C 44 1A 09 00 10 15 88 95 F4 07 00 11 01 DB
0015AC17: 9C 44 19 09 00 10 15 88 95 F4 07 00 11 01 63
0015AC17: 9C 44 18 09 00 10 15 88 95 F4 07 00 11 01 0B
0015ADC4: 9C 44 17 09 00 10 15 88 95 F4 07 00 11 01 61
0015ADC4: 9C 44 16 09 00 10 15 88 95 F4 07 00 11 01 09
0015ADC4: 9C 44 15 09 00 10 15 88 95 F4 07 00 11 01 B1
0015ADC4: 9C 44 14 09 00 10 15 88 95 F4 07 00 11 01 D9
0015B0DF: 9C 44 13 09 00 10 15 88 95 F4 07 00 11 01 D8
0015B0DF: 9C 44 12 09 00 10 15 88 95 F4 07 00 11 01 B0
0015B0DF: 9C 44 11 09 00 10 15 88 95 F4 07 00 11 01 08
0015B0DF: 9C 44 10 09 00 10 15 88 95 F4 07 00 11 01 60
0015B488: 9B FC 09 00 10 15 88 95 F4 07 00 11 01 C9
0015B488: 9B FB 09 00 10 15 88 95 F4 07 00 11 01 C8
0015B488: 9B FA 09 00 10 15 88 95 F4 07 00 11 01 A0
0015B488: 9B F9 09 00 10 15 88 95 F4 07 00 11 01 18
0015B817: 9B F3 09 00 10 15 88 95 F4 07 00 11 01 A3
0015B817: 9B F2 09 00 10 15 88 95 F4 07 00 11 01 CB
0015B817: 9B F1 09 00 10 15 88 95 F4 07 00 11 01 73
0015B817: 9B 20 09 00 10 15 88 95 F4 07 00 11 01 58
0015BB5F: 55 AA 09 04 01 01 15 01 00 16 2D 68
0015BF2D: 55 AA 09 04 01 01 15 01 00 16 2E 69
0015C314: 55 AA 09 04 01 01 15 01 00 16 2F 6A
0015C6FB: 55 AA 09 04 01 01 15 01 00 16 30 6B
0015CAE3: 55 AA 09 04 01 01 15 01 00 16 31 6C
0015CECB: 55 AA 09 04 01 01 15 01 00 16 32 6D
0015D2B3: 55 AA 09 04 01 01 15 01 00 16 33 6E
0015D69B: 55 AA 09 04 01 01 15 01 00 16 34 6F
0015DB44: 9B FD 24 48 11 D0 3D 01 66 6E FC 48 85 0E
0015DBB6: 9B FC 24 48 11 D0 3D 01 66 6E FC 48 85 66
0015DC67: 9B FB 24 48 11 D0 3D 01 66 6E FC 48 85 67
0015DC67: 9B FA 24 48 11 D0 3D 01 66 6E FC 48 85 0F
0015DDF6: 9B F9 24 48 11 D0 3D 01 66 6E FC 48 85 B7
0015DDF6: 9B F8 24 48 11 D0 3D 01 66 6E FC 48 85 DF
0015DDF6: 9B F7 24 48 11 D0 3D 01 66 6E FC 48 85 B5
0015E032: 9B F6 24 48 11 D0 3D 01 66 6E FC 48 85 DD
0015E032: 9B F5 24 48 11 D0 3D 01 66 6E FC 48 85 65
0015E032: 9B F4 24 48 11 D0 3D 01 66 6E FC 48 85 0D
0015E032: 9B F3 24 48 11 D0 3D 01 66 6E FC 48 85 0C
0015E3DD: 9B 20 24 48 11 D0 3D 01 66 6E FC 48 85 F7
0015E63B: 55 AA 09 04 01 01 15 01 00 16 38 73
0015EC31: 9B FD 24 48 11 D0 3D 01 62 6A FC 48 85 1F
0015ECA7: 9B FC 24 48 11 D0 3D 01 62 6A FC 48 85 77
0015ED56: 9B FB 24 48 11 D0 3D 01 62 6A FC 48 85 76
0015ED56: 9B FA 24 48 11 D0 3D 01 62 6A FC 48 85 1E
0015EEE7: 9B F9 24 48 11 D0 3D 01 62 6A FC 48 85 A6
0015EEE7: 9B F8 24 48 11 D0 3D 01 62 6A FC 48 85 CE
0015EEE7: 9B F7 24 48 11 D0 3D 01 62 6A FC 48 85 A4
0015F11E: 9B F6 24 48 11 D0 3D 01 62 6A FC 48 85 CC
0015F11E: 9B F5 24 48 11 D0 3D 01 62 6A FC 48 85 74
0015F11E: 9B F4 24 48 11 D0 3D 01 62 6A FC 48 85 1C
0015F11E: 9B F3 24 48 11 D0 3D 01 62 6A FC 48 85 1D
0015F4EA: 9B 20 24 48 11 D0 3D 01 62 6A FC 48 85 E6
0015F4EA: 55 AA 09 04 01 01 15 01 00 16 3B 76
0015F65D: 55 AA 09 04 01 01 15 01 00 17 00 3C
0015FDA4: 9D FD 24 48 11 D0 3D 01 0E 0D 0E 8D FC 48 85 16
0015FE21: 9D FC 24 48 11 D0 3D 01 0E 0D 0E 8D FC 48 85 3A
0015FF02: 9D FB 24 48 11 D0 3D 01 0E 0D 0E 8D FC 48 85 FE
0015FF02: 9D FA 24 48 11 D0 3D 01 0E 0D 0E 8D FC 48 85 D2
001600C2: 9D F9 24 48 11 D0 3D 01 0E 0D 0E 8D FC 48 85 A6
001600C2: 9D F8 24 48 11 D0 3D 01 0E 0D 0E 8D FC 48 85 8A
001600C2: 9D F7 24 48 11 D0 3D 01 0E 0D 0E 8D FC 48 85 37
001600C2: 9D F6 24 48 11 D0 3D 01 0E 0D 0E 8D FC 48 85 1B
00160419: 9D F5 24 48 11 D0 3D 01 0E 0D 0E 8D FC 48 85 6F
00160419: 9D F4 24 48 11 D0 3D 01 0E 0D 0E 8D FC 48 85 43
00160419: 9D F3 24 48 11 D0 3D 01 0E 0D 0E 8D FC 48 85 87
0016075A: 55 AA 09 04 01 01 15 01 00 17 04 40
00160B2E: 9C F1 24 62 F5 64 F5 0E 0D F5 48 85 58 05 FB
00160BB4: 9C 20 24 62 F5 64 F5 0E 0D F5 48 85 58 05 F8
00160D4A: 55 AA 09 04 01 01 15 01 00 17 06 42
00161131: 55 AA 09 04 01 01 15 01 00 17 07 43
001615D9: 96 FD 24 29 03 15 0D 19 37
00161660: 96 FC 24 29 03 15 0D 19 0A
001616DD: 96 FB 24 29 03 15 0D 19 B9
00161727: 96 FA 24 29 03 15 0D 19 84
001617AF: 96 F9 24 29 03 15 0D 19 C3
00161852: 96 F8 24 29 03 15 0D 19 FE
00161852: 96 F7 24 29 03 15 0D 19 BC
0016195C: 96 F6 24 29 03 15 0D 19 81
0016195C: 96 F5 24 29 03 15 0D 19 C6
00161A76: 96 F4 24 29 03 15 0D 19 FB
00161A76: 96 F3 24 29 03 15 0D 19 48
00161A76: 96 F2 24 29 03 15 0D 19 75
00161BFB: 96 F1 24 29 03 15 0D 19 32
00161BFB: 96 20 24 29 03 15 0D 19 A4
00161D0D: 9F FD 24 48 82 D0 0E FF 59 09 02 48 0F 0D D0 3A 20 64
00161D0D: 9F FC 24 48 82 D0 0E FF 59 09 02 48 0F 0D D0 3A 20 E8
00161F01: 9F FB 24 48 82 D0 0E FF 59 09 02 48 0F 0D D0 3A 20 67
00161F01: 9F FA 24 48 82 D0 0E FF 59 09 02 48 0F 0D D0 3A 20 EB
00161F01: 9F F9 24 48 82 D0 0E FF 59 09 02 48 0F 0D D0 3A 20 66
0016226D: 9F F7 24 48 82 D0 0E FF 59 09 02 48 0F 0D D0 3A 20 61
0016226D: 9F F6 24 48 82 D0 0E FF 59 09 02 48 0F 0D D0 3A 20 ED
0016226D: 9F F5 24 48 82 D0 0E FF 59 09 02 48 0F 0D D0 3A 20 60
00162693: 55 AA 09 04 01 01 15 01 00 17 0C 48
001628AC: 55 AA 09 04 01 01 15 01 00 17 0D 49
00162C89: 55 AA 09 04 01 01 15 01 00 17 0E 4A
00163071: 55 AA 09 04 01 01 15 01 00 17 0F 4B
00163459: 55 AA 09 04 01 01 15 01 00 17 10 4C
00163841: 55 AA 09 04 01 01 15 01 00 17 11 4D
00163C2A: 55 AA 09 04 01 01 15 01 00 17 12 4E
001642E5: 92 FD 48 85 25
0016436B: 92 FC 48 85 8E
001643B7: 92 FB 48 85 F4
00164432: 92 FA 48 85 5F
00164480: 92 F9 48 85 BB
001644FB: 92 F8 48 85 10
00164548: 92 F7 48 85 4F
001645C4: 92 F6 48 85 E4
00164614: 92 F5 48 85 00
0016468B: 92 F4 48 85 AB
001646D7: 92 F3 48 85 D1
00164753: 92 F2 48 85 7A
0016479F: 92 F1 48 85 9E
0016481B: 92 20 48 85 2C
00164BCB: 55 AA 09 04 01 01 15 01 00 17 16 52
001650B5: 9A FD 24 0D 66 D1 42 03 20 D0 32 F0 F1
0016513C: 9A FC 24 0D 66 D1 42 03 20 D0 32 F0 24
001651BC: 9A FB 24 0D 66 D1 42 03 20 D0 32 F0 3D
00165291: 9A FA 24 0D 66 D1 42 03 20 D0 32 F0 E8
00165291: 9A F9 24 0D 66 D1 42 03 20 D0 32 F0 8E
00165407: 9A F8 24 0D 66 D1 42 03 20 D0 32 F0 5B
00165407: 9A F7 24 0D 66 D1 42 03 20 D0 32 F0 BC
00165407: 9A F6 24 0D 66 D1 42 03 20 D0 32 F0 69
00165407: 9A F5 24 0D 66 D1 42 03 20 D0 32 F0 0F
001656C1: 9A F4 24 0D 66 D1 42 03 20 D0 32 F0 DA
001656C1: 9A F3 24 0D 66 D1 42 03 20 D0 32 F0 C3
001656C1: 9A F2 24 0D 66 D1 42 03 20 D0 32 F0 16
001656C1: 9A F1 24 0D 66 D1 42 03 20 D0 32 F0 70
00165A07: 55 AA 09 04 01 01 15 01 00 17 19 55
00165B6A: 55 AA 09 04 01 01 15 01 00 17 1A 56
00165F51: 55 AA 09 04 01 01 15 01 00 17 1B 57
0016633C: 55 AA 09 04 01 01 15 01 00 17 1C 58
00166826: 9E FD 24 67 6F 5A 05 08 55 48 8B 58 01 48 0D 0D D1
001668AB: 9E FC 24 67 6F 5A 05 08 55 48 8B 58 01 48 0D 0D 51
0016699B: 9E FB 24 67 6F 5A 05 08 55 48 8B 58 01 48 0D 0D FA
0016699B: 9E FA 24 67 6F 5A 05 08 55 48 8B 58 01 48 0D 0D 7A
00166B80: 9E F9 24 67 6F 5A 05 08 55 48 8B 58 01 48 0D 0D E3
00166B80: 9E F8 24 67 6F 5A 05 08 55 48 8B 58 01 48 0D 0D 63
00166B80: 9E F7 24 67 6F 5A 05 08 55 48 8B 58 01 48 0D 0D AC
00166B80: 9E F6 24 67 6F 5A 05 08 55 48 8B 58 01 48 0D 0D 2C
00166F00: 9E F5 24 67 6F 5A 05 08 55 48 8B 58 01 48 0D 0D B5
00166F00: 9E F4 24 67 6F 5A 05 08 55 48 8B 58 01 48 0D 0D 35
00166F00: 9E F3 24 67 6F 5A 05 08 55 48 8B 58 01 48 0D 0D 9E
00167421: 9E F4 24 67 6F 5A 02 08 55 48 8B 58 01 48 0D 0D 6D
001674A1: 9E F3 24 67 6F 5A 02 08 55 48 8B 58 01 48 0D 0D C6
0016759B: 9E F2 24 67 6F 5A 02 08 55 48 8B 58 01 48 0D 0D 46
0016759B: 9E F1 24 67 6F 5A 02 08 55 48 8B 58 01 48 0D 0D DF
00167774: 9E 20 24 67 6F 5A 02 08 55 48 8B 58 01 48 0D 0D 8A
00167914: 9E F4 24 67 6F 5A 01 08 55 48 8B 58 01 48 0D 0D 26
001679A1: 9E F3 24 67 6F 5A 01 08 55 48 8B 58 01 48 0D 0D 8D
00167A8E: 9E F2 24 67 6F 5A 01 08 55 48 8B 58 01 48 0D 0D 0D
00167A8E: 9E F1 24 67 6F 5A 01 08 55 48 8B 58 01 48 0D 0D 94
00167C79: 9E 20 24 67 6F 5A 01 08 55 48 8B 58 01 48 0D 0D C1
00167C79: 91 FD 24 D1
00167C79: 91 FC 24 15
00167C79: 91 FB 24 7B
00167E05: 91 FA 24 BF
00167E05: 91 F9 24 EA
00167E05: 91 F8 24 2E
00167E05: 91 F7 24 36
00167EFF: 91 F6 24 F2
00167EFF: 91 F5 24 A7
00167F8E: 91 F4 24 63
00167F8E: 91 F3 24 0D
0016802E: 91 F2 24 C9
00168090: 91 F1 24 9C
001680F3: 91 20 24 00
0016827B: 55 AA 09 04 01 01 15 01 00 17 24 60
00168657: 91 96 24 A8
00168A49: 55 AA 09 04 01 01 15 01 00 17 26 62
00168E30: 55 AA 09 04 01 01 15 01 00 17 27 63
00169218: 55 AA 09 04 01 01 15 01 00 17 28 64
001695F7: 91 96 24 A8
001699E9: 55 AA 09 04 01 01 15 01 00 17 2A 66
00169DD1: 55 AA 09 04 01 01 15 01 00 17 2B 67
0016A1B7: 55 AA 09 04 01 01 15 01 00 17 2C 68
0016A597: 91 96 24 A8
0016AC5D: 96 FD 24 29 03 15 0D 19 37
0016ACBB: 96 FC 24 29 03 15 0D 19 0A
0016AD26: 96 FB 24 29 03 15 0D 19 B9
0016AD91: 96 FA 24 29 03 15 0D 19 84
0016AE32: 96 F9 24 29 03 15 0D 19 C3
0016AE32: 96 F8 24 29 03 15 0D 19 FE
0016AF48: 96 F7 24 29 03 15 0D 19 BC
0016AF48: 96 F6 24 29 03 15 0D 19 81
0016B05A: 96 F5 24 29 03 15 0D 19 C6
0016B05A: 96 F4 24 29 03 15 0D 19 FB
0016B05A: 96 F3 24 29 03 15 0D 19 48
0016B1DB: 96 F2 24 29 03 15 0D 19 75
0016B1DB: 96 F1 24 29 03 15 0D 19 32
0016B1DB: 96 20 24 29 03 15 0D 19 A4
0016B42F: 9C FD 24 09 00 11 15 81 95 02 29 02 15 12 D7
0016B4A7: 9C FC 24 09 00 11 15 81 95 02 29 02 15 12 70
0016B570: 9C FB 24 09 00 11 15 81 95 02 29 02 15 12 2E
0016B570: 9C FA 24 09 00 11 15 81 95 02 29 02 15 12 89
0016B71B: 9C F9 24 09 00 11 15 81 95 02 29 02 15 12 79
0016B71B: 9C F8 24 09 00 11 15 81 95 02 29 02 15 12 DE
0016B71B: 9C F7 24 09 00 11 15 81 95 02 29 02 15 12 C5
0016B71B: 9C F6 24 09 00 11 15 81 95 02 29 02 15 12 62
0016BA38: 9C F5 24 09 00 11 15 81 95 02 29 02 15 12 92
0016BA38: 9C F4 24 09 00 11 15 81 95 02 29 02 15 12 35
0016BA38: 9C F3 24 09 00 11 15 81 95 02 29 02 15 12 6B
0016BA38: 9C F2 24 09 00 11 15 81 95 02 29 02 15 12 CC
0016BDAF: 9C 44 12 24 D1 0E FF FF 48 82 D0 0E FF 72 DA
0016BDAF: 9C 44 11 24 D1 0E FF FF 48 82 D0 0E FF 72 62
0016BDAF: 9C 44 10 24 D1 0E FF FF 48 82 D0 0E FF 72 0A
0016BDAF: 9B FF 24 D1 0E FF FF 48 82 D0 0E FF 72 1B
0016BDAF: 9B FA 24 D1 0E FF FF 48 82 D0 0E FF 72 CA
0016C221: 9B F9 24 D1 0E FF FF 48 82 D0 0E FF 72 72
0016C221: 9B F8 24 D1 0E FF FF 48 82 D0 0E FF 72 1A
0016C221: 9B F7 24 D1 0E FF FF 48 82 D0 0E FF 72 70
0016C221: 9B F6 24 D1 0E FF FF 48 82 D0 0E FF 72 18
0016C598: 9F 44 14 09 00 11 15 81 95 02 48 87 D1 0E FF FF 72 97
0016C598: 9F 44 13 09 00 11 15 81 95 02 48 87 D1 0E FF FF 72 3C
0016C78A: 9F 44 12 09 00 11 15 81 95 02 48 87 D1 0E FF FF 72 BC
0016C78A: 9F 44 11 09 00 11 15 81 95 02 48 87 D1 0E FF FF 72 25
0016C78A: 9F 44 10 09 00 11 15 81 95 02 48 87 D1 0E FF FF 72 A5
0016CAD4: 9E FE 09 00 11 15 81 95 02 48 87 D1 0E FF FF 72 3B
0016CAD4: 9E FD 09 00 11 15 81 95 02 48 87 D1 0E FF FF 72 A2
0016CAD4: 9E FC 09 00 11 15 81 95 02 48 87 D1 0E FF FF 72 22
0016CEEA: 9E F6 09 00 11 15 81 95 02 48 87 D1 0E FF FF 72 5F
0016CEEA: 9E F5 09 00 11 15 81 95 02 48 87 D1 0E FF FF 72 C6
0016CEEA: 9E F4 09 00 11 15 81 95 02 48 87 D1 0E FF FF 72 46
0016D22F: 55 AA 09 04 01 01 15 01 00 17 38 74
0016D32A: 96 44 14 97 71 D0 05 FF F3
0016D3AF: 96 44 13 97 71 D0 05 FF 76
0016D43C: 96 44 12 97 71 D0 05 FF 41
0016D4E1: 96 44 11 97 71 D0 05 FF 18
0016D4E1: 96 44 10 97 71 D0 05 FF 2F
0016D5F1: 95 FF 97 71 D0 05 FF E1
0016D5F1: 95 FE 97 71 D0 05 FF D6
0016D5F1: 95 FD 97 71 D0 05 FF 8F
0016D74F: 95 FC 97 71 D0 05 FF B8
0016D74F: 95 FB 97 71 D0 05 FF 3D
0016D74F: 95 FA 97 71 D0 05 FF 0A
0016D8AD: 95 F9 97 71 D0 05 FF 53
0016D8AD: 95 F8 97 71 D0 05 FF 64
0016D8AD: 95 F7 97 71 D0 05 FF 40
0016D8AD: 95 F6 97 71 D0 05 FF 77
0016DA70: 95 F5 97 71 D0 05 FF 2E
0016DA70: 95 F4 97 71 D0 05 FF 19
0016DA70: 95 F3 97 71 D0 05 FF 9C
0016DA70: 95 F2 97 71 D0 05 FF AB
0016DC30: 95 F1 97 71 D0 05 FF F2
0016DC30: 95 20 97 71 D0 05 FF 01
0016DD2E: 55 AA 09 04 01 01 15 01 00 17 3B 77
0016DD2E: 55 AA 19 04 01 01 15 01 00 17 3A 86
0016E00E: 55 AA 19 04 01 01 15 01 00 17 3B 87
0016E00E: 55 AA 09 04 01 01 15 01 00 18 00 3D
0016E3F9: 55 AA 19 04 01 01 15 01 00 18 00 4D
0016E7E8: 55 AA 19 04 01 01 15 01 00 18 01 4E
0016EBCE: 55 AA 19 04 01 01 15 01 00 18 02 4F
0016EFAE: 55 AA 19 04 01 01 15 01 00 18 03 50
0016F3B5: 55 AA 19 04 01 01 15 01 00 18 04 51
0016F783: 55 AA 19 04 01 01 15 01 00 18 05 52
0016FB8C: 55 AA 19 04 01 01 15 01 00 18 06 53
0016FF4E: 55 AA 19 04 01 01 15 01 00 18 07 54
00170338: 55 AA 19 04 01 01 15 01 00 18 08 55
00170723: 55 AA 19 04 01 01 15 01 00 18 09 56
00170B2D: 55 AA 19 04 01 01 15 01 00 18 0A 57
00170EEE: 55 AA 19 04 01 01 15 01 00 18 0B 58
001712D8: 55 AA 19 04 01 01 15 01 00 18 0C 59
001716C3: 55 AA 19 04 01 01 15 01 00 18 0D 5A
00171AAD: 55 AA 19 04 01 01 15 01 00 18 0E 5B
00171E8D: 55 AA 19 04 01 01 15 01 00 18 0F 5C
00172278: 55 AA 19 04 01 01 15 01 00 18 10 5D
00172662: 55 AA 19 04 01 01 15 01 00 18 11 5E
00172A4D: 55 AA 19 04 01 01 15 01 00 18 12 5F
00172E2D: 55 AA 19 04 01 01 15 01 00 18 13 60
00173218: 55 AA 19 04 01 01 15 01 00 18 14 61
00173602: 55 AA 19 04 01 01 15 01 00 18 15 62
001739ED: 55 AA 19 04 01 01 15 01 00 18 16 63
00173DCD: 55 AA 19 04 01 01 15 01 00 18 17 64
001741B7: 55 AA 19 04 01 01 15 01 00 18 18 65
001745A2: 55 AA 19 04 01 01 15 01 00 18 19 66
0017498C: 55 AA 19 04 01 01 15 01 00 18 1A 67
00174D6D: 55 AA 19 04 01 01 15 01 00 18 1B 68
00175157: 55 AA 19 04 01 01 15 01 00 18 1C 69
00175542: 55 AA 19 04 01 01 15 01 00 18 1D 6A
0017592C: 55 AA 19 04 01 01 15 01 00 18 1E 6B
00175D0C: 55 AA 19 04 01 01 15 01 00 18 1F 6C
001760F7: 55 AA 19 04 01 01 15 01 00 18 20 6D
001764E1: 55 AA 19 04 01 01 15 01 00 18 21 6E
001768CC: 55 AA 19 04 01 01 15 01 00 18 22 6F
00176CAC: 55 AA 19 04 01 01 15 01 00 18 23 70
00177098: 55 AA 19 04 01 01 15 01 00 18 24 71
00177481: 55 AA 19 04 01 01 15 01 00 18 25 72
0017786C: 55 AA 19 04 01 01 15 01 00 18 26 73
00177C4C: 55 AA 19 04 01 01 15 01 00 18 27 74
00178036: 55 AA 19 04 01 01 15 01 00 18 28 75
00178421: 55 AA 19 04 01 01 15 01 00 18 29 76
0017880B: 55 AA 19 04 01 01 15 01 00 18 2A 77
00178BEC: 55 AA 19 04 01 01 15 01 00 18 2B 78
00178FD5: 55 AA 19 04 01 01 15 01 00 18 2C 79
001793C1: 55 AA 19 04 01 01 15 01 00 18 2D 7A
001797AB: 55 AA 19 04 01 01 15 01 00 18 2E 7B
00179B8B: 55 AA 19 04 01 01 15 01 00 18 2F 7C
00179F76: 55 AA 19 04 01 01 15 01 00 18 30 7D
0017A360: 55 AA 19 04 01 01 15 01 00 18 31 7E
0017A74B: 55 AA 19 04 01 01 15 01 00 18 32 7F
0017AB2B: 55 AA 19 04 01 01 15 01 00 18 33 80
0017AF16: 55 AA 19 04 01 01 15 01 00 18 34 81
0017B300: 55 AA 19 04 01 01 15 01 00 18 35 82
0017B6EB: 55 AA 19 04 01 01 15 01 00 18 36 83
0017BACB: 55 AA 19 04 01 01 15 01 00 18 37 84
0017BEB5: 55 AA 19 04 01 01 15 01 00 18 38 85
0017C2B0: 55 AA 19 04 01 01 15 01 00 18 39 86
0017C68A: 55 AA 19 04 01 01 15 01 00 18 3A 87
0017CA6B: 55 AA 19 04 01 01 15 01 00 18 3B 88
0017CE55: 55 AA 19 04 01 01 15 01 00 19 00 4E
0017D240: 55 AA 19 04 01 01 15 01 00 19 01 4F
0017D62A: 55 AA 19 04 01 01 15 01 00 19 02 50
0017DA0A: 55 AA 19 04 01 01 15 01 00 19 03 51
0017DDF5: 55 AA 19 04 01 01 15 01 00 19 04 52
0017E1DF: 55 AA 19 04 01 01 15 01 00 19 05 53
0017E5CA: 55 AA 19 04 01 01 15 01 00 19 06 54
0017E9AA: 55 AA 19 04 01 01 15 01 00 19 07 55
0017ED95: 55 AA 19 04 01 01 15 01 00 19 08 56
0017F17F: 55 AA 19 04 01 01 15 01 00 19 09 57
0017F56A: 55 AA 19 04 01 01 15 01 00 19 0A 58
0017F94A: 55 AA 19 04 01 01 15 01 00 19 0B 59
0017FD34: 55 AA 19 04 01 01 15 01 00 19 0C 5A
0018011F: 55 AA 19 04 01 01 15 01 00 19 0D 5B
00180509: 55 AA 19 04 01 01 15 01 00 19 0E 5C
001808EA: 55 AA 19 04 01 01 15 01 00 19 0F 5D
00180CD4: 55 AA 19 04 01 01 15 01 00 19 10 5E
001810BF: 55 AA 19 04 01 01 15 01 00 19 11 5F
001814A9: 55 AA 19 04 01 01 15 01 00 19 12 60
00181889: 55 AA 19 04 01 01 15 01 00 19 13 61
00181C74: 55 AA 19 04 01 01 15 01 00 19 14 62
0018205E: 55 AA 19 04 01 01 15 01 00 19 15 63
00182449: 55 AA 19 04 01 01 15 01 00 19 16 64
00182829: 55 AA 19 04 01 01 15 01 00 19 17 65
00182C14: 55 AA 19 04 01 01 15 01 00 19 18 66
00182FFE: 55 AA 19 04 01 01 15 01 00 19 19 67
001833E9: 55 AA 19 04 01 01 15 01 00 19 1A 68
001837C9: 55 AA 19 04 01 01 15 01 00 19 1B 69
00183BB3: 55 AA 19 04 01 01 15 01 00 19 1C 6A
00183F9E: 55 AA 19 04 01 01 15 01 00 19 1D 6B
00184388: 55 AA 19 04 01 01 15 01 00 19 1E 6C
00184769: 55 AA 19 04 01 01 15 01 00 19 1F 6D
00184B53: 55 AA 19 04 01 01 15 01 00 19 20 6E
00184F3E: 55 AA 19 04 01 01 15 01 00 19 21 6F
00185328: 55 AA 19 04 01 01 15 01 00 19 22 70
00185708: 55 AA 19 04 01 01 15 01 00 19 23 71
00185AF3: 55 AA 19 04 01 01 15 01 00 19 24 72
00185EDD: 55 AA 19 04 01 01 15 01 00 19 25 73
001862C8: 55 AA 19 04 01 01 15 01 00 19 26 74
001866A8: 55 AA 19 04 01 01 15 01 00 19 27 75
00186A93: 55 AA 19 04 01 01 15 01 00 19 28 76
00186E7D: 55 AA 19 04 01 01 15 01 00 19 29 77
00187268: 55 AA 19 04 01 01 15 01 00 19 2A 78
00187648: 55 AA 19 04 01 01 15 01 00 19 2B 79
00187A32: 55 AA 19 04 01 01 15 01 00 19 2C 7A
00187E1D: 55 AA 19 04 01 01 15 01 00 19 2D 7B
00188207: 55 AA 19 04 01 01 15 01 00 19 2E 7C
001885E8: 55 AA 19 04 01 01 15 01 00 19 2F 7D
001889D2: 55 AA 19 04 01 01 15 01 00 19 30 7E
00188DBD: 55 AA 19 04 01 01 15 01 00 19 31 7F
001891AD: 55 AA 19 04 01 01 15 01 00 19 32 80
00189587: 55 AA 19 04 01 01 15 01 00 19 33 81
00189972: 55 AA 19 04 01 01 15 01 00 19 34 82
00189D5C: 55 AA 19 04 01 01 15 01 00 19 35 83
0018A147: 55 AA 19 04 01 01 15 01 00 19 36 84
0018A527: 55 AA 19 04 01 01 15 01 00 19 37 85
0018A912: 55 AA 19 04 01 01 15 01 00 19 38 86
0018ACFC: 55 AA 19 04 01 01 15 01 00 19 39 87
0018B0E7: 55 AA 19 04 01 01 15 01 00 19 3A 88
0018B4C7: 55 AA 19 04 01 01 15 01 00 19 3B 89
0018B8B1: 55 AA 19 04 01 01 15 01 00 1A 00 4F
0018BC9C: 55 AA 19 04 01 01 15 01 00 1A 01 50
0018C086: 55 AA 19 04 01 01 15 01 00 1A 02 51
0018C467: 55 AA 19 04 01 01 15 01 00 1A 03 52
0018C851: 55 AA 19 04 01 01 15 01 00 1A 04 53
0018CC3C: 55 AA 19 04 01 01 15 01 00 1A 05 54
0018D026: 55 AA 19 04 01 01 15 01 00 1A 06 55
0018D406: 55 AA 19 04 01 01 15 01 00 1A 07 56
0018D7F1: 55 AA 19 04 01 01 15 01 00 1A 08 57
0018DBDB: 55 AA 19 04 01 01 15 01 00 1A 09 58
0018DFC6: 55 AA 19 04 01 01 15 01 00 1A 0A 59
0018E3A6: 55 AA 19 04 01 01 15 01 00 1A 0B 5A
0018E791: 55 AA 19 04 01 01 15 01 00 1A 0C 5B
0018EB7B: 55 AA 19 04 01 01 15 01 00 1A 0D 5C
0018EF66: 55 AA 19 04 01 01 15 01 00 1A 0E 5D
0018F346: 55 AA 19 04 01 01 15 01 00 1A 0F 5E
0018F730: 55 AA 19 04 01 01 15 01 00 1A 10 5F
0018FB1B: 55 AA 19 04 01 01 15 01 00 1A 11 60
0018FF05: 55 AA 19 04 01 01 15 01 00 1A 12 61
001902E6: 55 AA 19 04 01 01 15 01 00 1A 13 62
001906D0: 55 AA 19 04 01 01 15 01 00 1A 14 63
00190ABC: 55 AA 19 04 01 01 15 01 00 1A 15 64
00190B27: 55 AA 19 04 01 01 15 01 00 1A 15 64
00190EA5: 55 AA 19 04 01 01 15 01 00 1A 16 65
00191285: 55 AA 19 04 01 01 15 01 00 1A 17 66
00191670: 55 AA 19 04 01 01 15 01 00 1A 18 67
00191A5A: 55 AA 19 04 01 01 15 01 00 1A 19 68
00191E45: 55 AA 19 04 01 01 15 01 00 1A 1A 69
00192225: 55 AA 19 04 01 01 15 01 00 1A 1B 6A
00192610: 55 AA 19 04 01 01 15 01 00 1A 1C 6B
001929FA: 55 AA 19 04 01 01 15 01 00 1A 1D 6C
00192DE5: 55 AA 19 04 01 01 15 01 00 1A 1E 6D
001931C5: 55 AA 19 04 01 01 15 01 00 1A 1F 6E
001935AF: 55 AA 19 04 01 01 15 01 00 1A 20 6F
0019399A: 55 AA 19 04 01 01 15 01 00 1A 21 70
00193D84: 55 AA 19 04 01 01 15 01 00 1A 22 71
00194165: 55 AA 19 04 01 01 15 01 00 1A 23 72
0019454F: 55 AA 19 04 01 01 15 01 00 1A 24 73
0019493A: 55 AA 19 04 01 01 15 01 00 1A 25 74
00194D24: 55 AA 19 04 01 01 15 01 00 1A 26 75
00195104: 55 AA 19 04 01 01 15 01 00 1A 27 76
001954EF: 55 AA 19 04 01 01 15 01 00 1A 28 77
001958D9: 55 AA 19 04 01 01 15 01 00 1A 29 78
00195CC4: 55 AA 19 04 01 01 15 01 00 1A 2A 79
001960A4: 55 AA 19 04 01 01 15 01 00 1A 2B 7A
0019648E: 55 AA 19 04 01 01 15 01 00 1A 2C 7B
00196879: 55 AA 19 04 01 01 15 01 00 1A 2D 7C
00196C63: 55 AA 19 04 01 01 15 01 00 1A 2E 7D
00197045: 55 AA 19 04 01 01 15 01 00 1A 2F 7E
0019742E: 55 AA 19 04 01 01 15 01 00 1A 30 7F
00197819: 55 AA 19 04 01 01 15 01 00 1A 31 80
00197C03: 55 AA 19 04 01 01 15 01 00 1A 32 81
00197FE3: 55 AA 19 04 01 01 15 01 00 1A 33 82
001983CE: 55 AA 19 04 01 01 15 01 00 1A 34 83
001987B8: 55 AA 19 04 01 01 15 01 00 1A 35 84
00198BA3: 55 AA 19 04 01 01 15 01 00 1A 36 85
00198F83: 55 AA 19 04 01 01 15 01 00 1A 37 86
0019936E: 55 AA 19 04 01 01 15 01 00 1A 38 87
00199759: 55 AA 19 04 01 01 15 01 00 1A 39 88
00199B43: 55 AA 19 04 01 01 15 01 00 1A 3A 89
00199F23: 55 AA 19 04 01 01 15 01 00 1A 3B 8A
0019A30D: 55 AA 19 04 01 01 15 01 00 1B 00 50
